-- phpMyAdmin SQL Dump
-- version 3.4.10.1deb1
-- http://www.phpmyadmin.net
--
-- Servidor: localhost
-- Tiempo de generación: 17-04-2014 a las 21:34:28
-- Versión del servidor: 5.5.35
-- Versión de PHP: 5.3.10-1ubuntu3.10

SET SQL_MODE="NO_AUTO_VALUE_ON_ZERO";
SET time_zone = "+00:00";


/*!40101 SET @OLD_CHARACTER_SET_CLIENT=@@CHARACTER_SET_CLIENT */;
/*!40101 SET @OLD_CHARACTER_SET_RESULTS=@@CHARACTER_SET_RESULTS */;
/*!40101 SET @OLD_COLLATION_CONNECTION=@@COLLATION_CONNECTION */;
/*!40101 SET NAMES utf8 */;

--
-- Base de datos: `ehcontrol`
--

DELIMITER $$
--
-- Procedimientos
--
DROP PROCEDURE IF EXISTS `addcommandprogram`$$
CREATE DEFINER=`alex`@`localhost` PROCEDURE `addcommandprogram`( IN u VARCHAR(50), IN c VARCHAR(50), IN idpa INTEGER, IN n INTEGER)
    COMMENT 'add an acction to a command.'
begin

	DECLARE num INTEGER DEFAULT 0;
	DECLARE ida, idu, idh, idc INTEGER DEFAULT NULL;
	DECLARE err INTEGER DEFAULT 0;

end_proc:begin
	IF (u IS NULL OR c IS NULL OR idpa IS NULL OR n IS NULL ) THEN 
		SET err = 61;
		LEAVE end_proc;
	END IF;

	SELECT COUNT(*), USERS.IDUSER INTO num, idu
	FROM PROGRAMACTIONS, USERS
	WHERE IDPROGRAM = idpa AND PROGRAMACTIONS.IDUSER = USERS.IDUSER AND USERNAME = u;
	
	CASE num 
	WHEN 1 THEN
	
		SELECT COUNT(*), IDCOMMAND INTO num, idc
		FROM COMMANDS
		WHERE COMMANDNAME = c AND IDUSER = idu;
		
		CASE num
		WHEN 1 THEN
			SELECT COUNT(*) INTO num
			FROM COMMAND_PROGRAM
			WHERE IDCOMMAND = idc AND POS = n;
			
			CASE num
			WHEN 0 THEN
				IF (n > 0) THEN 
					INSERT INTO COMMAND_PROGRAM (IDCOMMAND, IDPROGRAM, POS) VALUE (idc, idpa, n);
					SET err = 56;
				ELSE
					SET err = 57;
				END IF;
			ELSE
				SET err = 55;
			END CASE;
		ELSE
			SET err = 60;
		END CASE;
	WHEN 0 THEN
		SET err = 33;
	ELSE
		SET err = 4;
	END CASE;
	
	SELECT IDHOUSE INTO idh
	FROM loginVIEW
	WHERE IDACTION = ida AND USERNAME = u;
end;
	
	INSERT INTO HISTORYACCESS
						(IDHISTORY, IDUSER, IDHOUSE, ERROR, FUNCT, DATESTAMP        )
				VALUES  (     NULL,  idu,    idh,  IF(err = 56, 0, err),  28, CURRENT_TIMESTAMP);
				
	SELECT IF(ERRORCODE = 56, 0, ERRORCODE) AS ERROR, ENGLISH, SPANISH
	FROM ERRORS
	WHERE ERRORCODE = err;

end$$

DROP PROCEDURE IF EXISTS `addtaskprogram`$$
CREATE DEFINER=`alex`@`localhost` PROCEDURE `addtaskprogram`( IN u VARCHAR(50), IN t VARCHAR(50),IN idpa INTEGER)
    COMMENT 'add an acction to a task.'
begin
	DECLARE num INTEGER DEFAULT 0;
	DECLARE ida, idu, idh, idta INTEGER DEFAULT NULL;
	DECLARE err INTEGER DEFAULT 0;

end_proc:begin
	IF (u IS NULL OR t IS NULL OR idpa IS NULL ) THEN 
		SET err = 61;
		LEAVE end_proc;
	END IF;

	SELECT COUNT(*), IDACTION, USERS.IDUSER INTO num, ida, idu
	FROM PROGRAMACTIONS, USERS
	WHERE IDPROGRAM = idpa AND PROGRAMACTIONS.IDUSER = USERS.IDUSER AND USERNAME = u;
	
	CASE num 
	WHEN 1 THEN
	
		SELECT COUNT(*), IDTASK  INTO num, idta
		FROM TASKS
		WHERE TASKNAME = t AND IDUSER = idu;
		
		CASE num
		WHEN 1 THEN
			SELECT COUNT(*) INTO num
			FROM TASKPROGRAM
			WHERE IDTASK = idta AND IDPROGRAM = idpa;
			
			CASE num
			WHEN 0 THEN
				INSERT INTO TASKPROGRAM (IDTASK, IDPROGRAM) VALUE (idta, idpa);
				SET err = 34;
			ELSE
				SET err = 37;
			END CASE;
		ELSE
			SET err = 32;
		END CASE;
	WHEN 0 THEN
		SET err = 33;
	ELSE
		SET err = 4;
	END CASE;
	
	SELECT IDHOUSE INTO idh
	FROM loginVIEW 
	WHERE IDACTION = ida AND IDUSER = idu;
end;
	INSERT INTO HISTORYACCESS
						(IDHISTORY, IDUSER, IDHOUSE, ERROR, FUNCT, DATESTAMP        )
				VALUES  (     NULL,  idu,    idh,  IF(err = 34, 0, err),  21, CURRENT_TIMESTAMP);
				
	SELECT IF(ERRORCODE = 34, 0, ERRORCODE) AS ERROR, ENGLISH, SPANISH
	FROM ERRORS
	WHERE ERRORCODE = err;

end$$

DROP PROCEDURE IF EXISTS `createaccesshouse`$$
CREATE DEFINER=`alex`@`localhost` PROCEDURE `createaccesshouse`( IN u VARCHAR(50), IN h VARCHAR(50), IN u2 VARCHAR(50), IN n INTEGER)
    COMMENT 'An admistrator grant access somobody to a house.'
begin

	DECLARE num,acc INTEGER DEFAULT 0;
	DECLARE idu, idh INTEGER DEFAULT NULL;
	DECLARE err INTEGER DEFAULT 0;

end_proc:begin
	IF (u IS NULL OR h IS NULL OR u2 IS NULL OR n IS NULL ) THEN 
		SET err = 61;
		LEAVE end_proc;
	END IF;

	SELECT COUNT(*), IFNULL(ACCESSNUMBER, 0), IDUSER, IDHOUSE INTO num, acc, idu, idh
	FROM loginVIEW
	WHERE USERNAME = u AND HOUSENAME = h;
			
	CASE num 
	WHEN 1 THEN 
		CASE acc
		WHEN 1 THEN 
			SELECT COUNT(*), IDUSER INTO num, idu 
			FROM USERS
			WHERE USERNAME = u2;

			IF (num <> 0) THEN 
				DELETE FROM ACCESSHOUSE WHERE IDUSER=idu AND IDHOUSE = idh;
				INSERT INTO ACCESSHOUSE (IDUSER, IDHOUSE, ACCESSNUMBER, DATEBEGIN) VALUES
										(idu,    idh, n, CURRENT_TIMESTAMP);
				SET err = 40;
			ELSE
				SET err = 3;
			END IF;
		WHEN 0 THEN
			SET err = 11;
		ELSE
			SET err = 39;
		END CASE;
	WHEN 0 THEN
		SET err = 11;
	ELSE
		SET err = 4;
	END CASE;
end;

	INSERT INTO HISTORYACCESS
						(IDHISTORY, IDUSER, IDHOUSE, ERROR, FUNCT, DATESTAMP        )
				VALUES  (     NULL,    idu,   idh,  IF(err = 40, 0, err),  24, CURRENT_TIMESTAMP);
				
	SELECT IF(ERRORCODE = 40, 0, ERRORCODE) AS ERROR, ENGLISH, SPANISH
	FROM ERRORS
	WHERE ERRORCODE = err;
end$$

DROP PROCEDURE IF EXISTS `createcommand`$$
CREATE DEFINER=`alex`@`localhost` PROCEDURE `createcommand`( IN u VARCHAR(50), IN c VARCHAR(50))
    COMMENT 'Create a new command (conjunto de mandatos)'
begin

	DECLARE num INTEGER DEFAULT 0;
	DECLARE idu INTEGER DEFAULT NULL;
	DECLARE err INTEGER DEFAULT 0;

end_proc:begin
	IF (u IS NULL OR c IS NULL ) THEN 
		SET err = 61;
		LEAVE end_proc;
	END IF;

    SELECT COUNT(*), IDUSER INTO num, idu
	FROM USERS
	WHERE USERNAME = u;
			
	CASE num 
	WHEN 1 THEN 
		SELECT COUNT(*) INTO num
		FROM COMMANDS
		WHERE COMMANDNAME = c AND IDUSER = idu;

		CASE num
		WHEN 0 THEN
			INSERT INTO COMMANDS (IDCOMMAND, COMMANDNAME, IDUSER) VALUES
								(NULL, c, idu);
			SET err = 52; 
		ELSE
			SET err = 51;
		END CASE;
	WHEN 0 THEN
		SET err = 3;
	ELSE
		SET err = 4;
	END CASE;
end;

	INSERT INTO HISTORYACCESS
						(IDHISTORY, IDUSER, IDHOUSE, ERROR, FUNCT, DATESTAMP        )
				VALUES  (     NULL,  idu,    NULL,  IF(err = 52, 0, err),  26, CURRENT_TIMESTAMP);
				
	SELECT IF(ERRORCODE = 52, 0, ERRORCODE) AS ERROR, ENGLISH, SPANISH
	FROM ERRORS
	WHERE ERRORCODE = err;
end$$

DROP PROCEDURE IF EXISTS `createdevice`$$
CREATE DEFINER=`alex`@`localhost` PROCEDURE `createdevice`( IN u VARCHAR(50), IN ip VARCHAR(500), IN s VARCHAR(50), IN d VARCHAR(50))
    COMMENT 'Create a new device.'
begin

	DECLARE num, v INTEGER DEFAULT 0;
	DECLARE idu, idd, idh, i INTEGER DEFAULT NULL;
	DECLARE err, done, ids INTEGER DEFAULT 0;
	DECLARE ser, st, en, sp VARCHAR(50);
	DECLARE a, fc VARCHAR(50);

	DECLARE cur CURSOR FOR SELECT  IDSERVICE, `SERVICENAME`, `SERVICEINTERFACE`, `STATUS`, `ENGLISH`, `SPANISH`
						FROM SERVICES
						WHERE IDDEVICE = idd; 

	DECLARE cur2 CURSOR FOR SELECT  ACTIONNAME, `FCODE`
						FROM ACTIONS
						WHERE IDSERVICE= ids; 
	DECLARE CONTINUE HANDLER FOR SQLSTATE '02000' SET done = 1;

end_proc:begin
	IF (u IS NULL OR d IS NULL ) THEN 
		SET err = 61;
		LEAVE end_proc;
	END IF;

	SELECT COUNT(*), IDUSER INTO num, idu
	FROM USERS
	WHERE USERNAME = u;
			
	CASE num 
	WHEN 1 THEN 
			SELECT COUNT(*), IDDEVICE INTO num, idd
			FROM DEVICES
			WHERE SERIAL = s AND IPADDRESS = ip;
				
			CASE num
			WHEN 0 THEN 
				SELECT COUNT(*), IDDEVICE, ENGLISH, SPANISH, VERSION INTO num, idd, en, sp, v
				FROM DEVICES
				WHERE DEVICENAME = d AND IDUSER IS NULL AND IPADDRESS IS NULL AND SERIAL IS NULL
				HAVING MAX(VERSION);
				
				CASE num 
				WHEN 1 THEN
					INSERT INTO DEVICES (IDDEVICE, IDUSER, IPADDRESS, SERIAL, DEVICENAME, ENGLISH, SPANISH, `DATE`, VERSION) VALUES
										(NULL,   idu,    ip,    s,   d,   en, sp,   CURRENT_TIMESTAMP,   v);
					
					OPEN cur;

					SELECT IDDEVICE INTO idd
					FROM DEVICES
					WHERE SERIAL = s AND IPADDRESS = ip;

					LOOP1:LOOP
						FETCH cur INTO ids, ser, i, st, en, sp; 
						IF done THEN 
							CLOSE cur;
							LEAVE LOOP1;

						END IF; 

						INSERT INTO SERVICES(IDSERVICE, IDROOM, IDDEVICE, SERVICENAME, SERVICEINTERFACE, STATUS, ENGLISH, SPANISH) 
									VALUES (NULL, NULL, idd, ser, i, st, en, sp); 
						OPEN cur2; 

						SELECT IDSERVICE INTO ids 
						FROM SERVICES 
						WHERE IDDEVICE = idd AND SERVICENAME =ser;

						LOOP2:LOOP
							FETCH cur2 INTO a, fc;
							IF done THEN
								SET done = 0;
								CLOSE cur2;
								LEAVE LOOP2;
							END IF;

							INSERT INTO ACTIONS(`IDACTION`, `IDSERVICE`, `ACTIONNAME`, `ENGLISH`, `SPANISH`, `FCODE`)
										VALUES (NULL, ids, a, NULL,NULL, fc);
						END LOOP LOOP2;
					END LOOP LOOP1;

					SET err = 49;
				ELSE
					SET err = 48;
				END CASE;
			ELSE
				SET err = 47;
			END CASE;
	WHEN 0 THEN
		SET err = 3;
	ELSE
		SET err = 4;
	END CASE;
end;

	INSERT INTO HISTORYACCESS
						(IDHISTORY, IDUSER, IDHOUSE, ERROR, FUNCT, DATESTAMP        )
				VALUES  (     NULL,    idu,   idh,  IF(err = 49, 0, err),  25, CURRENT_TIMESTAMP);
				
	SELECT IF(ERRORCODE = 49, 0, ERRORCODE) AS ERROR, ENGLISH, SPANISH
	FROM ERRORS
	WHERE ERRORCODE = err;
end$$

DROP PROCEDURE IF EXISTS `createhouse`$$
CREATE DEFINER=`alex`@`localhost` PROCEDURE `createhouse`( IN u VARCHAR(50), IN h VARCHAR(50), IN c VARCHAR(50), IN ctry VARCHAR(50))
    COMMENT 'Create a new house if not exist.'
begin

	DECLARE num INTEGER DEFAULT 0;
	DECLARE idu, idh INTEGER DEFAULT NULL;
	DECLARE err INTEGER DEFAULT 0;

end_proc:begin
	IF (u IS NULL OR h IS NULL OR c IS NULL OR ctry IS NULL ) THEN 
		SET err = 61;
		LEAVE end_proc;
	END IF;

	SELECT COUNT(*), IDUSER INTO num, idu
	FROM USERS
	WHERE USERNAME = u;
			
	CASE num 
	WHEN 1 THEN 
			SELECT COUNT(*), IDHOUSE INTO num, idh
			FROM HOUSES
			WHERE HOUSENAME = h;
				
			CASE num
			WHEN 0 THEN 
				INSERT INTO HOUSES  (IDHOUSE, IDUSER, HOUSENAME, IDIMAGE, CITY, COUNTRY, GPS, DATEBEGIN) VALUES
									(null, idu, h,NULL, c, ctry ,NULL,CURRENT_TIMESTAMP);
				SELECT IDHOUSE INTO idh
				FROM HOUSES
				WHERE HOUSENAME = h;
				
				INSERT INTO ACCESSHOUSE (IDUSER, IDHOUSE, ACCESSNUMBER, DATEBEGIN) VALUES
										(idu,    idh, 1, CURRENT_TIMESTAMP);
				SET err = 17;
			WHEN 1 THEN
				SET err = 22;
			ELSE
				SET err = 4;
			END CASE;
	WHEN 0 THEN
		SET err = 3;
	ELSE
		SET err = 4;
	END CASE;
end;
	
	INSERT INTO HISTORYACCESS
						(IDHISTORY, IDUSER, IDHOUSE, ERROR, FUNCT, DATESTAMP        )
				VALUES  (     NULL,    idu,   idh,  IF(err = 17, 0, err),  7, CURRENT_TIMESTAMP);
				
	SELECT IF(ERRORCODE = 17, 0, ERRORCODE) AS ERROR, ENGLISH, SPANISH
	FROM ERRORS
	WHERE ERRORCODE = err;
end$$

DROP PROCEDURE IF EXISTS `createprogramaction`$$
CREATE DEFINER=`alex`@`localhost` PROCEDURE `createprogramaction`( IN u VARCHAR(50), IN h VARCHAR(50),IN r VARCHAR(50),IN s VARCHAR(50), IN a VARCHAR(50),IN dat VARCHAR(50), IN t timestamp, IN d timestamp)
    COMMENT 'Program an action to be done.'
begin
	DECLARE num, acc INTEGER DEFAULT 0;
	DECLARE ida, idu, idh, ids INTEGER DEFAULT NULL;
	DECLARE err INTEGER DEFAULT 0;
	
end_proc:begin
	IF (u IS NULL OR h IS NULL OR r IS NULL OR s IS NULL OR a IS NULL ) THEN 
		SET err = 61;
		LEAVE end_proc;
	END IF;

	SELECT COUNT(*), IDACTION, IDSERVICE, IDHOUSE INTO num, ida, ids, idh
	FROM houseRoomServiceActionVIEW
	WHERE HOUSENAME = h AND ROOMNAME = r AND SERVICENAME = s AND ACTIONNAME = a; 
	
	CASE num  
	WHEN 1 THEN  
			SELECT COUNT(*), IDUSER, IFNULL(ACCESSNUMBER, 0) INTO num, idu, acc 
			FROM loginVIEW
			WHERE USERNAME = u AND IDHOUSE = idh ;
			
			CASE num
			WHEN 0 THEN
				SET err = 11; 
			ELSE
				CASE acc
				WHEN 1 THEN
					INSERT INTO `PROGRAMACTIONS` (`IDPROGRAM`, `IDUSER`, `IDACTION`, `DATA`, `STARTTIME`, `DATEBEGIN`)
										 VALUES (NULL, idu, ida, dat, t, d);
					SET err = 27;
				ELSE
					SELECT COUNT(*), IFNULL(PERMISSIONNUMBER, 0) INTO num, acc 
					FROM PERMISSIONS
					WHERE IDUSER = idu AND IDSERVICE= ids ;
					
					CASE acc
					WHEN 1 THEN
						INSERT INTO `PROGRAMACTIONS` (`IDPROGRAM`, `IDUSER`, `IDACTION`, `DATA`, `STARTTIME`, `DATEBEGIN`) 
										VALUES 		 (NULL, idu, ida, dat, t, d);
						SET err = 27;
					ELSE
						SET err = 10;
					END CASE;
				END CASE;
			END CASE;
	WHEN 0 THEN
		SET err = 21;
	ELSE
		SET err = 4;
	END CASE;
end;

	SELECT IDHOUSE INTO  idh
	FROM HOUSES
	WHERE HOUSENAME = h;

	INSERT INTO HISTORYACCESS
						(IDHISTORY, IDUSER, IDHOUSE, ERROR, FUNCT, DATESTAMP        )
				VALUES  (     NULL,  idu,    idh,  IF(err = 27, 0, err),  14, CURRENT_TIMESTAMP);
				
	SELECT IF(ERRORCODE = 27, 0, ERRORCODE) AS ERROR, ENGLISH, SPANISH
	FROM ERRORS
	WHERE ERRORCODE = err;

end$$

DROP PROCEDURE IF EXISTS `createroom`$$
CREATE DEFINER=`alex`@`localhost` PROCEDURE `createroom`( IN u VARCHAR(50), IN h VARCHAR(50), IN r VARCHAR(50))
    COMMENT 'Create a new room if not exist.'
begin

	DECLARE num, acc INTEGER DEFAULT 0;
	DECLARE idu, idh, idr INTEGER DEFAULT NULL;
	DECLARE err INTEGER DEFAULT 0;

end_proc:begin
	IF (u IS NULL OR h IS NULL OR r IS NULL ) THEN 
		SET err = 61;
		LEAVE end_proc;
	END IF;

	SELECT COUNT(*), IFNULL(ACCESSNUMBER, 0), IDUSER, IDHOUSE INTO num, acc, idu, idh
	FROM loginVIEW
	WHERE USERNAME = u AND HOUSENAME = h;
			
	CASE num 
	WHEN 1 THEN 
		CASE acc
		WHEN 1 THEN 
			SELECT COUNT(*) INTO num
			FROM ROOMS
			WHERE ROOMNAME = r AND IDHOUSE = idh;
				
			CASE num
			WHEN 0 THEN 
				INSERT INTO ROOMS  (IDROOM, IDHOUSE, IDUSER, ROOMNAME, DATEBEGIN) VALUES
									(null, idh, idu, r, CURRENT_TIMESTAMP);
				SET err = 44;
			WHEN 1 THEN
				SET err = 43;
			ELSE
				SET err = 4;
			END CASE;
		WHEN 0 THEN
			SET err = 11;
		ELSE
			SET err = 39;
		END CASE;
			
	WHEN 0 THEN
		SET err = 11;
	ELSE
		SET err = 4;
	END CASE;
end;
	
	INSERT INTO HISTORYACCESS
						(IDHISTORY, IDUSER, IDHOUSE, ERROR, FUNCT, DATESTAMP        )
				VALUES  (     NULL,    idu,   idh,  IF(err = 44, 0, err),  17, CURRENT_TIMESTAMP);
				
	SELECT IF(ERRORCODE = 44, 0, ERRORCODE) AS ERROR, ENGLISH, SPANISH
	FROM ERRORS
	WHERE ERRORCODE = err;
end$$

DROP PROCEDURE IF EXISTS `createtask`$$
CREATE DEFINER=`alex`@`localhost` PROCEDURE `createtask`( IN u VARCHAR(50), IN ta VARCHAR(50),IN des VARCHAR(50),IN fre timestamp)
    COMMENT 'Create a task, will group programaction.'
begin
	DECLARE num INTEGER DEFAULT 0;
	DECLARE idu INTEGER DEFAULT NULL;
	DECLARE err INTEGER DEFAULT 0;
	
end_proc:begin
	IF (u IS NULL OR ta IS NULL) THEN 
		SET err = 61;
		LEAVE end_proc;
	END IF;

	SELECT COUNT(*), IDUSER INTO num, idu
	FROM USERS
	WHERE USERNAME = u;
	
	CASE num 
	WHEN 1 THEN 
		SELECT COUNT(*) INTO num
		FROM TASKS
		WHERE IDUSER = idu AND TASKNAME = ta;
		
		CASE num 
		WHEN 0 THEN 
			INSERT INTO `TASKS` (`IDTASK`, `TASKNAME`, `IDUSER`, `DESCRIPTION`, ` FREQUENCY`, `DATEBEGIN`) 
					VALUES	(NULL, ta, idu, des, fre, CURRENT_TIMESTAMP);
			SET err = 29;
		WHEN 1 THEN 
			SET err = 24;
		ELSE
			SET err = 4;
		END CASE;
	WHEN 0 THEN
		SET err = 3;
	ELSE
		SET err = 4;
	END CASE;
end;

	INSERT INTO HISTORYACCESS
						(IDHISTORY, IDUSER, IDHOUSE, ERROR, FUNCT, DATESTAMP        )
				VALUES  (     NULL,  idu,    null,  IF(err = 29, 0, err),  11, CURRENT_TIMESTAMP);
				
	SELECT IF(ERRORCODE = 29, 0, ERRORCODE) AS ERROR, ENGLISH, SPANISH
	FROM ERRORS
	WHERE ERRORCODE = err;

end$$

DROP PROCEDURE IF EXISTS `createuser`$$
CREATE DEFINER=`alex`@`localhost` PROCEDURE `createuser`( IN u VARCHAR(50), IN p VARCHAR(50), IN mail VARCHAR(50), h VARCHAR(50), c VARCHAR(50))
    COMMENT 'Create a new user if username not exist and email have not an account yet.'
begin

	DECLARE num INTEGER DEFAULT 0;
	DECLARE idu INTEGER DEFAULT NULL;
	DECLARE err INTEGER DEFAULT 0;

end_proc:begin
	IF (u IS NULL OR p IS NULL OR mail IS NULL OR h IS NULL OR c IS NULL ) THEN 
		SET err = 61;
		LEAVE end_proc;
	END IF;

        SELECT COUNT(*) INTO num
        FROM
        (
                SELECT IDUSER
                FROM USERS
                WHERE USERNAME = u
         UNION 
                SELECT IDUSER
                FROM REGISTRATIONS
                WHERE USERNAME = u
        ) AS TOTAL;
			
	CASE num 
	WHEN 0 THEN 
			SELECT COUNT(*) INTO num
			FROM
			(
				SELECT IDUSER
				FROM USERS
				WHERE EMAIL = mail
			UNION 
				SELECT IDUSER 
				FROM REGISTRATIONS
				WHERE EMAIL = mail
			) AS TOTAL;

			CASE num
			WHEN 0 THEN 
				INSERT INTO `REGISTRATIONS` (`IDUSER`, `USERNAME`, `PASSWORD`, `EMAIL`, `HINT`, `DATEBEGIN`, CODECONFIRM) VALUES
									(NULL, u, p, mail, h, CURRENT_TIMESTAMP, c);

				SET err = 13;
			WHEN 1 THEN
				SET err = 7; 
			ELSE
				SET err = 4;
			END CASE;
	WHEN 1 THEN
		SET err = 6;
	ELSE
		SET err = 4;
	END CASE;
end;

	INSERT INTO HISTORYACCESS
						(IDHISTORY, IDUSER, IDHOUSE, ERROR, FUNCT, DATESTAMP        )
				VALUES  (     NULL,  idu,    NULL,  IF(err = 13, 0, err),  3, CURRENT_TIMESTAMP);
				
	SELECT IF(ERRORCODE = 13, 0, ERRORCODE) AS ERROR, ENGLISH, SPANISH
	FROM ERRORS
	WHERE ERRORCODE = err;
end$$

DROP PROCEDURE IF EXISTS `deleteaccesshouse`$$
CREATE DEFINER=`alex`@`localhost` PROCEDURE `deleteaccesshouse`( IN u VARCHAR(50), IN h VARCHAR(50), IN u2 VARCHAR(50))
    COMMENT 'Delete the access to a house of an user.'
begin

	DECLARE num,acc INTEGER DEFAULT 0;
	DECLARE idu, idh INTEGER DEFAULT NULL;
	DECLARE err INTEGER DEFAULT 0;

end_proc:begin
	IF (u IS NULL OR h IS NULL OR u2 IS NULL) THEN 
		SET err = 61;
		LEAVE end_proc;
	END IF;

	SELECT COUNT(*), IFNULL(ACCESSNUMBER, 0), IDUSER, IDHOUSE INTO num, acc, idu, idh
	FROM loginVIEW
	WHERE USERNAME = u AND HOUSENAME = h;
			
	CASE num 
	WHEN 0 THEN
		SET err = 11;
	ELSE
		CASE acc
		WHEN 1 THEN 
			SELECT COUNT(*), IDUSER INTO num, idu
			FROM USERS
			WHERE USERNAME = u2;

			IF (num <> 0) THEN 
				SELECT COUNT(*) INTO num
				FROM ACCESSHOUSE
				WHERE IDHOUSE = idh AND ACCESSNUMBER = 1 AND IDUSER <> idu;

				CASE num 
				WHEN 0 THEN
					SET err = 63;
				ELSE
					DELETE FROM ACCESSHOUSE WHERE IDUSER=idu AND IDHOUSE = idh;
					SET err = 41;
				END CASE;
			ELSE
				SET err = 3;
			END IF;
		WHEN 0 THEN
			SET err = 11;
		ELSE
			SET err = 39;
		END CASE;
	END CASE;
end;
	
	INSERT INTO HISTORYACCESS
						(IDHISTORY, IDUSER, IDHOUSE, ERROR, FUNCT, DATESTAMP        )
				VALUES  (     NULL,    idu,   idh,  IF(err = 41, 0, err),  24, CURRENT_TIMESTAMP);
				
	SELECT IF(ERRORCODE = 41, 0, ERRORCODE) AS ERROR, ENGLISH, SPANISH
	FROM ERRORS
	WHERE ERRORCODE = err;
end$$

DROP PROCEDURE IF EXISTS `deletecommand`$$
CREATE DEFINER=`alex`@`localhost` PROCEDURE `deletecommand`( IN u VARCHAR(50), IN c VARCHAR(50))
    COMMENT 'Delete a command from an user (conjunto de mandatos)'
begin

	DECLARE num INTEGER DEFAULT 0;
	DECLARE idu INTEGER DEFAULT NULL;
	DECLARE err INTEGER DEFAULT 0;

end_proc:begin
	IF (u IS NULL OR c IS NULL OR idpa IS NULL OR n IS NULL ) THEN 
		SET err = 61;
		LEAVE end_proc;
	END IF;

    SELECT COUNT(*), IDUSER INTO num, idu
	FROM USERS
	WHERE USERNAME = u;
			
	CASE num 
	WHEN 1 THEN 
		SELECT COUNT(*) INTO num
		FROM COMMANDS
		WHERE COMMANDNAME = c AND IDUSER = idu;

		CASE num
		WHEN 1 THEN
			DELETE FROM COMMANDS WHERE COMMANDNAME = c AND IDUSER = idu;
			SET err = 54; 
		ELSE
			SET err = 53;
		END CASE;
	WHEN 0 THEN
		SET err = 3;
	ELSE
		SET err = 4;
	END CASE;
end;

	INSERT INTO HISTORYACCESS
						(IDHISTORY, IDUSER, IDHOUSE, ERROR, FUNCT, DATESTAMP        )
				VALUES  (     NULL,  idu,    NULL,  IF(err = 54, 0, err),  27, CURRENT_TIMESTAMP);
				
	SELECT IF(ERRORCODE = 54, 0, ERRORCODE) AS ERROR, ENGLISH, SPANISH
	FROM ERRORS
	WHERE ERRORCODE = err;
end$$

DROP PROCEDURE IF EXISTS `deletedevice`$$
CREATE DEFINER=`alex`@`localhost` PROCEDURE `deletedevice`( IN u VARCHAR(50),IN p VARCHAR(50), IN idd INTEGER)
    COMMENT 'Delete a device.'
begin

	DECLARE num INTEGER DEFAULT 0;
	DECLARE idu INTEGER DEFAULT NULL;  
	DECLARE err INTEGER DEFAULT 0; 
	DECLARE pass VARCHAR(50); 

end_proc:begin
	IF (u IS NULL OR p IS NULL OR idd IS NULL ) THEN 
		SET err = 61;
		LEAVE end_proc;
	END IF;

	SELECT COUNT(*), IDUSER, PASSWORD INTO num, idu, pass
	FROM USERS
	WHERE USERNAME = u;
			 
	CASE num 
	WHEN 1 THEN 
		IF (pass = p) THEN
			SELECT COUNT(*) INTO num
			FROM DEVICES
			WHERE IDUSER = idu AND IDDEVICE = idd;
			
			CASE num 
			WHEN 1 THEN 
				DELETE FROM DEVICES WHERE IDDEVICE = idd;
				
				SET err = 62;
			ELSE
				SET err = 39;
			END CASE;
		ELSE
			SET err = 2;
		END IF;
	WHEN 0 THEN
		SET err = 3;
	ELSE
		SET err = 4;
	END CASE;
end;
	
	INSERT INTO HISTORYACCESS
						(IDHISTORY, IDUSER, IDHOUSE, ERROR, FUNCT, DATESTAMP        )
				VALUES  (     NULL,    idu,   NULL,  IF(err = 62, 0, err),  30, CURRENT_TIMESTAMP);
				
	SELECT IF(ERRORCODE = 62, 0, ERRORCODE) AS ERROR, ENGLISH, SPANISH
	FROM ERRORS
	WHERE ERRORCODE = err;
end$$

DROP PROCEDURE IF EXISTS `deletehouse`$$
CREATE DEFINER=`alex`@`localhost` PROCEDURE `deletehouse`( IN u VARCHAR(50),IN p VARCHAR(50), IN h VARCHAR(50))
    COMMENT 'Delete a house if exist and the user is an administrator.'
begin

	DECLARE num, acc INTEGER DEFAULT 0;
	DECLARE idu, idh INTEGER DEFAULT NULL;  
	DECLARE err INTEGER DEFAULT 0; 
	DECLARE pass VARCHAR(50); 

end_proc:begin
	IF (u IS NULL OR p IS NULL OR h IS NULL ) THEN 
		SET err = 61;
		LEAVE end_proc;
	END IF;

	SELECT COUNT(*), IFNULL(ACCESSNUMBER, 0), IDUSER, IDHOUSE, PASSWORD INTO num, acc, idu, idh, pass
	FROM loginVIEW
	WHERE USERNAME = u AND HOUSENAME = h;
			 
	CASE num 
	WHEN 1 THEN 
		CASE acc
		WHEN 1 THEN 
			IF (pass = p) THEN
				DELETE FROM HOUSES WHERE IDHOUSE= idh;
				SET err = 19;
			ELSE
				SET err = 2;
			END IF;
		WHEN 0 THEN
			SET err = 11;
		ELSE
			SET err = 39;
		END CASE;
	WHEN 0 THEN
		SET err = 11;
	ELSE
		SET err = 4;
	END CASE;
end;
	
	INSERT INTO HISTORYACCESS
						(IDHISTORY, IDUSER, IDHOUSE, ERROR, FUNCT, DATESTAMP        )
				VALUES  (     NULL,    idu,   idh,  IF(err = 19, 0, err),  9, CURRENT_TIMESTAMP);
				
	SELECT IF(ERRORCODE = 19, 0, ERRORCODE) AS ERROR, ENGLISH, SPANISH
	FROM ERRORS
	WHERE ERRORCODE = err;
end$$

DROP PROCEDURE IF EXISTS `deleteprogramaction`$$
CREATE DEFINER=`alex`@`localhost` PROCEDURE `deleteprogramaction`( IN u VARCHAR(50), IN idpa INTEGER)
    COMMENT 'Delete program action.'
begin
	DECLARE num, acc, per INTEGER DEFAULT 0;
	DECLARE ida, idu, idh INTEGER DEFAULT NULL;
	DECLARE err INTEGER DEFAULT 0;
	
end_proc:begin
	IF (u IS NULL OR idpa IS NULL ) THEN 
		SET err = 61;
		LEAVE end_proc;
	END IF;

	SELECT COUNT(*), IFNULL(IDACTION, 0) INTO num, ida
	FROM PROGRAMACTIONS
	WHERE IDPROGRAM = idpa ;
	
	CASE num 
	WHEN 1 THEN
		SELECT COUNT(*), IFNULL(ACCESSNUMBER, 0), IDUSER, IDHOUSE,PERMISSIONNUMBER INTO num, acc, idu, idh, per
		FROM loginVIEW
		WHERE IDACTION = ida AND USERNAME = u;
	
		CASE num
		WHEN 1 THEN
			CASE acc
			WHEN 1 THEN 
				DELETE FROM PROGRAMACTIONS WHERE IDPROGRAM= idpa;
				SET err = 28;
			WHEN 0 THEN
				SET err = 11;
			ELSE
				
				CASE num
				WHEN 1 THEN
					CASE per
					WHEN 1 THEN
						DELETE FROM PROGRAMACTIONS WHERE IDPROGRAM= idpa;
						SET err = 28;
					ELSE
						SET err = 10;
					END CASE;
				ELSE
					SET err = 10;
				END CASE;
			END CASE;
		ELSE
			SET err = 11;
		END CASE;
	ELSE 
		SET err = 21;
	END CASE;
end;	

	INSERT INTO HISTORYACCESS
						(IDHISTORY, IDUSER, IDHOUSE, ERROR, FUNCT, DATESTAMP        )
				VALUES  (     NULL,  idu,    idh,  IF(err = 28, 0, err),  15, CURRENT_TIMESTAMP);
				
	SELECT IF(ERRORCODE = 28, 0, ERRORCODE) AS ERROR, ENGLISH, SPANISH
	FROM ERRORS
	WHERE ERRORCODE = err;

end$$

DROP PROCEDURE IF EXISTS `deleteroom`$$
CREATE DEFINER=`alex`@`localhost` PROCEDURE `deleteroom`( IN u VARCHAR(50),IN p VARCHAR(50), IN h VARCHAR(50), IN r VARCHAR(50))
    COMMENT 'Delete a room if exist.'
begin

	DECLARE num, acc INTEGER DEFAULT 0;
	DECLARE idu, idh, idr INTEGER DEFAULT NULL;  
	DECLARE err INTEGER DEFAULT 0; 
	DECLARE pass VARCHAR(50); 

end_proc:begin
	IF (u IS NULL OR h IS NULL OR r IS NULL ) THEN 
		SET err = 61;
		LEAVE end_proc;
	END IF;

	SELECT COUNT(*), IFNULL(ACCESSNUMBER, 0), IDUSER, IDHOUSE, IDROOM, PASSWORD INTO num, acc, idu, idh, idr, pass
	FROM loginVIEW
	WHERE USERNAME = u AND HOUSENAME = h AND ROOMNAME = r;
			 
	CASE num 
	WHEN 1 THEN 
		CASE acc
		WHEN 1 THEN 
			IF (pass = p) THEN
				DELETE FROM ROOMS WHERE IDROOM = idr;
				SET err = 45;
			ELSE
				SET err = 2;
			END IF;
		WHEN 0 THEN
			SET err = 11;
		ELSE
			SET err = 39;
		END CASE;
	WHEN 0 THEN
		SET err = 46;
	ELSE
		SET err = 4;
	END CASE;
end;
	
	INSERT INTO HISTORYACCESS
						(IDHISTORY, IDUSER, IDHOUSE, ERROR, FUNCT, DATESTAMP        )
				VALUES  (     NULL,    idu,   idh,  IF(err = 45, 0, err),  18, CURRENT_TIMESTAMP);
				
	SELECT IF(ERRORCODE = 45, 0, ERRORCODE) AS ERROR, ENGLISH, SPANISH
	FROM ERRORS
	WHERE ERRORCODE = err;
end$$

DROP PROCEDURE IF EXISTS `deletetask`$$
CREATE DEFINER=`alex`@`localhost` PROCEDURE `deletetask`( IN u VARCHAR(50), IN ta VARCHAR(50))
    COMMENT 'Delete a user task.'
begin
	DECLARE num INTEGER DEFAULT 0;
	DECLARE idu, idta INTEGER DEFAULT NULL;
	DECLARE err INTEGER DEFAULT 0;
	
end_proc:begin
	IF (u IS NULL OR ta IS NULL) THEN 
		SET err = 61;
		LEAVE end_proc;
	END IF;

	SELECT COUNT(*), IDUSER INTO num, idu
	FROM USERS
	WHERE USERNAME = u;
	
	CASE num 
	WHEN 1 THEN 
		SELECT COUNT(*), IDTASK INTO num, idta
		FROM TASKS
		WHERE IDUSER = idu AND TASKNAME = ta;
		
		CASE num 
		WHEN 1 THEN 
			DELETE FROM TASKPROGRAM WHERE IDTASK = idta;
			DELETE FROM TASKS WHERE IDTASK = idta;
			SET err = 30;
		WHEN 0 THEN 
			SET err = 31;
		ELSE
			SET err = 4;
		END CASE;
	WHEN 0 THEN
		SET err = 3;
	ELSE
		SET err = 4;
	END CASE;
end;

	INSERT INTO HISTORYACCESS
						(IDHISTORY, IDUSER, IDHOUSE, ERROR, FUNCT, DATESTAMP        )
				VALUES  (     NULL,  idu,    null,  IF(err = 30, 0, err),  12, CURRENT_TIMESTAMP);
				
	SELECT IF(ERRORCODE = 30, 0, ERRORCODE) AS ERROR, ENGLISH, SPANISH
	FROM ERRORS
	WHERE ERRORCODE = err;

end$$

DROP PROCEDURE IF EXISTS `deleteuser`$$
CREATE DEFINER=`alex`@`localhost` PROCEDURE `deleteuser`( IN u VARCHAR(50), IN p VARCHAR(50))
    COMMENT 'Delete user if posible by deleting all information restring.'
begin

	DECLARE num INTEGER DEFAULT 0;
	DECLARE idu INTEGER DEFAULT NULL;
	DECLARE err INTEGER DEFAULT 0;
	DECLARE pass VARCHAR(50);

end_proc:begin
	IF (u IS NULL ) THEN 
		SET err = 61;
		LEAVE end_proc;
	END IF;
	
	SELECT COUNT(*), IDUSER, PASSWORD INTO num , idu, pass
	FROM USERS
	WHERE USERNAME = u;
			
	CASE num 
	WHEN 1 THEN 
			IF (pass = p) THEN 
				DELETE FROM `USERS` WHERE IDUSER = idu;
				SET err = 14;
			ELSE 
				SET err = 2;
			END IF;
	WHEN 0 THEN
		SET err = 3;
	ELSE
		SET err = 4;
	END CASE;
end;

	INSERT INTO HISTORYACCESS
						(IDHISTORY, IDUSER, IDHOUSE, ERROR, FUNCT, DATESTAMP        )
				VALUES  (     NULL,   idu,    NULL,  IF(err = 14, 0, err),  4, CURRENT_TIMESTAMP);
				
	SELECT IF(ERRORCODE = 14, 0, ERRORCODE) AS ERROR, ENGLISH, SPANISH
	FROM ERRORS
	WHERE ERRORCODE = err;

end$$

DROP PROCEDURE IF EXISTS `linkserviceroom`$$
CREATE DEFINER=`alex`@`localhost` PROCEDURE `linkserviceroom`( IN ids INTEGER, IN idr INTEGER)
    COMMENT 'Attach the service with the room.'
begin

	DECLARE num INTEGER DEFAULT 0;
	DECLARE ida, idu, idh, idc INTEGER DEFAULT NULL;
	DECLARE err INTEGER DEFAULT 0;

end_proc:begin
	IF (ids IS NULL OR idr IS NULL) THEN 
		SET err = 61;
		LEAVE end_proc;
	END IF;

	SELECT COUNT(*) INTO num
	FROM SERVICES
	WHERE IDSERVICE = ids;
	
	CASE num 
	WHEN 1 THEN
		SELECT COUNT(*) INTO num
		FROM ROOMS
		WHERE IDROOM = idr;

		CASE num 
		WHEN 1 THEN
			UPDATE `SERVICES` SET `IDROOM`= idr WHERE IDSERVICE = ids;
			SET err = 65;
		ELSE
			SET err = 66;
		END CASE;
	WHEN 0 THEN
		SET err = 64;
	ELSE
		SET err = 4;
	END CASE;
	
end;
	
	INSERT INTO HISTORYACCESS
						(IDHISTORY, IDUSER, IDHOUSE, ERROR, FUNCT, DATESTAMP        )
				VALUES  (     NULL,  ids,    idr,  IF(err = 65, 0, err),  31, CURRENT_TIMESTAMP);
				
	SELECT IF(ERRORCODE = 65, 0, ERRORCODE) AS ERROR, ENGLISH, SPANISH
	FROM ERRORS
	WHERE ERRORCODE = err;

end$$

DROP PROCEDURE IF EXISTS `loginJSON`$$
CREATE DEFINER=`alex`@`localhost` PROCEDURE `loginJSON`( in u VARCHAR(50))
begin

SELECT *
	FROM  loginVIEW
	WHERE USERNAME = u ;

end$$

DROP PROCEDURE IF EXISTS `modifyhouse`$$
CREATE DEFINER=`alex`@`localhost` PROCEDURE `modifyhouse`( IN u VARCHAR(50), IN h VARCHAR(50), IN n_h VARCHAR(50), IN idim INTEGER, IN c VARCHAR(50), IN ctry VARCHAR(50))
    COMMENT 'Modify house information.'
begin

	DECLARE num, acc INTEGER DEFAULT 0;
	DECLARE idu, idh INTEGER DEFAULT NULL;
	DECLARE err INTEGER DEFAULT 0;

end_proc:begin
	IF (u IS NULL OR h IS NULL OR n_h IS NULL) THEN 
		SET err = 61;
		LEAVE end_proc;
	END IF;

	SELECT COUNT(*), IFNULL(ACCESSNUMBER, 0), IDUSER, IDHOUSE INTO num, acc, idu, idh
	FROM loginVIEW
	WHERE USERNAME = u AND HOUSENAME = h;
			
	CASE num 
	WHEN 1 THEN 
		CASE acc
		WHEN 1 THEN 
SELECT COUNT(*) INTO num
				FROM HOUSES
				WHERE HOUSENAME = n_h AND IDHOUSE <> idh;
						
				CASE num 
				WHEN 0 THEN 
					UPDATE HOUSES SET HOUSENAME=n_h, IDIMAGE=idim, CITY=c, COUNTRY=ctry WHERE IDHOUSE = idh;
					SET err = 42;
				WHEN 1 THEN
					SET err = 22;
				ELSE
					SET err = 4;
				END CASE;
		WHEN 0 THEN
			SET err = 11;
		ELSE
			SET err = 39;
		END CASE;
	WHEN 0 THEN
		SET err = 11;
	ELSE
		SET err = 4;
	END CASE;
end;
	
	INSERT INTO HISTORYACCESS
						(IDHISTORY, IDUSER, IDHOUSE, ERROR, FUNCT, DATESTAMP        )
				VALUES  (     NULL,    idu,   idh,  IF(err = 42, 0, err),  20, CURRENT_TIMESTAMP);
				
	SELECT IF(ERRORCODE = 42, 0, ERRORCODE) AS ERROR, ENGLISH, SPANISH
	FROM ERRORS
	WHERE ERRORCODE = err;
end$$

DROP PROCEDURE IF EXISTS `modifyuser`$$
CREATE DEFINER=`alex`@`localhost` PROCEDURE `modifyuser`( IN u VARCHAR(50), IN p VARCHAR(50), IN n_u VARCHAR(50), IN n_p VARCHAR(50), IN n_mail VARCHAR(50), n_h VARCHAR(50))
    COMMENT 'Mdify the especcification of an existing user.'
begin

	DECLARE num INTEGER DEFAULT 0;
	DECLARE idu INTEGER DEFAULT NULL;
	DECLARE pass VARCHAR(50);
	DECLARE err INTEGER DEFAULT 0;

end_proc:begin
	IF (u IS NULL OR n_u IS NULL OR n_mail IS NULL) THEN 
		SET err = 61;
		LEAVE end_proc;
	END IF;

	SELECT COUNT(*), IDUSER, PASSWORD INTO num, idu, pass
	FROM USERS
	WHERE USERNAME = u;
			
	CASE num 
	WHEN 1 THEN 
		IF (pass = p) THEN 
				SELECT COUNT(*) INTO num
				FROM USERS
				WHERE USERNAME = n_u AND IDUSER <> idu;
						
				CASE num 
				WHEN 0 THEN 
						SELECT COUNT(*) INTO num
						FROM USERS
						WHERE EMAIL = n_mail AND IDUSER <> idu;
						CASE num
						WHEN 0 THEN 
							UPDATE USERS SET USERNAME=n_u, PASSWORD=n_p, EMAIL=n_mail, HINT=n_h
								WHERE IDUSER = idu;
							SET err = 15;
						WHEN 1 THEN
							SET err = 7; 
						ELSE
							SET err = 4;
						END CASE;
				WHEN 1 THEN
					SET err = 6;
				ELSE
					SET err = 4;
				END CASE;
		ELSE 
			SET err = 2;
		END IF;
	WHEN 0 THEN
		SET err = 3;
	ELSE
		SET err = 4;
	END CASE;
end;
	INSERT INTO HISTORYACCESS
						(IDHISTORY, IDUSER, IDHOUSE, ERROR, FUNCT, DATESTAMP        )
				VALUES  (     NULL,   idu,    NULL,  IF(err = 15, 0, err),  5, CURRENT_TIMESTAMP);
				
	SELECT IF(ERRORCODE = 15, 0, ERRORCODE) AS ERROR, ENGLISH, SPANISH
	FROM ERRORS
	WHERE ERRORCODE = err;

end$$

DROP PROCEDURE IF EXISTS `recoveryuser`$$
CREATE DEFINER=`alex`@`localhost` PROCEDURE `recoveryuser`( IN u VARCHAR(50), IN p VARCHAR(50))
    COMMENT 'Generate a password to recovery user.'
begin
	DECLARE idu INTEGER DEFAULT NULL;
        DECLARE e VARCHAR(50) DEFAULT NULL;

	UPDATE USERS SET PASSWORD = p
	WHERE USERNAME = u;
        
	SELECT  IDUSER, EMAIL INTO  idu, e
	FROM USERS
	WHERE USERNAME = u;

	INSERT INTO HISTORYACCESS
				(IDHISTORY, IDUSER, IDHOUSE, ERROR, FUNCT, DATESTAMP        )
		VALUES  (     NULL,   idu,    NULL,  0,  2, CURRENT_TIMESTAMP);

        SELECT e AS EMAIL;
end$$

DROP PROCEDURE IF EXISTS `removecommandprogram`$$
CREATE DEFINER=`alex`@`localhost` PROCEDURE `removecommandprogram`( IN u VARCHAR(50), IN c VARCHAR(50), IN idpa INTEGER, IN n INTEGER)
    COMMENT 'Remove an acction of a command.'
begin
	DECLARE num INTEGER DEFAULT 0;
	DECLARE ida, idu, idh, idc INTEGER DEFAULT NULL;
	DECLARE err INTEGER DEFAULT 0;
	
end_proc:begin
	IF (u IS NULL OR c IS NULL OR idpa IS NULL OR n IS NULL ) THEN 
		SET err = 61;
		LEAVE end_proc;
	END IF;

	SELECT COUNT(*), IDUSER INTO  num, idu
	FROM PROGRAMACTIONS 
	WHERE IDPROGRAM = idpa AND IDUSER IN ( SELECT IDUSER 
										FROM USERS 
										WHERE USERNAME = u);
	
	CASE num 
	WHEN 1 THEN
	
		SELECT COUNT(*), IDCOMMAND INTO num, idc
		FROM COMMANDS
		WHERE COMMANDNAME = c AND IDUSER = idu;
		
		CASE num
		WHEN 1 THEN
			SELECT COUNT(*) INTO num
			FROM COMMAND_PROGRAM
			WHERE IDCOMMAND = idc AND POS = n;
			
			CASE num
			WHEN 1 THEN
				DELETE FROM COMMAND_PROGRAM WHERE IDCOMMAND = idc AND IDPROGRAM = idpa AND POS = n;
				SET err = 59;
			ELSE
				SET err = 58;
			END CASE;
		ELSE
			SET err = 60;
		END CASE;
	WHEN 0 THEN
		SET err = 33;
	ELSE
		SET err = 4;
	END CASE;
end;
	
	SELECT IDHOUSE INTO idh
	FROM houseRoomServiceActionVIEW
	WHERE IDACTION = ida;
	
	INSERT INTO HISTORYACCESS
						(IDHISTORY, IDUSER, IDHOUSE, ERROR, FUNCT, DATESTAMP        )
				VALUES  (     NULL,  idu,    idh,  IF(err = 59, 0, err),  29, CURRENT_TIMESTAMP);
				
	SELECT IF(ERRORCODE = 59, 0, ERRORCODE) AS ERROR, ENGLISH, SPANISH
	FROM ERRORS
	WHERE ERRORCODE = err;

end$$

DROP PROCEDURE IF EXISTS `removetaskprogram`$$
CREATE DEFINER=`alex`@`localhost` PROCEDURE `removetaskprogram`( IN u VARCHAR(50), IN idta INTEGER, IN idpa INTEGER)
    COMMENT 'Add an acction to a task.'
begin
	DECLARE num INTEGER DEFAULT 0;
	DECLARE ida, idu, idh INTEGER DEFAULT NULL;
	DECLARE err INTEGER DEFAULT 0;
	
end_proc:begin
	IF (u IS NULL OR idta IS NULL OR idpa IS NULL ) THEN 
		SET err = 61;
		LEAVE end_proc;
	END IF;

	SELECT COUNT(*), IDUSER INTO  num, idu
	FROM PROGRAMACTIONS 
	WHERE IDPROGRAM = idpa AND IDUSER IN ( SELECT IDUSER 
										FROM USERS 
										WHERE USERNAME = u);
	
	CASE num 
	WHEN 1 THEN
	
		SELECT COUNT(*) INTO num
		FROM TASKS
		WHERE IDTASK = idta AND IDUSER = idu;
		
		CASE num
		WHEN 1 THEN
			SELECT COUNT(*) INTO num
			FROM TASKPROGRAM
			WHERE IDTASK = idta AND IDPROGRAM = idpa;
			
			CASE num
			WHEN 1 THEN
				DELETE FROM TASKPROGRAM WHERE IDTASK = idta;
				SET err = 35;
			ELSE
				SET err = 36;
			END CASE;
		ELSE
			SET err = 32;
		END CASE;
	WHEN 0 THEN
		SET err = 33;
	ELSE
		SET err = 4;
	END CASE;
	
	SELECT IDHOUSE INTO idh
	FROM houseRoomServiceActionVIEW
	WHERE IDACTION = ida;
end;
	
	INSERT INTO HISTORYACCESS
						(IDHISTORY, IDUSER, IDHOUSE, ERROR, FUNCT, DATESTAMP        )
				VALUES  (     NULL,  idu,    idh,  IF(err = 35, 0, err),  22, CURRENT_TIMESTAMP);
				
	SELECT IF(ERRORCODE = 35, 0, ERRORCODE) AS ERROR, ENGLISH, SPANISH
	FROM ERRORS
	WHERE ERRORCODE = err;

end$$

DROP PROCEDURE IF EXISTS `schedule`$$
CREATE DEFINER=`alex`@`localhost` PROCEDURE `schedule`( IN h VARCHAR(15))
    COMMENT 'Request for all task afected to a house, by a user.'
begin

		SELECT *
	FROM ACTIONS, PROGRAMACTIONS
	LEFT JOIN (TASKPROGRAM, TASKS) ON (  TASKPROGRAM.IDPROGRAM = PROGRAMACTIONS.IDPROGRAM
										AND TASKPROGRAM.IDTASK = TASKS.IDTASK )
	JOIN SERVICES
	JOIN ROOMS 	ON ( ROOMS.IDROOM = SERVICES.IDROOM )
	JOIN HOUSES ON ( HOUSES.IDHOUSE = ROOMS.IDHOUSE )
	WHERE 	ACTIONS.IDACTION = PROGRAMACTIONS.IDACTION
		AND SERVICES.IDSERVICE = ACTIONS.IDSERVICE
		AND HOUSES.HOUSENAME = h
	ORDER BY TASKNAME DESC, PROGRAMACTIONS.IDPROGRAM ASC;

end$$

DROP PROCEDURE IF EXISTS `selectiduser`$$
CREATE DEFINER=`alex`@`localhost` PROCEDURE `selectiduser`( in u VARCHAR(20), out id integer)
BEGIN
DECLARE idu INTEGER;
SELECT IDUSER into idu FROM USERS WHERE USERNAME=u;
set id = idu;
END$$

DROP PROCEDURE IF EXISTS `streaminghour`$$
CREATE DEFINER=`alex`@`localhost` PROCEDURE `streaminghour`(ini TIMESTAMP, p INT)
BEGIN
DROP  TABLE IF EXISTS STADISTICS  ;
CREATE TABLE STADISTICS SELECT COUNT(*) AS Y, X
FROM (SELECT TRUNC_N_MINUTES(DATESTAMP, 60/p) AS X
		FROM HISTORYACCESS 
		WHERE DATESTAMP>= ini)AS T
GROUP BY X
ORDER BY X; 
END$$

DROP PROCEDURE IF EXISTS `unlinkserviceroom`$$
CREATE DEFINER=`alex`@`localhost` PROCEDURE `unlinkserviceroom`( IN ids INTEGER)
    COMMENT 'Remove the room from a service.'
begin

	DECLARE num INTEGER DEFAULT 0;
	DECLARE ida, idu, idh, idc INTEGER DEFAULT NULL;
	DECLARE err INTEGER DEFAULT 0;

end_proc:begin
	IF (ids IS NULL) THEN 
		SET err = 61;
		LEAVE end_proc;
	END IF;

	SELECT COUNT(*) INTO num
	FROM SERVICES
	WHERE IDSERVICE = ids;
	
	CASE num 
	WHEN 1 THEN
		UPDATE `SERVICES` SET `IDROOM`= NULL WHERE IDSERVICE = ids;
		SET err = 67;
	WHEN 0 THEN
		SET err = 64;
	ELSE
		SET err = 4;
	END CASE;
	
end;
	
	INSERT INTO HISTORYACCESS
						(IDHISTORY, IDUSER, IDHOUSE, ERROR, FUNCT, DATESTAMP        )
				VALUES  (     NULL,  ids,    NULL,  IF(err = 67, 0, err),  32, CURRENT_TIMESTAMP);
				
	SELECT IF(ERRORCODE = 67, 0, ERRORCODE) AS ERROR, ENGLISH, SPANISH
	FROM ERRORS
	WHERE ERRORCODE = err;

end$$

DROP PROCEDURE IF EXISTS `userexist`$$
CREATE DEFINER=`alex`@`localhost` PROCEDURE `userexist`(u VARCHAR(15), p VARCHAR(40), error INTEGER)
BEGIN 
declare pass varchar(40);
SELECT PASSWORD INTO pass FROM USERS WHERE USERNAME=u;
IF (pass <> p) THEN 
  set error = 2;
ELSE 
SET error = 0;
END IF;



END$$

--
-- Funciones
--
DROP FUNCTION IF EXISTS `ROUND_HOUR`$$
CREATE DEFINER=`alex`@`localhost` FUNCTION `ROUND_HOUR`(datestamp DATETIME) RETURNS datetime
    NO SQL
    DETERMINISTIC
    COMMENT 'returns nearest hour'
RETURN DATE_FORMAT(datestamp + INTERVAL 30 MINUTE, '%Y-%m-%d %H:00')$$

DROP FUNCTION IF EXISTS `TRUNC_N_HOURS`$$
CREATE DEFINER=`alex`@`localhost` FUNCTION `TRUNC_N_HOURS`(datestamp DATETIME, n INT) RETURNS datetime
    NO SQL
    DETERMINISTIC
    COMMENT 'truncate to N hour boundary. For example,\n           TRUNCATE_N_HOURS(sometime, 12) gives the nearest\n           preceding half-day (noon, or midnight'
RETURN DATE(datestamp) +
                INTERVAL (HOUR(datestamp) -
                          HOUR(datestamp) MOD n) HOUR$$

DROP FUNCTION IF EXISTS `TRUNC_N_MINUTES`$$
CREATE DEFINER=`alex`@`localhost` FUNCTION `TRUNC_N_MINUTES`(datestamp DATETIME, n INT) RETURNS datetime
    NO SQL
    DETERMINISTIC
    COMMENT 'truncate to N minute boundary. For example,\n           TRUNCATE_N_MINUTES(sometime, 15) gives the nearest\n           preceding quarter hour'
RETURN DATE_FORMAT(datestamp,'%Y-%m-%d %H:00') +
                INTERVAL (MINUTE(datestamp) -
                          MINUTE(datestamp) MOD n) MINUTE$$

DELIMITER ;

-- --------------------------------------------------------

--
-- Estructura de tabla para la tabla `ACCESSHOUSE`
--
-- Creación: 13-04-2014 a las 22:59:04
--

DROP TABLE IF EXISTS `ACCESSHOUSE`;
CREATE TABLE IF NOT EXISTS `ACCESSHOUSE` (
  `IDUSER` int(11) NOT NULL DEFAULT '0',
  `IDHOUSE` int(11) NOT NULL DEFAULT '0',
  `ACCESSNUMBER` int(11) DEFAULT '1',
  `DATEBEGIN` timestamp NOT NULL DEFAULT CURRENT_TIMESTAMP,
  PRIMARY KEY (`IDUSER`,`IDHOUSE`),
  KEY `IDHOUSE` (`IDHOUSE`)
) ENGINE=InnoDB DEFAULT CHARSET=utf8;

--
-- RELACIONES PARA LA TABLA `ACCESSHOUSE`:
--   `IDUSER`
--       `USERS` -> `IDUSER`
--   `IDHOUSE`
--       `HOUSES` -> `IDHOUSE`
--

--
-- Volcado de datos para la tabla `ACCESSHOUSE`
--

INSERT INTO `ACCESSHOUSE` (`IDUSER`, `IDHOUSE`, `ACCESSNUMBER`, `DATEBEGIN`) VALUES
(2, 10, 1, '2014-03-25 21:39:58'),
(29, 9, 1, '2014-03-25 21:39:58'),
(29, 10, 3, '2014-04-05 10:16:17');

-- --------------------------------------------------------

--
-- Estructura de tabla para la tabla `ACTIONMESSAGES`
--
-- Creación: 15-04-2014 a las 19:48:45
--

DROP TABLE IF EXISTS `ACTIONMESSAGES`;
CREATE TABLE IF NOT EXISTS `ACTIONMESSAGES` (
  `IDMESSAGE` int(11) NOT NULL AUTO_INCREMENT,
  `IDACTION` int(11) NOT NULL,
  `RETURNCODE` varchar(50) NOT NULL,
  `EXIT` tinyint(1) NOT NULL,
  `ENGLISH` varchar(50) DEFAULT NULL,
  `SPANISH` varchar(50) DEFAULT NULL,
  PRIMARY KEY (`IDMESSAGE`),
  UNIQUE KEY `IDACTION_RETURNCODE` (`IDACTION`,`RETURNCODE`)
) ENGINE=InnoDB  DEFAULT CHARSET=utf8 AUTO_INCREMENT=22 ;

--
-- RELACIONES PARA LA TABLA `ACTIONMESSAGES`:
--   `IDACTION`
--       `ACTIONS` -> `IDACTION`
--

-- --------------------------------------------------------

--
-- Estructura de tabla para la tabla `ACTIONS`
--
-- Creación: 17-04-2014 a las 10:27:48
--

DROP TABLE IF EXISTS `ACTIONS`;
CREATE TABLE IF NOT EXISTS `ACTIONS` (
  `IDACTION` int(11) NOT NULL AUTO_INCREMENT,
  `IDSERVICE` int(11) DEFAULT NULL,
  `ACTIONNAME` varchar(50) NOT NULL,
  `ENGLISH` varchar(50) DEFAULT NULL,
  `SPANISH` varchar(50) DEFAULT NULL,
  `FCODE` varchar(20) NOT NULL,
  PRIMARY KEY (`IDACTION`),
  UNIQUE KEY `UNQ_ACTIONKEY` (`IDSERVICE`,`ACTIONNAME`)
) ENGINE=InnoDB  DEFAULT CHARSET=utf8 AUTO_INCREMENT=221 ;

--
-- RELACIONES PARA LA TABLA `ACTIONS`:
--   `IDSERVICE`
--       `SERVICES` -> `IDSERVICE`
--

--
-- Volcado de datos para la tabla `ACTIONS`
--

INSERT INTO `ACTIONS` (`IDACTION`, `IDSERVICE`, `ACTIONNAME`, `ENGLISH`, `SPANISH`, `FCODE`) VALUES
(1, 0, 'SEND', NULL, NULL, 'IRCODES'),
(2, 0, 'SCAN', NULL, NULL, ''),
(3, 1, 'SEND', NULL, NULL, 'OPEN/CLOSE'),
(4, 1, 'SCAN', NULL, NULL, ''),
(5, 2, 'SEND', NULL, NULL, 'ON/OFF'),
(6, 2, 'SCAN', NULL, NULL, ''),
(7, 3, 'SEND', NULL, NULL, 'IRCODES'),
(8, 3, 'SCAN', NULL, NULL, ''),
(9, 4, 'SEND', NULL, NULL, ''),
(10, 4, 'SCAN', NULL, NULL, ''),
(11, 5, 'SEND', NULL, NULL, 'UP/MEDIUM/DOWN'),
(12, 5, 'SCAN', NULL, NULL, ''),
(13, 6, 'SEND', NULL, NULL, 'OPEN/CLOSE'),
(14, 6, 'SCAN', NULL, NULL, ''),
(15, 7, 'SEND', NULL, NULL, 'ON/OFF'),
(16, 7, 'SCAN', NULL, NULL, ''),
(173, 161, 'SCAN', NULL, NULL, ''),
(174, 161, 'SEND', NULL, NULL, 'IRCODES'),
(175, 162, 'SCAN', NULL, NULL, ''),
(176, 162, 'SEND', NULL, NULL, 'OPEN/CLOSE'),
(177, 163, 'SCAN', NULL, NULL, ''),
(178, 163, 'SEND', NULL, NULL, 'ON/OFF'),
(179, 164, 'SCAN', NULL, NULL, ''),
(180, 164, 'SEND', NULL, NULL, 'IRCODES'),
(181, 165, 'SCAN', NULL, NULL, ''),
(182, 165, 'SEND', NULL, NULL, ''),
(183, 166, 'SCAN', NULL, NULL, ''),
(184, 166, 'SEND', NULL, NULL, 'UP/MEDIUM/DOWN'),
(185, 167, 'SCAN', NULL, NULL, ''),
(186, 167, 'SEND', NULL, NULL, 'OPEN/CLOSE'),
(187, 168, 'SCAN', NULL, NULL, ''),
(188, 168, 'SEND', NULL, NULL, 'ON/OFF'),
(189, 169, 'SCAN', NULL, NULL, ''),
(190, 169, 'SEND', NULL, NULL, 'IRCODES'),
(191, 170, 'SCAN', NULL, NULL, ''),
(192, 170, 'SEND', NULL, NULL, 'OPEN/CLOSE'),
(193, 171, 'SCAN', NULL, NULL, ''),
(194, 171, 'SEND', NULL, NULL, 'ON/OFF'),
(195, 172, 'SCAN', NULL, NULL, ''),
(196, 172, 'SEND', NULL, NULL, 'IRCODES'),
(197, 173, 'SCAN', NULL, NULL, ''),
(198, 173, 'SEND', NULL, NULL, ''),
(199, 174, 'SCAN', NULL, NULL, ''),
(200, 174, 'SEND', NULL, NULL, 'UP/MEDIUM/DOWN'),
(201, 175, 'SCAN', NULL, NULL, ''),
(202, 175, 'SEND', NULL, NULL, 'OPEN/CLOSE'),
(203, 176, 'SCAN', NULL, NULL, ''),
(204, 176, 'SEND', NULL, NULL, 'ON/OFF'),
(205, 177, 'SCAN', NULL, NULL, ''),
(206, 177, 'SEND', NULL, NULL, 'IRCODES'),
(207, 178, 'SCAN', NULL, NULL, ''),
(208, 178, 'SEND', NULL, NULL, 'OPEN/CLOSE'),
(209, 179, 'SCAN', NULL, NULL, ''),
(210, 179, 'SEND', NULL, NULL, 'ON/OFF'),
(211, 180, 'SCAN', NULL, NULL, ''),
(212, 180, 'SEND', NULL, NULL, 'IRCODES'),
(213, 181, 'SCAN', NULL, NULL, ''),
(214, 181, 'SEND', NULL, NULL, ''),
(215, 182, 'SCAN', NULL, NULL, ''),
(216, 182, 'SEND', NULL, NULL, 'UP/MEDIUM/DOWN'),
(217, 183, 'SCAN', NULL, NULL, ''),
(218, 183, 'SEND', NULL, NULL, 'OPEN/CLOSE'),
(219, 184, 'SCAN', NULL, NULL, ''),
(220, 184, 'SEND', NULL, NULL, 'ON/OFF');

-- --------------------------------------------------------

--
-- Estructura de tabla para la tabla `COMMANDS`
--
-- Creación: 15-04-2014 a las 19:49:30
--

DROP TABLE IF EXISTS `COMMANDS`;
CREATE TABLE IF NOT EXISTS `COMMANDS` (
  `IDCOMMAND` int(11) NOT NULL AUTO_INCREMENT,
  `COMMANDNAME` varchar(50) NOT NULL,
  `IDUSER` int(11) NOT NULL,
  PRIMARY KEY (`IDCOMMAND`),
  KEY `IDUSER` (`IDUSER`)
) ENGINE=InnoDB  DEFAULT CHARSET=utf8 AUTO_INCREMENT=13 ;

--
-- RELACIONES PARA LA TABLA `COMMANDS`:
--   `IDUSER`
--       `USERS` -> `IDUSER`
--

--
-- Volcado de datos para la tabla `COMMANDS`
--

INSERT INTO `COMMANDS` (`IDCOMMAND`, `COMMANDNAME`, `IDUSER`) VALUES
(9, 'salir de casa', 29),
(10, 'levantarse', 29),
(11, 'acostarse', 29),
(12, 'ver desheredada', 29);

-- --------------------------------------------------------

--
-- Estructura Stand-in para la vista `commandVIEW`
--
DROP VIEW IF EXISTS `commandVIEW`;
CREATE TABLE IF NOT EXISTS `commandVIEW` (
`IDUSER` int(11)
,`USERNAME` varchar(50)
,`IDCOMMAND` int(11)
,`COMMANDNAME` varchar(50)
,`POS` int(11)
,`IDPROGRAM` int(11)
,`IDHOUSE` int(11)
,`HOUSENAME` varchar(50)
,`IDROOM` int(11)
,`ROOMNAME` varchar(50)
,`IDSERVICE` int(11)
,`SERVICENAME` varchar(50)
,`IDACTION` int(11)
,`ACTIONNAME` varchar(50)
,`DATA` varchar(50)
);
-- --------------------------------------------------------

--
-- Estructura de tabla para la tabla `COMMAND_PROGRAM`
--
-- Creación: 15-04-2014 a las 14:24:32
--

DROP TABLE IF EXISTS `COMMAND_PROGRAM`;
CREATE TABLE IF NOT EXISTS `COMMAND_PROGRAM` (
  `IDCOMMAND` int(11) NOT NULL,
  `IDPROGRAM` int(11) NOT NULL,
  `POS` int(11) NOT NULL,
  UNIQUE KEY `IDCOMMAND_2` (`IDCOMMAND`,`IDPROGRAM`,`POS`),
  KEY `IDCOMMAND` (`IDCOMMAND`),
  KEY `IDPROGRAM` (`IDPROGRAM`)
) ENGINE=InnoDB DEFAULT CHARSET=utf8;

--
-- RELACIONES PARA LA TABLA `COMMAND_PROGRAM`:
--   `IDPROGRAM`
--       `PROGRAMACTIONS` -> `IDPROGRAM`
--   `IDCOMMAND`
--       `COMMANDS` -> `IDCOMMAND`
--

--
-- Volcado de datos para la tabla `COMMAND_PROGRAM`
--

INSERT INTO `COMMAND_PROGRAM` (`IDCOMMAND`, `IDPROGRAM`, `POS`) VALUES
(10, 80, 1),
(10, 81, 2),
(10, 82, 3),
(11, 83, 1),
(11, 84, 2),
(11, 85, 3),
(11, 86, 4),
(11, 87, 5),
(11, 88, 6),
(12, 89, 1),
(12, 90, 2),
(12, 91, 3),
(12, 92, 4),
(12, 93, 5);

--
-- Disparadores `COMMAND_PROGRAM`
--
DROP TRIGGER IF EXISTS `checkPOS_natural`;
DELIMITER //
CREATE TRIGGER `checkPOS_natural` BEFORE INSERT ON `COMMAND_PROGRAM`
 FOR EACH ROW BEGIN
  IF NEW.POS < 1 THEN
    SIGNAL SQLSTATE '02000' SET MESSAGE_TEXT = 'POS must be natural';
  END IF;
END
//
DELIMITER ;

-- --------------------------------------------------------

--
-- Estructura Stand-in para la vista `countHitsVIEW`
--
DROP VIEW IF EXISTS `countHitsVIEW`;
CREATE TABLE IF NOT EXISTS `countHitsVIEW` (
`USERNAME` varchar(50)
,`FUNCTION` varchar(50)
,`TOTAL` bigint(21)
,`SUCCESS` decimal(23,0)
,`ERROR` decimal(23,0)
,`PASSWORD` decimal(23,0)
,`INTEGRITY` decimal(23,0)
);
-- --------------------------------------------------------

--
-- Estructura de tabla para la tabla `DEVICES`
--
-- Creación: 17-04-2014 a las 01:10:04
--

DROP TABLE IF EXISTS `DEVICES`;
CREATE TABLE IF NOT EXISTS `DEVICES` (
  `IDDEVICE` int(11) NOT NULL AUTO_INCREMENT,
  `IDUSER` int(11) DEFAULT NULL,
  `IPADDRESS` varchar(500) DEFAULT NULL,
  `SERIAL` varchar(50) DEFAULT NULL,
  `DEVICENAME` varchar(50) DEFAULT NULL,
  `ENGLISH` varchar(500) DEFAULT NULL,
  `SPANISH` varchar(500) DEFAULT NULL,
  `DATE` timestamp NOT NULL DEFAULT CURRENT_TIMESTAMP,
  `VERSION` int(11) NOT NULL,
  PRIMARY KEY (`IDDEVICE`),
  KEY `IDUSER` (`IDUSER`)
) ENGINE=InnoDB  DEFAULT CHARSET=utf8 AUTO_INCREMENT=46 ;

--
-- RELACIONES PARA LA TABLA `DEVICES`:
--   `IDUSER`
--       `USERS` -> `IDUSER`
--

--
-- Volcado de datos para la tabla `DEVICES`
--

INSERT INTO `DEVICES` (`IDDEVICE`, `IDUSER`, `IPADDRESS`, `SERIAL`, `DEVICENAME`, `ENGLISH`, `SPANISH`, `DATE`, `VERSION`) VALUES
(0, NULL, NULL, NULL, 'Arduino UNO', '{"Microcontroller":"ATmega328",\n    "Operating Voltage":"5V",\n    "Input Voltage (recommended)":"7-12V",\n    "Input Voltage (limits)":"6-20V",\n    "Digital I/O Pins":"14 (of which 6 provide PWM output)",\n    "Analog Input Pins":"6",\n    "DC Current per I/O Pin":"40 mA",\n    "DC Current for 3.3V Pin":"50 mA",\n    "Flash Memory":"32 KB (ATmega328) of which 0.5 KB used by bootloader",\n    "SRAM":"2 KB (ATmega328)",\n    "EEPROM":"1 KB (ATmega328)",\n    "Clock Speed":"16 MHz"}', '{"Microcontroller":"ATmega328",\n    "Operating Voltage":"5V",\n    "Input Voltage (recommended)":"7-12V",\n    "Input Voltage (limits)":"6-20V",\n    "Digital I/O Pins":"14 (of which 6 provide PWM output)",\n    "Analog Input Pins":"6",\n    "DC Current per I/O Pin":"40 mA",\n    "DC Current for 3.3V Pin":"50 mA",\n    "Flash Memory":"32 KB (ATmega328) of which 0.5 KB used by bootloader",\n    "SRAM":"2 KB (ATmega328)",\n    "EEPROM":"1 KB (ATmega328)",\n    "Clock Speed":"16 MHz"}', '2014-03-23 21:21:42', 1),
(1, NULL, NULL, NULL, 'Arduino DUO', '{"Microcontroller":"AT91SAM3X8E","Operating Voltage":"3.3V","Input Voltage (recommended)":"7-12V","Input Voltage (limits)":"6-16V","Digital I/O Pins":"54 (of which 12 provide PWM output)","Analog Input Pins":"12","Analog Outputs Pins":"2 (DAC)","Total DC Output Current on all I/O lines":"130 mA","DC Current for 3.3V Pin":"800 mA","DC Current for 5V Pin":"800 mA","Flash Memory":"512 KB all available for the user applications","SRAM":"96 KB (two banks: 64KB and 32KB)","Clock Speed":"84 MHz"}', '{"Microcontroller":"AT91SAM3X8E","Operating Voltage":"3.3V","Input Voltage (recommended)":"7-12V","Input Voltage (limits)":"6-16V","Digital I/O Pins":"54 (of which 12 provide PWM output)","Analog Input Pins":"12","Analog Outputs Pins":"2 (DAC)","Total DC Output Current on all I/O lines":"130 mA","DC Current for 3.3V Pin":"800 mA","DC Current for 5V Pin":"800 mA","Flash Memory":"512 KB all available for the user applications","SRAM":"96 KB (two banks: 64KB and 32KB)","Clock Speed":"84 MHz"}', '2014-03-23 21:35:50', 1),
(43, 2, 'http://mansio/rasp/index.php', '1', 'Arduino UNO', '{"Microcontroller":"ATmega328",\n    "Operating Vol', '{"Microcontroller":"ATmega328",\n    "Operating Vol', '2014-04-17 14:57:25', 1),
(44, 29, 'http://casaBertoldo/rasp/index.php', '1', 'Arduino UNO', '{"Microcontroller":"ATmega328",\n    "Operating Vol', '{"Microcontroller":"ATmega328",\n    "Operating Vol', '2014-04-17 15:07:55', 1),
(45, 29, 'http://casaBertoldo/rasp/index.php', '2', 'Arduino UNO', '{"Microcontroller":"ATmega328",\n    "Operating Vol', '{"Microcontroller":"ATmega328",\n    "Operating Vol', '2014-04-17 15:08:04', 1);

-- --------------------------------------------------------

--
-- Estructura Stand-in para la vista `deviceVIEW`
--
DROP VIEW IF EXISTS `deviceVIEW`;
CREATE TABLE IF NOT EXISTS `deviceVIEW` (
`IDUSER` int(11)
,`USERNAME` varchar(50)
,`IDDEVICE` int(11)
,`DEVICENAME` varchar(50)
,`IPADDRESS` varchar(500)
,`SERIAL` varchar(50)
,`ENGLISH` varchar(500)
,`SPANISH` varchar(500)
,`IDSERVICE` int(11)
,`SERVICENAME` varchar(50)
,`IDROOM` int(11)
,`ROOMNAME` varchar(50)
,`IDHOUSE` int(11)
,`HOUSENAME` varchar(50)
);
-- --------------------------------------------------------

--
-- Estructura de tabla para la tabla `ERRORS`
--
-- Creación: 12-04-2014 a las 14:42:05
--

DROP TABLE IF EXISTS `ERRORS`;
CREATE TABLE IF NOT EXISTS `ERRORS` (
  `ERRORCODE` int(11) NOT NULL AUTO_INCREMENT,
  `ENGLISH` varchar(50) NOT NULL,
  `SPANISH` varchar(50) NOT NULL,
  PRIMARY KEY (`ERRORCODE`)
) ENGINE=InnoDB  DEFAULT CHARSET=utf8 AUTO_INCREMENT=68 ;

--
-- Volcado de datos para la tabla `ERRORS`
--

INSERT INTO `ERRORS` (`ERRORCODE`, `ENGLISH`, `SPANISH`) VALUES
(0, 'SUCCESS', 'CORRECTO'),
(1, 'Insert abort.', 'Inserción abortada.'),
(2, 'Incorrect password.', 'La contraseña es incorrecta.'),
(3, 'This user does not exist.', 'Este usuario no existe.'),
(4, 'Database integrity break.', 'Integridad de la base de datos rota.'),
(5, 'The action or service does not exist.', 'La acción o servicio no existe.'),
(6, 'This user already exists.', 'Este usuario ya existe.'),
(7, 'This email already has an account associated.', 'Este email ya tiene una cuenta asociada.'),
(8, 'This house does not exist.', 'La casa no existe.'),
(9, 'This room does not exist in the house.', 'Esta habitación no existe en la casa.'),
(10, 'Requires permission.', 'Necesita permisos.'),
(11, 'Requires access.', 'Necesita acceso.'),
(12, 'Email password recovery sent.', 'Correo de recuperacion de contraseña enviado.'),
(13, 'Create new user.', 'Nuevo usuario creado.'),
(14, 'Deleted user.', 'Usuario eliminado.'),
(15, 'User modified.', 'Usuario modificado.'),
(16, 'Action sent.', 'Acción enviada.'),
(17, 'Create new house.', 'Nueva casa creada.'),
(18, 'You have not access to this house.', 'No tiene acceso a la casa.'),
(19, 'House deleted.', 'Casa eliminada.'),
(20, 'This service does not exist for the room.', 'Este servicio no existe para la habitación.'),
(21, 'This action does not exist for this service.', 'Esta acción no existe para este servicio.'),
(22, 'This house already exists.', 'Esta casa ya existe.'),
(23, 'This program action already exists.', 'Esta accion programada ya existe.'),
(24, 'This task already exists.', 'Esta tarea ya existe.'),
(25, 'Not allowed to create cyclic tasks.', 'No esta permitido crear tareas ciclicas.'),
(26, 'Next program action does not exist.', 'La accion programada siguiente no existe.'),
(27, 'Create new program action.', 'Nueva acción programada creada.'),
(28, 'Program action deleted.', 'Acción programada eliminada.'),
(29, 'Created new task.', 'Nueva tarea creada.'),
(30, 'Task deleted.', 'Tarea eliminada.'),
(31, 'This task does not exist.', 'Esta tarea no existe.'),
(32, 'The task does not exist or is not of this user.', 'La tarea no existe o no es de este usuario.'),
(33, 'The action does not exist or is not of this user.', 'La accion no existe o no es de este usuario.'),
(34, 'The action has been included in the task.', 'La acción se ha incluido en la tarea.'),
(35, 'The action has been removed in the task.', 'La acción se ha eliminado en la tarea.'),
(36, 'This action is not in the task.', 'Esta acción no esta en la tarea.'),
(37, 'This action is already in the task.', 'Esta acción ya esta en la tarea.'),
(38, 'Unknown command.', 'Comando desconocido.'),
(39, 'You are not an administrator.', 'No eres administrador.'),
(40, 'New access to the house given.', 'Nuevo acceso a la casa concedido.'),
(41, 'Access removed.', 'Acceso eliminado.'),
(42, 'House modify.', 'Casa modificada.'),
(43, 'This room already exist.', 'Esta habitación ya existe.'),
(44, 'Create new room.', 'Nueva habitación creada.'),
(45, 'Room deleted.', 'Habitación eliminada.'),
(46, 'Access requires or room does not exist.', 'Necesita acceso o no existe la habitación.'),
(47, 'This device already exist.', 'Este dispositivo ya existe.'),
(48, 'This device does not supported.', 'Este dispositivo no es compatible.'),
(49, 'Added new device.', 'Nuevo dispositivo añadido.'),
(50, 'Login success.', 'Login correcto.'),
(51, ' This command already exists.', 'Este comando ya existe.'),
(52, 'New command created.', 'Nuevo comando creado.'),
(53, 'This command does not exist.', 'Este comando no existe.'),
(54, 'Command removed.', 'Comando eliminado.'),
(55, 'This position is already occupied.', 'Esta posición ya esta ocupada.'),
(56, 'Action added to the command.', 'Acción añadido al comando.'),
(57, 'The position should be a natural.', 'La posición debe ser un natural.'),
(58, 'This command does not have this action.', 'Este comando no tiene esta acción.'),
(59, 'Action removed from command.', 'Acción eliminada del comando.'),
(60, 'The command does not exist or is not of this user.', 'El comando no existe o no es de este usuario.'),
(61, 'A parameter is null.', 'Un parámetro es nulo.'),
(62, 'Device deleted.', 'Dispositivo eliminado.'),
(63, 'The house can not stand without administrator.', 'La casa no puede quedarse sin administrador.'),
(64, 'This service does not exist.', 'Este servicio no existe.'),
(65, 'Service assigned to a room.', 'Servicio asignado a una habitacion.'),
(66, 'This room does not exist.', 'Esta habitación no existe.'),
(67, 'Service removed from a room.', 'Servicio quitado de la una habitación.');

-- --------------------------------------------------------

--
-- Estructura de tabla para la tabla `FUNCTIONS`
--
-- Creación: 15-04-2014 a las 19:50:51
--

DROP TABLE IF EXISTS `FUNCTIONS`;
CREATE TABLE IF NOT EXISTS `FUNCTIONS` (
  `FUNCT` int(11) NOT NULL AUTO_INCREMENT,
  `FUNCTION` varchar(50) NOT NULL,
  PRIMARY KEY (`FUNCT`),
  UNIQUE KEY `FUNCTION` (`FUNCTION`)
) ENGINE=InnoDB  DEFAULT CHARSET=utf8 AUTO_INCREMENT=33 ;

--
-- Volcado de datos para la tabla `FUNCTIONS`
--

INSERT INTO `FUNCTIONS` (`FUNCT`, `FUNCTION`) VALUES
(0, '----'),
(28, 'addcommandprogram'),
(21, 'addtaskprogram'),
(24, 'createaccesshouse'),
(26, 'createcommand'),
(25, 'createdevice'),
(7, 'createhouse'),
(14, 'createprogramaction'),
(17, 'createroom'),
(11, 'createtask'),
(3, 'createuser'),
(27, 'deletecommand'),
(30, 'deletedevice'),
(9, 'deletehouse'),
(15, 'deleteprogramaction'),
(18, 'deleteroom'),
(12, 'deletetask'),
(4, 'deleteuser'),
(6, 'doaction'),
(10, 'getweather'),
(8, 'ipcheck'),
(31, 'linkserviceroom'),
(1, 'login'),
(2, 'lostpass'),
(20, 'modifyhouse'),
(16, 'modifyprogramaction'),
(19, 'modifyroom'),
(13, 'modifytask'),
(5, 'modifyuser'),
(29, 'removecommandprogram'),
(22, 'removetaskprogram'),
(23, 'schedulehouse'),
(32, 'unlinkserviceroom');

-- --------------------------------------------------------

--
-- Estructura de tabla para la tabla `HISTORYACCESS`
--
-- Creación: 13-04-2014 a las 22:08:26
--

DROP TABLE IF EXISTS `HISTORYACCESS`;
CREATE TABLE IF NOT EXISTS `HISTORYACCESS` (
  `IDHISTORY` int(11) NOT NULL AUTO_INCREMENT,
  `IDUSER` int(11) DEFAULT NULL,
  `IDHOUSE` int(11) DEFAULT NULL,
  `ERROR` int(11) DEFAULT NULL,
  `FUNCT` int(11) DEFAULT NULL,
  `DATESTAMP` timestamp NOT NULL DEFAULT CURRENT_TIMESTAMP,
  PRIMARY KEY (`IDHISTORY`),
  KEY `ERROR` (`ERROR`),
  KEY `FUNCT` (`FUNCT`)
) ENGINE=InnoDB  DEFAULT CHARSET=utf8 AUTO_INCREMENT=3643 ;

--
-- RELACIONES PARA LA TABLA `HISTORYACCESS`:
--   `IDHOUSE`
--       `HOUSES` -> `IDHOUSE`
--   `IDUSER`
--       `USERS` -> `IDUSER`
--   `ERROR`
--       `ERRORS` -> `ERRORCODE`
--   `FUNCT`
--       `FUNCTIONS` -> `FUNCT`
--

--
-- Volcado de datos para la tabla `HISTORYACCESS`
--

INSERT INTO `HISTORYACCESS` (`IDHISTORY`, `IDUSER`, `IDHOUSE`, `ERROR`, `FUNCT`, `DATESTAMP`) VALUES
(92, 10, NULL, 0, 1, '2014-03-25 22:06:30'),
(93, 60, NULL, 0, 3, '2014-03-25 22:08:02'),
(94, 60, NULL, 6, 3, '2014-03-25 22:08:31'),
(95, 10, NULL, 0, 1, '2014-03-25 22:11:18'),
(96, 10, NULL, 0, 1, '2014-03-25 22:19:22'),
(97, 10, NULL, 0, 1, '2014-03-25 22:24:34'),
(98, 10, NULL, 0, 1, '2014-03-25 22:30:12'),
(99, 10, NULL, 0, 1, '2014-03-25 22:30:39'),
(100, 10, NULL, 0, 1, '2014-03-25 22:32:39'),
(101, 10, NULL, 0, 1, '2014-03-25 22:34:47'),
(102, 10, NULL, 0, 1, '2014-03-25 22:36:07'),
(103, 10, NULL, 0, 1, '2014-03-25 22:38:39'),
(104, 10, NULL, 0, 1, '2014-03-25 22:48:38'),
(105, 10, NULL, 0, 1, '2014-03-25 22:54:38'),
(106, 10, NULL, 0, 1, '2014-03-25 22:57:18'),
(107, 1, NULL, 0, 1, '2014-03-25 22:59:22'),
(108, 10, NULL, 0, 1, '2014-03-25 23:01:04'),
(109, 1, NULL, 0, 1, '2014-03-25 23:01:47'),
(110, 10, NULL, 0, 1, '2014-03-25 23:04:06'),
(111, 10, NULL, 0, 1, '2014-03-25 23:08:58'),
(112, 10, NULL, 0, 1, '2014-03-25 23:12:21'),
(113, 1, NULL, 0, 1, '2014-03-25 23:36:33'),
(114, 1, NULL, 0, 1, '2014-03-25 23:39:46'),
(115, 1, NULL, 0, 1, '2014-03-25 23:41:13'),
(116, 1, NULL, 0, 1, '2014-03-25 23:42:24'),
(117, 1, NULL, 0, 1, '2014-03-25 23:43:27'),
(118, 1, NULL, 0, 1, '2014-03-25 23:44:48'),
(119, 1, NULL, 0, 1, '2014-03-25 23:44:58'),
(120, 1, NULL, 0, 1, '2014-03-25 23:48:48'),
(121, 1, NULL, 0, 1, '2014-03-25 23:53:45'),
(122, 1, NULL, 0, 1, '2014-03-25 23:57:38'),
(123, 1, NULL, 0, 1, '2014-03-25 23:57:58'),
(124, 1, NULL, 0, 1, '2014-03-25 23:58:35'),
(125, 1, NULL, 0, 1, '2014-03-26 00:20:23'),
(126, 1, NULL, 0, 1, '2014-03-26 00:22:09'),
(127, 1, NULL, 0, 1, '2014-03-26 00:24:04'),
(128, 1, NULL, 0, 1, '2014-03-26 00:29:04'),
(129, 1, NULL, 0, 1, '2014-03-26 00:32:02'),
(130, 1, NULL, 0, 1, '2014-03-26 00:32:54'),
(131, 1, NULL, 0, 1, '2014-03-26 00:33:33'),
(132, 1, NULL, 0, 1, '2014-03-26 00:36:30'),
(133, 1, NULL, 0, 1, '2014-03-26 00:40:25'),
(134, 1, NULL, 0, 1, '2014-03-26 00:41:34'),
(135, 1, NULL, 0, 1, '2014-03-26 00:46:48'),
(136, 1, NULL, 0, 1, '2014-03-26 00:48:11'),
(137, 1, NULL, 0, 1, '2014-03-26 00:49:32'),
(138, 1, NULL, 0, 1, '2014-03-26 00:56:34'),
(139, 1, NULL, 0, 1, '2014-03-26 01:13:20'),
(140, 1, NULL, 0, 1, '2014-03-26 01:16:24'),
(141, 1, NULL, 0, 1, '2014-03-26 01:18:10'),
(142, 1, NULL, 0, 1, '2014-03-26 01:21:49'),
(143, 1, NULL, 0, 1, '2014-03-26 01:23:02'),
(144, 1, NULL, 0, 1, '2014-03-26 01:25:54'),
(145, 1, NULL, 0, 1, '2014-03-26 01:28:31'),
(146, 1, NULL, 0, 1, '2014-03-26 01:29:56'),
(147, 1, NULL, 0, 5, '2014-03-26 01:30:11'),
(148, 1, NULL, 0, 1, '2014-03-26 08:12:14'),
(149, 1, NULL, 0, 1, '2014-03-26 08:24:48'),
(150, 1, NULL, 0, 1, '2014-03-26 08:38:07'),
(151, 1, NULL, 0, 5, '2014-03-26 08:38:28'),
(152, 1, NULL, 2, 1, '2014-03-26 08:56:10'),
(153, 1, NULL, 2, 1, '2014-03-26 08:56:13'),
(154, 1, NULL, 2, 1, '2014-03-26 08:56:28'),
(155, 1, NULL, 2, 1, '2014-03-26 08:57:54'),
(156, 10, NULL, 0, 1, '2014-03-26 08:59:01'),
(157, 1, NULL, 0, 1, '2014-03-26 08:59:41'),
(158, 2, NULL, 2, 1, '2014-03-26 09:00:43'),
(159, 2, NULL, 2, 1, '2014-03-26 09:02:52'),
(160, 2, NULL, 2, 1, '2014-03-26 09:03:57'),
(161, 10, NULL, 0, 1, '2014-03-26 09:05:34'),
(162, 10, NULL, 0, 1, '2014-03-26 09:11:03'),
(163, 10, NULL, 0, 1, '2014-03-26 09:11:21'),
(164, 10, NULL, 0, 1, '2014-03-26 09:12:01'),
(165, 10, NULL, 0, 1, '2014-03-26 09:13:04'),
(166, 10, NULL, 0, 1, '2014-03-26 09:13:47'),
(167, 10, NULL, 0, 1, '2014-03-26 09:16:00'),
(168, 10, NULL, 0, 1, '2014-03-26 09:18:48'),
(169, 10, NULL, 0, 1, '2014-03-26 09:23:29'),
(170, 2, NULL, 2, 1, '2014-03-26 09:24:46'),
(171, 2, NULL, 2, 1, '2014-03-26 09:26:05'),
(172, 2, NULL, 2, 1, '2014-03-26 09:26:50'),
(173, 2, NULL, 2, 1, '2014-03-26 09:27:57'),
(174, 2, NULL, 2, 1, '2014-03-26 09:29:14'),
(175, 2, NULL, 2, 1, '2014-03-26 09:33:21'),
(176, 2, NULL, 2, 1, '2014-03-26 09:34:44'),
(177, 2, NULL, 2, 1, '2014-03-26 09:36:23'),
(178, 2, NULL, 2, 1, '2014-03-26 09:36:45'),
(179, 2, NULL, 2, 1, '2014-03-26 09:38:19'),
(180, 2, NULL, 2, 1, '2014-03-26 09:39:15'),
(181, 10, NULL, 0, 1, '2014-03-26 09:45:43'),
(182, 10, NULL, 0, 1, '2014-03-26 09:50:26'),
(183, 10, NULL, 0, 1, '2014-03-26 09:51:42'),
(184, 10, NULL, 0, 1, '2014-03-26 09:53:51'),
(185, 10, NULL, 0, 1, '2014-03-26 09:57:23'),
(186, 2, NULL, 2, 1, '2014-03-26 09:59:57'),
(187, 2, NULL, 2, 1, '2014-03-26 10:00:37'),
(188, 2, NULL, 2, 1, '2014-03-26 10:00:53'),
(189, 2, NULL, 0, 1, '2014-03-26 10:01:53'),
(190, 2, NULL, 0, 1, '2014-03-26 10:03:52'),
(191, 2, NULL, 0, 1, '2014-03-26 10:05:33'),
(192, 2, NULL, 0, 1, '2014-03-26 10:07:33'),
(193, 2, NULL, 0, 1, '2014-03-26 10:09:22'),
(194, 2, NULL, 0, 1, '2014-03-26 10:12:01'),
(195, 2, NULL, 0, 1, '2014-03-26 10:13:29'),
(196, 2, NULL, 0, 1, '2014-03-26 10:14:56'),
(197, 2, NULL, 0, 1, '2014-03-26 10:15:32'),
(198, 2, NULL, 0, 1, '2014-03-26 10:16:36'),
(199, 2, NULL, 0, 1, '2014-03-26 10:19:47'),
(200, 2, NULL, 0, 1, '2014-03-26 10:26:48'),
(201, 2, NULL, 0, 1, '2014-03-26 10:31:12'),
(202, 2, NULL, 0, 1, '2014-03-26 10:31:56'),
(203, 2, NULL, 0, 1, '2014-03-26 10:33:25'),
(204, 2, NULL, 0, 1, '2014-03-26 10:34:02'),
(205, 2, NULL, 0, 1, '2014-03-26 10:35:04'),
(206, 2, NULL, 0, 1, '2014-03-26 10:36:38'),
(207, 2, NULL, 0, 1, '2014-03-26 10:43:11'),
(208, 2, NULL, 0, 1, '2014-03-26 10:44:28'),
(209, 2, NULL, 0, 1, '2014-03-26 10:44:55'),
(210, 2, NULL, 0, 1, '2014-03-26 10:47:14'),
(211, 2, NULL, 0, 1, '2014-03-26 10:48:40'),
(212, 2, NULL, 0, 1, '2014-03-26 10:50:17'),
(213, 2, NULL, 0, 1, '2014-03-26 10:51:06'),
(214, 2, NULL, 0, 1, '2014-03-26 10:51:26'),
(215, 2, NULL, 0, 1, '2014-03-26 10:52:16'),
(216, 2, NULL, 0, 1, '2014-03-26 10:52:50'),
(217, 2, NULL, 0, 1, '2014-03-26 10:53:52'),
(218, 2, NULL, 0, 1, '2014-03-26 10:55:18'),
(219, 2, NULL, 0, 1, '2014-03-26 10:55:33'),
(220, 2, NULL, 0, 1, '2014-03-26 10:55:45'),
(221, 2, NULL, 0, 1, '2014-03-26 10:56:01'),
(222, 2, NULL, 0, 1, '2014-03-26 10:56:36'),
(223, 2, NULL, 0, 1, '2014-03-26 10:58:12'),
(224, 2, NULL, 0, 1, '2014-03-26 11:03:34'),
(225, 2, NULL, 0, 1, '2014-03-26 11:04:01'),
(226, 2, NULL, 0, 1, '2014-03-26 11:04:27'),
(227, 2, NULL, 0, 1, '2014-03-26 11:07:24'),
(228, 2, NULL, 0, 1, '2014-03-26 11:08:37'),
(229, 2, NULL, 0, 1, '2014-03-26 11:09:12'),
(230, 2, NULL, 0, 1, '2014-03-26 11:09:53'),
(231, 61, NULL, 0, 3, '2014-03-26 11:11:56'),
(232, 2, NULL, 0, 1, '2014-03-26 11:12:13'),
(233, 61, NULL, 0, 1, '2014-03-26 11:13:20'),
(234, 61, NULL, 0, 1, '2014-03-26 11:14:28'),
(235, 61, NULL, 2, 1, '2014-03-26 11:18:12'),
(236, 1, NULL, 2, 1, '2014-03-26 11:18:29'),
(237, 61, NULL, 6, 3, '2014-03-26 11:19:18'),
(238, 1, NULL, 6, 3, '2014-03-26 11:21:39'),
(239, 61, NULL, 2, 1, '2014-03-26 11:22:12'),
(240, 61, NULL, 2, 1, '2014-03-26 11:22:42'),
(241, 61, NULL, 0, 1, '2014-03-26 11:22:53'),
(242, 61, NULL, 0, 5, '2014-03-26 11:23:44'),
(243, 61, NULL, 0, 1, '2014-03-26 11:23:58'),
(244, 61, NULL, 0, 1, '2014-03-26 11:25:03'),
(245, 1, NULL, 2, 1, '2014-03-26 11:34:57'),
(246, 1, NULL, 2, 1, '2014-03-26 11:35:00'),
(247, 1, NULL, 2, 1, '2014-03-26 11:35:02'),
(248, 10, NULL, 0, 1, '2014-03-26 11:35:20'),
(249, 10, NULL, 0, 1, '2014-03-26 11:36:38'),
(250, 10, NULL, 0, 1, '2014-03-26 11:38:52'),
(251, 10, NULL, 0, 1, '2014-03-26 11:39:37'),
(252, 10, NULL, 0, 1, '2014-03-26 11:50:24'),
(253, 10, NULL, 0, 1, '2014-03-26 12:28:47'),
(254, 10, NULL, 0, 1, '2014-03-26 13:08:18'),
(255, 10, NULL, 0, 1, '2014-03-26 14:02:35'),
(256, 10, NULL, 0, 1, '2014-03-26 14:20:42'),
(257, 10, NULL, 0, 1, '2014-03-26 14:41:08'),
(258, 10, NULL, 0, 1, '2014-03-26 14:42:17'),
(259, 10, NULL, 0, 1, '2014-03-26 14:43:20'),
(260, 10, NULL, 0, 1, '2014-03-26 14:46:10'),
(261, 10, NULL, 0, 1, '2014-03-26 14:51:47'),
(262, 10, NULL, 0, 1, '2014-03-26 14:57:38'),
(263, 10, NULL, 0, 1, '2014-03-26 15:21:15'),
(264, 10, NULL, 2, 1, '2014-03-26 15:29:47'),
(265, 10, NULL, 2, 1, '2014-03-26 15:32:46'),
(266, NULL, NULL, 3, 1, '2014-03-26 15:32:57'),
(267, 10, NULL, 2, 1, '2014-03-26 15:33:03'),
(268, 10, NULL, 0, 1, '2014-03-26 15:33:07'),
(269, 10, NULL, 2, 1, '2014-03-26 15:33:58'),
(270, 10, NULL, 2, 1, '2014-03-26 15:36:51'),
(271, 10, NULL, 0, 1, '2014-03-26 15:36:58'),
(272, NULL, NULL, 0, 3, '2014-03-26 15:38:49'),
(273, 10, NULL, 0, 1, '2014-03-26 15:39:24'),
(274, 10, NULL, 0, 1, '2014-03-26 15:46:14'),
(275, 10, NULL, 0, 1, '2014-03-26 15:46:27'),
(276, 29, NULL, 0, 1, '2014-03-26 15:47:18'),
(277, 29, NULL, 2, 1, '2014-03-26 15:47:49'),
(278, NULL, NULL, 3, 1, '2014-03-26 15:48:01'),
(279, 29, NULL, 0, 1, '2014-03-26 15:48:16'),
(280, 10, NULL, 0, 1, '2014-03-26 15:55:04'),
(281, NULL, NULL, 3, 1, '2014-03-26 16:25:00'),
(282, NULL, NULL, 3, 1, '2014-03-26 16:25:03'),
(283, NULL, NULL, 3, 1, '2014-03-26 16:25:14'),
(284, 10, NULL, 0, 1, '2014-03-26 16:26:59'),
(285, NULL, NULL, 3, 1, '2014-03-26 16:36:57'),
(286, NULL, NULL, 3, 1, '2014-03-26 16:37:08'),
(287, 10, NULL, 0, 1, '2014-03-26 16:37:23'),
(288, 29, NULL, 0, 1, '2014-03-26 16:45:07'),
(289, 10, NULL, 0, 1, '2014-03-26 16:48:26'),
(290, 10, NULL, 0, 1, '2014-03-26 16:57:12'),
(291, 28, NULL, 2, 1, '2014-03-26 16:57:57'),
(292, 29, NULL, 0, 1, '2014-03-26 17:20:54'),
(293, 29, NULL, 0, 1, '2014-03-26 17:23:55'),
(294, NULL, NULL, 3, 1, '2014-03-26 17:26:53'),
(295, 29, NULL, 0, 1, '2014-03-26 17:27:29'),
(296, 10, NULL, 0, 1, '2014-03-26 17:30:06'),
(297, 10, NULL, 0, 1, '2014-03-26 17:32:21'),
(298, NULL, NULL, 3, 1, '2014-03-26 17:34:03'),
(299, 29, NULL, 0, 1, '2014-03-26 17:34:19'),
(300, 29, NULL, 0, 1, '2014-03-26 17:37:06'),
(301, 29, NULL, 0, 1, '2014-03-26 17:39:03'),
(302, 29, NULL, 0, 1, '2014-03-26 17:42:31'),
(303, 29, NULL, 0, 1, '2014-03-26 17:44:57'),
(304, 29, NULL, 0, 1, '2014-03-26 17:47:57'),
(305, 29, NULL, 0, 1, '2014-03-26 17:51:15'),
(306, 29, NULL, 0, 1, '2014-03-26 17:52:16'),
(307, 29, NULL, 0, 1, '2014-03-26 17:54:56'),
(308, 29, NULL, 0, 1, '2014-03-26 17:55:55'),
(309, NULL, NULL, 3, 1, '2014-03-26 17:56:45'),
(310, 29, NULL, 0, 1, '2014-03-26 17:56:56'),
(311, 29, NULL, 0, 1, '2014-03-26 17:58:11'),
(312, 10, NULL, 0, 1, '2014-03-26 18:14:58'),
(313, 10, NULL, 0, 1, '2014-03-26 18:47:29'),
(314, 29, NULL, 0, 1, '2014-03-26 18:48:29'),
(315, 10, NULL, 0, 1, '2014-03-26 19:47:07'),
(316, 29, NULL, 0, 1, '2014-03-26 20:28:16'),
(317, 29, NULL, 0, 1, '2014-03-26 20:30:23'),
(318, 29, NULL, 0, 1, '2014-03-26 20:33:24'),
(319, 29, NULL, 0, 1, '2014-03-26 20:40:17'),
(320, 29, NULL, 0, 1, '2014-03-26 20:41:34'),
(321, 29, NULL, 0, 1, '2014-03-26 20:43:50'),
(322, 29, NULL, 0, 1, '2014-03-26 20:45:43'),
(323, 29, NULL, 0, 1, '2014-03-26 20:47:48'),
(324, 29, NULL, 0, 1, '2014-03-26 20:49:42'),
(325, 29, NULL, 0, 1, '2014-03-26 20:51:54'),
(326, 29, NULL, 0, 1, '2014-03-26 20:54:48'),
(327, 29, NULL, 0, 1, '2014-03-26 21:00:19'),
(328, 10, NULL, 0, 1, '2014-03-26 21:04:58'),
(329, NULL, NULL, 3, 1, '2014-03-26 21:36:42'),
(330, 29, NULL, 0, 1, '2014-03-26 21:37:06'),
(331, 29, NULL, 0, 1, '2014-03-26 21:44:40'),
(332, 29, NULL, 0, 1, '2014-03-26 21:44:41'),
(333, 2, NULL, 2, 1, '2014-03-26 21:45:27'),
(334, 2, NULL, 0, 1, '2014-03-26 21:45:47'),
(335, NULL, NULL, 3, 1, '2014-03-26 22:02:14'),
(336, NULL, NULL, 0, 3, '2014-03-26 22:02:48'),
(337, NULL, NULL, 3, 1, '2014-03-26 22:02:52'),
(338, NULL, NULL, 3, 1, '2014-03-26 22:03:03'),
(339, NULL, NULL, 0, 3, '2014-03-26 22:03:54'),
(340, NULL, NULL, 3, 1, '2014-03-26 22:03:57'),
(341, 10, NULL, 0, 1, '2014-03-26 22:04:23'),
(342, NULL, NULL, 0, 3, '2014-03-26 22:07:37'),
(343, NULL, NULL, 3, 1, '2014-03-26 22:07:47'),
(344, 10, NULL, 0, 1, '2014-03-26 22:10:27'),
(345, 29, NULL, 0, 1, '2014-03-26 22:23:14'),
(346, 29, NULL, 0, 1, '2014-03-26 22:33:34'),
(347, 29, NULL, 0, 1, '2014-03-26 22:45:07'),
(348, 29, NULL, 5, 6, '2014-03-26 22:45:07'),
(349, 29, NULL, 0, 1, '2014-03-26 22:47:19'),
(350, 29, NULL, 5, 6, '2014-03-26 22:47:20'),
(351, 29, NULL, 0, 1, '2014-03-26 22:49:41'),
(352, 29, NULL, 5, 6, '2014-03-26 22:49:42'),
(353, 29, NULL, 0, 1, '2014-03-26 22:50:56'),
(354, 29, NULL, 5, 6, '2014-03-26 22:50:57'),
(355, 29, NULL, 0, 1, '2014-03-26 22:59:27'),
(356, 29, NULL, 5, 6, '2014-03-26 22:59:28'),
(357, 29, NULL, 0, 1, '2014-03-26 23:01:45'),
(358, 29, NULL, 5, 6, '2014-03-26 23:01:46'),
(359, 29, NULL, 0, 1, '2014-03-26 23:06:28'),
(360, 29, NULL, 5, 6, '2014-03-26 23:06:29'),
(361, 29, NULL, 0, 1, '2014-03-26 23:23:24'),
(362, 29, NULL, 5, 6, '2014-03-26 23:23:25'),
(363, 29, NULL, 5, 6, '2014-03-26 23:23:33'),
(364, 29, NULL, 5, 6, '2014-03-26 23:27:22'),
(365, 29, NULL, 0, 1, '2014-03-26 23:31:18'),
(366, 29, NULL, 5, 6, '2014-03-26 23:31:19'),
(367, 29, NULL, 0, 5, '2014-03-26 23:32:17'),
(368, 29, NULL, 0, 5, '2014-03-26 23:33:02'),
(369, 29, NULL, 0, 5, '2014-03-26 23:33:07'),
(370, 29, NULL, 0, 1, '2014-03-26 23:38:09'),
(371, 29, NULL, 5, 6, '2014-03-26 23:38:10'),
(372, 29, NULL, 0, 5, '2014-03-26 23:38:43'),
(373, 29, NULL, 0, 5, '2014-03-26 23:38:49'),
(374, 29, NULL, 0, 5, '2014-03-26 23:38:55'),
(375, 29, NULL, 0, 6, '2014-03-26 23:39:00'),
(376, 29, NULL, 0, 1, '2014-03-26 23:40:19'),
(377, 29, NULL, 0, 6, '2014-03-26 23:40:21'),
(378, 29, NULL, 0, 5, '2014-03-26 23:40:44'),
(379, 29, NULL, 0, 1, '2014-03-26 23:42:09'),
(380, 29, NULL, 0, 6, '2014-03-26 23:42:10'),
(381, 29, NULL, 0, 6, '2014-03-26 23:42:28'),
(382, 29, NULL, 0, 1, '2014-03-26 23:45:38'),
(383, 29, NULL, 0, 6, '2014-03-26 23:45:40'),
(384, 29, NULL, 0, 1, '2014-03-26 23:59:38'),
(385, 29, NULL, 0, 6, '2014-03-26 23:59:39'),
(386, 10, NULL, 0, 1, '2014-03-27 02:04:29'),
(387, NULL, NULL, 0, 3, '2014-03-27 02:05:06'),
(388, NULL, NULL, 3, 1, '2014-03-27 02:05:19'),
(389, 61, NULL, 2, 1, '2014-03-27 02:17:57'),
(390, 61, NULL, 2, 1, '2014-03-27 02:18:06'),
(391, 61, NULL, 0, 1, '2014-03-27 02:18:12'),
(392, 29, NULL, 0, 1, '2014-03-27 08:33:42'),
(393, 29, NULL, 0, 6, '2014-03-27 08:33:46'),
(394, 29, NULL, 0, 1, '2014-03-27 08:38:36'),
(395, 29, NULL, 0, 6, '2014-03-27 08:38:39'),
(396, 29, NULL, 0, 1, '2014-03-27 08:44:05'),
(397, 29, NULL, 0, 6, '2014-03-27 08:44:08'),
(398, 29, NULL, 0, 1, '2014-03-27 08:45:20'),
(399, 29, NULL, 0, 6, '2014-03-27 08:45:23'),
(400, 29, NULL, 0, 1, '2014-03-27 08:49:12'),
(401, 29, NULL, 0, 6, '2014-03-27 08:49:15'),
(402, 29, NULL, 0, 1, '2014-03-27 08:53:09'),
(403, 29, NULL, 0, 6, '2014-03-27 08:53:13'),
(404, 29, NULL, 0, 1, '2014-03-27 08:56:26'),
(405, 29, NULL, 0, 6, '2014-03-27 08:56:33'),
(406, 29, NULL, 0, 1, '2014-03-27 09:01:42'),
(407, 29, NULL, 0, 6, '2014-03-27 09:01:46'),
(408, 29, NULL, 0, 1, '2014-03-27 09:03:47'),
(409, 29, NULL, 0, 6, '2014-03-27 09:03:50'),
(410, 29, NULL, 0, 1, '2014-03-27 09:09:02'),
(411, 29, NULL, 0, 6, '2014-03-27 09:09:05'),
(412, 29, NULL, 0, 1, '2014-03-27 09:12:39'),
(413, 29, NULL, 0, 6, '2014-03-27 09:12:42'),
(414, 29, NULL, 0, 1, '2014-03-27 09:14:41'),
(415, 29, NULL, 0, 6, '2014-03-27 09:14:44'),
(416, 29, NULL, 0, 1, '2014-03-27 09:18:19'),
(417, 29, NULL, 0, 6, '2014-03-27 09:18:23'),
(418, 29, NULL, 0, 1, '2014-03-27 09:21:23'),
(419, 29, NULL, 0, 6, '2014-03-27 09:21:26'),
(420, 29, NULL, 0, 1, '2014-03-27 09:24:47'),
(421, 29, NULL, 0, 6, '2014-03-27 09:24:50'),
(422, 29, NULL, 0, 1, '2014-03-27 09:31:27'),
(423, 29, NULL, 0, 6, '2014-03-27 09:31:30'),
(424, 29, NULL, 0, 1, '2014-03-27 09:33:36'),
(425, 29, NULL, 0, 6, '2014-03-27 09:33:40'),
(426, 29, NULL, 0, 1, '2014-03-27 09:35:13'),
(427, 29, NULL, 0, 6, '2014-03-27 09:35:16'),
(428, 29, NULL, 0, 1, '2014-03-27 09:37:31'),
(429, 29, NULL, 0, 6, '2014-03-27 09:37:34'),
(430, 29, NULL, 0, 1, '2014-03-27 09:43:40'),
(431, 29, NULL, 0, 6, '2014-03-27 09:43:43'),
(432, 29, NULL, 0, 1, '2014-03-27 09:46:22'),
(433, 29, NULL, 0, 6, '2014-03-27 09:46:26'),
(434, 29, NULL, 0, 1, '2014-03-27 09:52:16'),
(435, 29, NULL, 0, 6, '2014-03-27 09:52:19'),
(436, NULL, NULL, 3, 2, '2014-03-27 09:55:59'),
(437, NULL, NULL, 3, 2, '2014-03-27 09:56:09'),
(438, NULL, NULL, 3, 2, '2014-03-27 09:56:14'),
(439, NULL, NULL, 3, 2, '2014-03-27 09:56:36'),
(440, NULL, NULL, 3, 2, '2014-03-27 09:58:59'),
(441, NULL, NULL, 3, 2, '2014-03-27 09:59:08'),
(442, 29, NULL, 0, 1, '2014-03-27 10:13:44'),
(443, 29, NULL, 0, 1, '2014-03-27 10:14:06'),
(444, 29, NULL, 0, 1, '2014-03-27 10:14:33'),
(445, 10, NULL, 0, 1, '2014-03-27 10:15:04'),
(446, NULL, NULL, 0, 2, '2014-03-27 10:16:51'),
(447, 29, NULL, 0, 1, '2014-03-27 10:17:07'),
(448, 29, NULL, 0, 6, '2014-03-27 10:17:09'),
(449, 29, NULL, 0, 1, '2014-03-27 10:18:54'),
(450, 29, NULL, 0, 6, '2014-03-27 10:18:57'),
(451, 29, NULL, 0, 1, '2014-03-27 10:23:07'),
(452, 29, NULL, 0, 6, '2014-03-27 10:23:11'),
(453, 29, NULL, 0, 1, '2014-03-27 10:26:35'),
(454, 29, NULL, 0, 6, '2014-03-27 10:26:37'),
(455, 29, NULL, 0, 1, '2014-03-27 10:35:49'),
(456, 29, NULL, 9, 6, '2014-03-27 10:35:52'),
(457, 29, NULL, 9, 6, '2014-03-27 10:37:18'),
(458, 29, NULL, 9, 6, '2014-03-27 10:37:45'),
(459, 29, NULL, 9, 6, '2014-03-27 10:37:56'),
(460, 29, NULL, 0, 1, '2014-03-27 10:38:38'),
(461, 29, NULL, 9, 6, '2014-03-27 10:38:41'),
(462, 29, NULL, 0, 1, '2014-03-27 10:40:06'),
(463, 29, NULL, 9, 6, '2014-03-27 10:40:11'),
(465, 29, NULL, 11, 6, '2014-03-27 10:43:57'),
(466, 2, NULL, 11, 6, '2014-03-27 10:44:14'),
(467, NULL, NULL, 0, 8, '2014-03-27 10:44:38'),
(468, 29, NULL, 11, 6, '2014-03-27 10:44:50'),
(469, NULL, NULL, 0, 8, '2014-03-27 10:45:00'),
(470, 29, NULL, 0, 6, '2014-03-27 10:46:31'),
(471, NULL, NULL, 0, 8, '2014-03-27 10:46:39'),
(472, 2, NULL, 11, 6, '2014-03-27 10:46:42'),
(473, 2, NULL, 8, 6, '2014-03-27 10:46:47'),
(474, 2, NULL, 8, 6, '2014-03-27 10:46:54'),
(475, 2, NULL, 9, 6, '2014-03-27 10:47:03'),
(476, 2, NULL, 11, 6, '2014-03-27 10:47:12'),
(477, 29, NULL, 0, 1, '2014-03-27 10:47:25'),
(478, 29, NULL, 11, 6, '2014-03-27 10:47:29'),
(479, 2, NULL, 9, 6, '2014-03-27 10:49:29'),
(480, 2, NULL, 9, 6, '2014-03-27 10:51:52'),
(481, 2, NULL, 20, 6, '2014-03-27 10:52:05'),
(482, 10, NULL, 0, 1, '2014-03-27 10:52:38'),
(483, 2, NULL, 20, 6, '2014-03-27 10:52:42'),
(484, NULL, NULL, 3, 1, '2014-03-27 10:53:35'),
(485, 10, NULL, 0, 1, '2014-03-27 10:53:50'),
(486, 2, NULL, 20, 6, '2014-03-27 10:54:45'),
(487, 29, NULL, 20, 6, '2014-03-27 10:55:05'),
(488, 2, NULL, 20, 6, '2014-03-27 10:56:24'),
(489, 2, NULL, 21, 6, '2014-03-27 10:58:28'),
(490, 29, NULL, 21, 6, '2014-03-27 10:58:46'),
(491, 29, NULL, 21, 6, '2014-03-27 10:59:04'),
(492, 29, NULL, 0, 6, '2014-03-27 11:00:24'),
(493, 2, NULL, 11, 6, '2014-03-27 11:00:33'),
(494, 29, NULL, 0, 1, '2014-03-27 11:02:16'),
(495, 29, NULL, 0, 6, '2014-03-27 11:02:18'),
(496, 29, NULL, 0, 1, '2014-03-27 11:14:24'),
(497, 29, NULL, 0, 6, '2014-03-27 11:14:28'),
(501, NULL, NULL, 0, 8, '2014-03-27 11:28:42'),
(503, NULL, NULL, 0, 8, '2014-03-27 11:29:30'),
(504, NULL, NULL, 0, 8, '2014-03-27 11:29:32'),
(511, 29, NULL, 0, 1, '2014-03-27 11:34:07'),
(512, 29, NULL, 0, 6, '2014-03-27 11:34:10'),
(514, 29, NULL, 0, 1, '2014-03-27 12:01:15'),
(515, 29, NULL, 0, 6, '2014-03-27 12:01:17'),
(516, 29, NULL, 0, 1, '2014-03-27 12:04:48'),
(517, 29, NULL, 0, 6, '2014-03-27 12:04:52'),
(518, NULL, NULL, 3, 1, '2014-03-27 12:05:59'),
(519, NULL, NULL, 3, 1, '2014-03-27 12:06:15'),
(520, 29, NULL, 0, 1, '2014-03-27 12:07:44'),
(521, 29, NULL, 0, 6, '2014-03-27 12:07:46'),
(522, NULL, NULL, 3, 1, '2014-03-27 12:10:08'),
(523, 29, NULL, 0, 1, '2014-03-27 12:13:54'),
(524, NULL, NULL, 3, 1, '2014-03-27 12:23:21'),
(525, 29, NULL, 0, 1, '2014-03-27 12:23:40'),
(526, NULL, NULL, 0, 3, '2014-03-27 12:26:27'),
(527, NULL, NULL, 3, 1, '2014-03-27 12:26:51'),
(528, NULL, NULL, 3, 1, '2014-03-27 12:27:17'),
(529, NULL, NULL, 0, 3, '2014-03-27 12:29:38'),
(530, NULL, NULL, 3, 1, '2014-03-27 12:29:58'),
(531, NULL, NULL, 3, 1, '2014-03-27 12:30:17'),
(532, 29, NULL, 0, 1, '2014-03-27 12:33:17'),
(533, 29, NULL, 0, 1, '2014-03-27 12:35:09'),
(534, 29, NULL, 0, 1, '2014-03-27 12:37:05'),
(535, 29, NULL, 0, 1, '2014-03-27 12:38:33'),
(536, 29, NULL, 20, 6, '2014-03-27 12:38:44'),
(537, 29, NULL, 20, 6, '2014-03-27 12:38:53'),
(538, 29, NULL, 20, 6, '2014-03-27 12:38:56'),
(539, 29, NULL, 0, 1, '2014-03-27 12:41:46'),
(540, 29, NULL, 20, 6, '2014-03-27 12:41:58'),
(541, 29, NULL, 20, 6, '2014-03-27 12:42:03'),
(542, 29, NULL, 0, 1, '2014-03-27 12:45:46'),
(543, 29, NULL, 0, 6, '2014-03-27 12:45:56'),
(544, 29, NULL, 0, 6, '2014-03-27 12:45:59'),
(545, 29, NULL, 0, 1, '2014-03-27 12:46:33'),
(546, 29, NULL, 0, 6, '2014-03-27 12:46:43'),
(547, 29, NULL, 0, 6, '2014-03-27 12:46:44'),
(548, 29, NULL, 0, 1, '2014-03-27 12:47:25'),
(549, 29, NULL, 20, 6, '2014-03-27 12:47:35'),
(550, 29, NULL, 20, 6, '2014-03-27 12:47:38'),
(551, 29, NULL, 0, 1, '2014-03-27 12:48:50'),
(552, 29, NULL, 20, 6, '2014-03-27 12:49:00'),
(553, 29, NULL, 20, 6, '2014-03-27 12:49:03'),
(554, 29, NULL, 0, 1, '2014-03-27 12:50:05'),
(555, 29, NULL, 20, 6, '2014-03-27 12:50:15'),
(556, 29, NULL, 0, 1, '2014-03-27 12:52:31'),
(557, 29, NULL, 20, 6, '2014-03-27 12:52:43'),
(558, 29, NULL, 20, 6, '2014-03-27 12:52:53'),
(559, 29, NULL, 0, 1, '2014-03-27 12:53:48'),
(560, 29, NULL, 20, 6, '2014-03-27 12:53:58'),
(561, 29, NULL, 0, 1, '2014-03-27 12:55:15'),
(562, 29, NULL, 20, 6, '2014-03-27 12:55:25'),
(563, 29, NULL, 20, 6, '2014-03-27 12:55:27'),
(564, 29, NULL, 0, 1, '2014-03-27 12:56:21'),
(565, 29, NULL, 0, 6, '2014-03-27 12:56:31'),
(566, 29, NULL, 0, 6, '2014-03-27 12:56:32'),
(567, 29, NULL, 0, 1, '2014-03-27 12:57:32'),
(568, 29, NULL, 0, 1, '2014-03-27 13:02:19'),
(569, 29, NULL, 0, 6, '2014-03-27 13:02:28'),
(570, 29, NULL, 0, 6, '2014-03-27 13:02:29'),
(571, NULL, NULL, 0, 3, '2014-03-27 13:12:31'),
(572, NULL, NULL, 3, 1, '2014-03-27 13:12:45'),
(573, NULL, NULL, 3, 1, '2014-03-27 13:12:55'),
(574, NULL, NULL, 0, 3, '2014-03-27 13:26:21'),
(575, NULL, NULL, 3, 1, '2014-03-27 13:26:32'),
(576, NULL, NULL, 0, 3, '2014-03-27 13:27:39'),
(577, 29, NULL, 0, 1, '2014-03-27 13:30:43'),
(578, 29, NULL, 0, 5, '2014-03-27 13:31:23'),
(579, 29, NULL, 0, 1, '2014-03-27 13:31:42'),
(580, NULL, NULL, 3, 1, '2014-03-27 13:35:11'),
(581, 29, NULL, 2, 1, '2014-03-27 13:36:54'),
(582, 29, NULL, 0, 1, '2014-03-27 13:37:08'),
(583, 29, NULL, 0, 5, '2014-03-27 13:37:32'),
(584, NULL, NULL, 3, 1, '2014-03-27 14:07:12'),
(585, 29, NULL, 0, 1, '2014-03-27 14:07:31'),
(586, 29, NULL, 0, 6, '2014-03-27 14:07:40'),
(587, 29, NULL, 0, 6, '2014-03-27 14:07:41'),
(588, 29, NULL, 0, 1, '2014-03-27 14:13:06'),
(589, 10, NULL, 6, 3, '2014-03-27 14:15:38'),
(590, NULL, NULL, 0, 3, '2014-03-27 14:16:37'),
(591, NULL, NULL, 3, 1, '2014-03-27 14:16:53'),
(592, 10, NULL, 0, 1, '2014-03-27 14:17:22'),
(593, 2, NULL, 2, 1, '2014-03-27 14:17:59'),
(594, 2, NULL, 0, 1, '2014-03-27 14:18:24'),
(595, 29, NULL, 0, 1, '2014-03-27 14:19:24'),
(596, NULL, NULL, 3, 1, '2014-03-27 14:20:07'),
(597, 1, NULL, 2, 1, '2014-03-27 14:20:45'),
(598, NULL, NULL, 0, 3, '2014-03-27 14:21:25'),
(599, NULL, NULL, 3, 1, '2014-03-27 14:21:41'),
(600, NULL, NULL, 0, 3, '2014-03-27 14:22:23'),
(601, NULL, NULL, 3, 1, '2014-03-27 14:22:37'),
(602, NULL, NULL, 3, 1, '2014-03-27 14:25:51'),
(603, 29, NULL, 0, 1, '2014-03-27 14:26:08'),
(604, 62, NULL, 0, 3, '2014-03-27 14:35:36'),
(605, 62, NULL, 0, 1, '2014-03-27 14:35:45'),
(606, NULL, NULL, 3, 1, '2014-03-27 14:38:36'),
(607, NULL, NULL, 3, 1, '2014-03-27 14:38:46'),
(608, 29, NULL, 0, 1, '2014-03-27 14:39:12'),
(609, NULL, NULL, 3, 1, '2014-03-27 14:39:24'),
(610, NULL, NULL, 3, 1, '2014-03-27 14:39:38'),
(611, 29, NULL, 0, 1, '2014-03-27 14:42:01'),
(612, NULL, NULL, 0, 3, '2014-03-27 14:45:47'),
(613, 29, NULL, 0, 1, '2014-03-27 15:09:12'),
(614, 29, NULL, 0, 1, '2014-03-27 15:15:24'),
(615, 29, NULL, 21, 6, '2014-03-27 15:16:10'),
(617, 29, NULL, 0, 1, '2014-03-27 15:17:00'),
(621, 64, NULL, 0, 3, '2014-03-27 15:17:28'),
(622, 64, NULL, 0, 1, '2014-03-27 15:18:03'),
(624, 29, NULL, 0, 1, '2014-03-27 15:22:19'),
(626, NULL, NULL, 0, 10, '2014-03-27 15:22:56'),
(627, NULL, NULL, 0, 10, '2014-03-27 15:23:07'),
(628, NULL, NULL, 0, 10, '2014-03-27 15:23:17'),
(629, 29, NULL, 0, 6, '2014-03-27 15:25:21'),
(630, 29, NULL, 0, 6, '2014-03-27 15:25:55'),
(631, 29, NULL, 0, 1, '2014-03-27 15:26:21'),
(632, 29, NULL, 0, 6, '2014-03-27 15:27:06'),
(633, NULL, NULL, 0, 10, '2014-03-27 15:37:03'),
(634, NULL, NULL, 0, 10, '2014-03-27 15:37:12'),
(635, NULL, NULL, 0, 10, '2014-03-27 15:37:33'),
(636, NULL, NULL, 0, 10, '2014-03-27 15:37:41'),
(637, NULL, NULL, 0, 10, '2014-03-27 15:39:05'),
(638, NULL, NULL, 0, 10, '2014-03-27 15:39:23'),
(639, NULL, NULL, 0, 10, '2014-03-27 15:39:56'),
(640, NULL, NULL, 0, 10, '2014-03-27 15:41:04'),
(641, NULL, NULL, 0, 10, '2014-03-27 15:41:11'),
(642, NULL, NULL, 0, 10, '2014-03-27 15:41:32'),
(643, NULL, NULL, 0, 10, '2014-03-27 15:41:47'),
(644, 29, NULL, 0, 1, '2014-03-27 15:46:31'),
(645, 29, NULL, 0, 1, '2014-03-27 15:51:22'),
(646, NULL, NULL, 0, 10, '2014-03-27 15:53:50'),
(647, NULL, NULL, 0, 10, '2014-03-27 15:54:00'),
(648, NULL, NULL, 0, 10, '2014-03-27 15:54:28'),
(649, 29, NULL, 0, 1, '2014-03-27 15:54:41'),
(650, NULL, NULL, 3, 6, '2014-03-27 15:54:48'),
(651, 29, NULL, 0, 6, '2014-03-27 15:55:03'),
(652, NULL, NULL, 0, 10, '2014-03-27 15:55:22'),
(653, NULL, NULL, 0, 10, '2014-03-27 15:55:25'),
(654, NULL, NULL, 0, 10, '2014-03-27 15:55:40'),
(655, 64, NULL, 0, 1, '2014-03-27 15:56:28'),
(656, 29, NULL, 0, 1, '2014-03-27 15:57:10'),
(657, NULL, NULL, 3, 1, '2014-03-27 15:57:24'),
(658, 65, NULL, 0, 3, '2014-03-27 15:58:12'),
(659, 65, NULL, 2, 1, '2014-03-27 15:58:19'),
(660, 65, NULL, 2, 1, '2014-03-27 15:58:32'),
(661, 65, NULL, 0, 1, '2014-03-27 15:58:47'),
(662, 29, NULL, 0, 1, '2014-03-27 15:59:23'),
(663, NULL, NULL, 0, 10, '2014-03-27 16:00:38'),
(664, NULL, NULL, 0, 10, '2014-03-27 16:00:57'),
(665, 29, NULL, 0, 1, '2014-03-27 16:02:34'),
(666, 29, NULL, 0, 6, '2014-03-27 16:04:58'),
(667, 29, NULL, 0, 1, '2014-03-27 16:05:53'),
(668, 29, NULL, 0, 1, '2014-03-27 16:08:33'),
(669, 29, NULL, 0, 1, '2014-03-27 16:10:08'),
(670, NULL, NULL, 0, 10, '2014-03-27 16:12:32'),
(671, 66, NULL, 0, 3, '2014-03-27 16:14:53'),
(672, 66, NULL, 0, 1, '2014-03-27 16:15:07'),
(673, NULL, NULL, 0, 10, '2014-03-27 16:23:08'),
(674, 29, NULL, 0, 1, '2014-03-27 16:27:40'),
(675, 29, NULL, 0, 1, '2014-03-27 16:45:02'),
(676, 29, NULL, 0, 1, '2014-03-27 17:15:23'),
(677, 10, NULL, 0, 1, '2014-03-27 17:15:56'),
(678, NULL, NULL, 3, 1, '2014-03-27 17:26:27'),
(679, 29, NULL, 0, 1, '2014-03-27 19:21:00'),
(680, 29, NULL, 0, 1, '2014-03-27 20:04:50'),
(681, 29, NULL, 2, 1, '2014-03-27 20:06:45'),
(682, 29, NULL, 0, 1, '2014-03-27 20:06:53'),
(683, 29, NULL, 0, 1, '2014-03-27 20:08:57'),
(684, 29, NULL, 0, 1, '2014-03-27 20:12:26'),
(685, 29, NULL, 0, 1, '2014-03-27 20:13:06'),
(686, 29, NULL, 0, 1, '2014-03-27 20:15:02'),
(687, 29, NULL, 0, 1, '2014-03-27 20:19:44'),
(688, 29, NULL, 0, 1, '2014-03-27 20:28:34'),
(689, 29, NULL, 0, 1, '2014-03-27 20:33:23'),
(690, 29, NULL, 0, 1, '2014-03-27 20:34:56'),
(691, NULL, NULL, 0, 10, '2014-03-27 21:03:54'),
(692, 67, NULL, 8, 6, '2014-03-27 21:24:25'),
(693, 67, NULL, 21, 6, '2014-03-27 21:24:54'),
(694, 67, NULL, 21, 6, '2014-03-27 21:25:52'),
(695, 67, NULL, 0, 6, '2014-03-27 21:27:40'),
(696, 67, NULL, 0, 6, '2014-03-27 21:29:08'),
(697, 67, NULL, 0, 6, '2014-03-27 21:37:52'),
(698, 67, NULL, 0, 6, '2014-03-27 21:40:11'),
(699, 67, NULL, 0, 6, '2014-03-27 21:40:43'),
(700, 67, NULL, 0, 6, '2014-03-27 21:47:03'),
(701, 29, NULL, 0, 1, '2014-03-27 21:50:05'),
(702, 67, NULL, 0, 6, '2014-03-27 21:50:09'),
(703, 29, NULL, 0, 6, '2014-03-27 21:50:19'),
(704, 29, NULL, 0, 6, '2014-03-27 21:50:25'),
(705, 29, NULL, 0, 6, '2014-03-27 21:50:41'),
(706, 67, NULL, 0, 6, '2014-03-27 21:52:17'),
(707, 67, NULL, 0, 6, '2014-03-27 21:52:48'),
(708, 29, NULL, 0, 1, '2014-03-27 21:54:27'),
(709, 67, NULL, 2, 1, '2014-03-27 21:55:34'),
(710, 67, NULL, 2, 1, '2014-03-27 21:55:48'),
(711, 67, NULL, 2, 1, '2014-03-27 21:58:07'),
(712, 67, NULL, 2, 1, '2014-03-27 21:59:05'),
(713, 67, NULL, 2, 1, '2014-03-27 22:00:25'),
(714, 67, NULL, 2, 1, '2014-03-27 22:00:35'),
(715, 10, NULL, 0, 1, '2014-03-27 22:01:11'),
(716, 67, NULL, 0, 6, '2014-03-27 22:01:23'),
(717, 29, NULL, 0, 1, '2014-03-27 22:01:36'),
(718, 67, NULL, 0, 6, '2014-03-27 22:01:55'),
(719, 67, NULL, 2, 1, '2014-03-27 22:02:19'),
(720, 29, NULL, 0, 1, '2014-03-27 22:03:36'),
(721, 10, NULL, 0, 1, '2014-03-27 22:04:17'),
(722, 10, NULL, 9, 6, '2014-03-27 22:04:25'),
(723, 10, NULL, 9, 6, '2014-03-27 22:04:42'),
(724, 10, NULL, 0, 1, '2014-03-27 22:06:34'),
(725, 10, NULL, 9, 6, '2014-03-27 22:06:54'),
(726, 67, NULL, 21, 6, '2014-03-27 22:09:44'),
(727, 10, NULL, 0, 1, '2014-03-27 22:10:39'),
(728, 10, NULL, 9, 6, '2014-03-27 22:10:48'),
(729, 10, NULL, 0, 6, '2014-03-27 22:12:16'),
(730, 10, NULL, 0, 1, '2014-03-27 22:12:47'),
(731, 10, NULL, 9, 6, '2014-03-27 22:12:56'),
(732, 10, NULL, 0, 1, '2014-03-27 22:14:40'),
(733, 10, NULL, 11, 6, '2014-03-27 22:14:47'),
(734, 10, NULL, 11, 6, '2014-03-27 22:15:10'),
(735, 10, NULL, 0, 1, '2014-03-27 22:16:10'),
(736, 10, NULL, 0, 6, '2014-03-27 22:16:16'),
(737, 10, NULL, 0, 6, '2014-03-27 22:20:21'),
(738, 10, NULL, 0, 6, '2014-03-27 22:20:52'),
(739, 10, NULL, 0, 6, '2014-03-27 22:21:10'),
(740, 10, NULL, 0, 6, '2014-03-27 22:21:58'),
(741, 10, NULL, 0, 6, '2014-03-27 22:21:58'),
(742, 10, NULL, 0, 6, '2014-03-27 22:21:59'),
(743, 10, NULL, 0, 6, '2014-03-27 22:22:01'),
(744, 10, NULL, 0, 6, '2014-03-27 22:22:01'),
(745, 10, NULL, 0, 6, '2014-03-27 22:22:02'),
(746, 10, NULL, 0, 6, '2014-03-27 22:22:03'),
(747, 10, NULL, 0, 6, '2014-03-27 22:22:04'),
(748, 10, NULL, 0, 6, '2014-03-27 22:27:15'),
(749, 10, NULL, 0, 6, '2014-03-27 22:27:16'),
(750, 10, NULL, 0, 6, '2014-03-27 22:27:18'),
(751, 10, NULL, 0, 6, '2014-03-27 22:27:20'),
(752, 29, NULL, 0, 1, '2014-03-27 22:27:54'),
(753, 10, NULL, 0, 6, '2014-03-27 22:27:56'),
(754, 29, NULL, 0, 1, '2014-03-27 22:28:49'),
(755, 10, NULL, 0, 6, '2014-03-27 22:29:26'),
(756, 29, NULL, 0, 1, '2014-03-27 22:29:38'),
(757, 10, NULL, 0, 6, '2014-03-27 22:29:50'),
(758, 10, NULL, 0, 6, '2014-03-27 22:30:05'),
(759, 29, NULL, 0, 1, '2014-03-27 22:31:13'),
(760, 10, NULL, 0, 1, '2014-03-27 22:32:19'),
(761, 10, NULL, 8, 6, '2014-03-27 22:32:36'),
(762, 10, NULL, 8, 6, '2014-03-27 22:32:38'),
(763, 29, NULL, 0, 1, '2014-03-27 22:33:02'),
(764, 10, NULL, 0, 6, '2014-03-27 22:33:27'),
(765, 10, NULL, 0, 6, '2014-03-27 22:33:31'),
(766, 29, NULL, 0, 1, '2014-03-27 22:33:38'),
(767, 10, NULL, 0, 1, '2014-03-27 22:33:39'),
(768, 10, NULL, 9, 6, '2014-03-27 22:33:47'),
(769, 29, NULL, 0, 1, '2014-03-27 22:34:42'),
(770, 10, NULL, 0, 6, '2014-03-27 22:35:02'),
(771, 10, NULL, 0, 6, '2014-03-27 22:35:10'),
(772, 10, NULL, 9, 6, '2014-03-27 22:35:33'),
(773, 10, NULL, 0, 1, '2014-03-27 22:37:50'),
(774, 10, NULL, 9, 6, '2014-03-27 22:41:06'),
(775, 10, NULL, 0, 6, '2014-03-27 22:48:58'),
(776, 10, NULL, 0, 6, '2014-03-27 22:49:01'),
(777, 10, NULL, 0, 6, '2014-03-27 22:49:04'),
(778, 10, NULL, 0, 6, '2014-03-27 22:49:11'),
(779, 10, NULL, 0, 6, '2014-03-27 22:49:14'),
(780, 10, NULL, 0, 6, '2014-03-27 22:49:17'),
(781, 10, NULL, 0, 6, '2014-03-27 22:50:17'),
(782, 10, NULL, 0, 6, '2014-03-27 22:50:21'),
(783, 10, NULL, 0, 6, '2014-03-27 22:50:26'),
(784, 10, NULL, 0, 6, '2014-03-27 22:50:29'),
(785, 10, NULL, 0, 6, '2014-03-27 22:50:32'),
(786, 10, NULL, 0, 6, '2014-03-27 22:50:35'),
(787, 10, NULL, 0, 6, '2014-03-27 22:50:38'),
(788, 10, NULL, 0, 6, '2014-03-27 22:50:42'),
(789, 10, NULL, 0, 1, '2014-03-27 22:50:53'),
(790, 10, NULL, 0, 6, '2014-03-27 22:52:07'),
(791, 10, NULL, 0, 6, '2014-03-27 22:52:11'),
(792, 10, NULL, 0, 6, '2014-03-27 22:52:14'),
(793, 29, NULL, 0, 1, '2014-03-27 22:52:15'),
(794, 10, NULL, 0, 6, '2014-03-27 22:52:19'),
(795, 10, NULL, 0, 6, '2014-03-27 22:52:32'),
(796, 10, NULL, 0, 6, '2014-03-27 22:52:36'),
(797, 10, NULL, 0, 6, '2014-03-27 22:53:03'),
(798, 10, NULL, 0, 6, '2014-03-27 22:53:10'),
(799, 10, NULL, 0, 6, '2014-03-27 22:53:13'),
(800, 10, NULL, 0, 6, '2014-03-27 22:55:49'),
(801, 10, NULL, 0, 6, '2014-03-27 22:57:13'),
(802, 29, NULL, 0, 1, '2014-03-27 22:57:24'),
(803, 10, NULL, 0, 1, '2014-03-27 22:57:59'),
(804, 10, NULL, 0, 6, '2014-03-27 22:58:06'),
(805, 29, NULL, 0, 1, '2014-03-27 22:58:55'),
(806, 29, NULL, 0, 1, '2014-03-27 22:59:37'),
(807, 10, NULL, 0, 1, '2014-03-27 22:59:42'),
(808, 10, NULL, 0, 6, '2014-03-27 22:59:50'),
(809, 29, NULL, 0, 1, '2014-03-27 23:04:30'),
(810, 29, NULL, 0, 1, '2014-03-27 23:05:53'),
(811, 10, NULL, 0, 6, '2014-03-27 23:06:48'),
(812, 10, NULL, 0, 6, '2014-03-27 23:07:14'),
(813, 10, NULL, 0, 6, '2014-03-27 23:07:26'),
(814, 29, NULL, 0, 1, '2014-03-27 23:09:32'),
(815, 29, NULL, 0, 1, '2014-03-27 23:10:24'),
(816, 10, NULL, 0, 6, '2014-03-27 23:10:36'),
(817, 10, NULL, 0, 1, '2014-03-27 23:10:52'),
(818, 29, NULL, 0, 1, '2014-03-27 23:11:01'),
(819, 10, NULL, 0, 6, '2014-03-27 23:11:02'),
(820, 10, NULL, 0, 6, '2014-03-27 23:11:25'),
(821, 29, NULL, 0, 1, '2014-03-27 23:12:34'),
(822, 29, NULL, 0, 1, '2014-03-27 23:12:46'),
(823, 10, NULL, 0, 6, '2014-03-27 23:13:15'),
(824, 10, NULL, 0, 6, '2014-03-27 23:13:45'),
(825, 10, NULL, 0, 6, '2014-03-27 23:13:48'),
(826, 10, NULL, 0, 6, '2014-03-27 23:14:24'),
(827, 10, NULL, 0, 6, '2014-03-27 23:14:29'),
(828, 10, NULL, 0, 6, '2014-03-27 23:15:10'),
(829, 29, NULL, 0, 1, '2014-03-27 23:18:45'),
(830, 29, NULL, 0, 1, '2014-03-27 23:19:02'),
(831, 29, NULL, 0, 1, '2014-03-27 23:19:13'),
(832, 29, NULL, 0, 1, '2014-03-27 23:20:25'),
(833, 29, NULL, 0, 1, '2014-03-27 23:21:12'),
(834, NULL, NULL, 0, 10, '2014-03-27 23:22:06'),
(835, 10, NULL, 0, 1, '2014-03-27 23:22:53'),
(836, 10, NULL, 0, 6, '2014-03-27 23:22:54'),
(837, 10, NULL, 0, 6, '2014-03-27 23:23:36'),
(838, 10, NULL, 0, 6, '2014-03-27 23:23:36'),
(839, 10, NULL, 0, 6, '2014-03-27 23:23:37'),
(840, 10, NULL, 0, 6, '2014-03-27 23:23:37'),
(841, 10, NULL, 0, 6, '2014-03-27 23:23:37'),
(842, 10, NULL, 0, 6, '2014-03-27 23:23:37'),
(843, 10, NULL, 0, 6, '2014-03-27 23:23:38'),
(844, 10, NULL, 0, 6, '2014-03-27 23:23:38'),
(845, 10, NULL, 0, 6, '2014-03-27 23:23:39'),
(846, 10, NULL, 0, 6, '2014-03-27 23:23:39'),
(847, 10, NULL, 0, 6, '2014-03-27 23:23:39'),
(848, 10, NULL, 0, 6, '2014-03-27 23:23:39'),
(849, 10, NULL, 0, 6, '2014-03-27 23:23:40'),
(850, 10, NULL, 0, 6, '2014-03-27 23:23:40'),
(851, 10, NULL, 0, 6, '2014-03-27 23:23:40'),
(852, 10, NULL, 0, 6, '2014-03-27 23:23:40'),
(853, 10, NULL, 0, 6, '2014-03-27 23:23:40'),
(854, 10, NULL, 0, 6, '2014-03-27 23:23:41'),
(855, 10, NULL, 0, 6, '2014-03-27 23:23:41'),
(856, 10, NULL, 0, 6, '2014-03-27 23:23:43'),
(857, 10, NULL, 0, 6, '2014-03-27 23:24:00'),
(858, 10, NULL, 0, 6, '2014-03-27 23:24:00'),
(859, 10, NULL, 0, 6, '2014-03-27 23:24:00'),
(860, 10, NULL, 0, 6, '2014-03-27 23:24:01'),
(861, 10, NULL, 0, 6, '2014-03-27 23:24:01'),
(862, 10, NULL, 0, 6, '2014-03-27 23:24:01'),
(863, 10, NULL, 0, 6, '2014-03-27 23:24:01'),
(864, 10, NULL, 0, 6, '2014-03-27 23:24:01'),
(865, 10, NULL, 0, 6, '2014-03-27 23:24:01'),
(866, 10, NULL, 0, 6, '2014-03-27 23:24:01'),
(867, 10, NULL, 0, 6, '2014-03-27 23:24:01'),
(868, 10, NULL, 0, 6, '2014-03-27 23:24:01'),
(869, 10, NULL, 0, 6, '2014-03-27 23:24:01'),
(870, 10, NULL, 0, 6, '2014-03-27 23:24:02'),
(871, 10, NULL, 0, 6, '2014-03-27 23:24:02'),
(872, 10, NULL, 0, 6, '2014-03-27 23:24:02'),
(873, 10, NULL, 0, 6, '2014-03-27 23:24:02'),
(874, 10, NULL, 0, 6, '2014-03-27 23:24:02'),
(875, 10, NULL, 0, 6, '2014-03-27 23:24:02'),
(876, 10, NULL, 0, 6, '2014-03-27 23:24:02'),
(877, 10, NULL, 0, 6, '2014-03-27 23:24:02'),
(878, 10, NULL, 0, 6, '2014-03-27 23:24:03'),
(879, 10, NULL, 0, 6, '2014-03-27 23:24:03'),
(880, 10, NULL, 0, 6, '2014-03-27 23:24:03'),
(881, 10, NULL, 0, 6, '2014-03-27 23:24:03'),
(882, 10, NULL, 0, 6, '2014-03-27 23:24:04'),
(883, 10, NULL, 0, 6, '2014-03-27 23:24:04'),
(884, 10, NULL, 0, 6, '2014-03-27 23:24:04'),
(885, 10, NULL, 0, 6, '2014-03-27 23:24:04'),
(886, 10, NULL, 0, 6, '2014-03-27 23:24:04'),
(887, 10, NULL, 0, 6, '2014-03-27 23:24:04'),
(888, 10, NULL, 0, 6, '2014-03-27 23:24:04'),
(889, 10, NULL, 0, 6, '2014-03-27 23:24:05'),
(890, 10, NULL, 0, 6, '2014-03-27 23:24:05'),
(891, 10, NULL, 0, 6, '2014-03-27 23:24:05'),
(892, 10, NULL, 0, 6, '2014-03-27 23:24:05'),
(893, 10, NULL, 0, 6, '2014-03-27 23:24:05'),
(894, 10, NULL, 0, 6, '2014-03-27 23:24:06'),
(895, 10, NULL, 0, 6, '2014-03-27 23:24:06'),
(896, 10, NULL, 0, 6, '2014-03-27 23:24:06'),
(897, 10, NULL, 0, 6, '2014-03-27 23:24:07'),
(898, 10, NULL, 0, 6, '2014-03-27 23:24:07'),
(899, 10, NULL, 0, 6, '2014-03-27 23:24:07'),
(900, 10, NULL, 0, 6, '2014-03-27 23:24:08'),
(901, 10, NULL, 0, 6, '2014-03-27 23:24:08'),
(902, 10, NULL, 0, 6, '2014-03-27 23:24:09'),
(903, 10, NULL, 0, 1, '2014-03-27 23:24:09'),
(904, 10, NULL, 0, 6, '2014-03-27 23:24:11'),
(905, 10, NULL, 0, 1, '2014-03-27 23:24:27'),
(906, 10, NULL, 0, 6, '2014-03-27 23:24:28'),
(907, 10, NULL, 0, 1, '2014-03-27 23:24:33'),
(908, 10, NULL, 0, 6, '2014-03-27 23:24:35'),
(909, 29, NULL, 0, 1, '2014-03-27 23:24:52'),
(910, NULL, NULL, 0, 10, '2014-03-27 23:26:01'),
(911, NULL, NULL, 0, 10, '2014-03-27 23:26:06'),
(912, NULL, NULL, 0, 10, '2014-03-27 23:26:19'),
(913, 10, NULL, 0, 1, '2014-03-27 23:26:28'),
(914, 10, NULL, 0, 6, '2014-03-27 23:26:29'),
(915, NULL, NULL, 0, 10, '2014-03-27 23:26:34'),
(916, 29, NULL, 0, 1, '2014-03-27 23:28:48'),
(917, 29, NULL, 0, 1, '2014-03-27 23:37:43'),
(918, 10, NULL, 0, 1, '2014-03-27 23:39:21'),
(919, 10, NULL, 8, 6, '2014-03-27 23:39:31'),
(921, 10, NULL, 0, 6, '2014-03-27 23:41:10'),
(922, 10, NULL, 0, 6, '2014-03-27 23:41:19'),
(923, 10, NULL, 0, 1, '2014-03-27 23:41:21'),
(924, 10, NULL, 8, 6, '2014-03-27 23:41:30'),
(925, 10, NULL, 8, 6, '2014-03-27 23:41:33'),
(926, 10, NULL, 0, 1, '2014-03-27 23:42:03'),
(927, 10, NULL, 0, 6, '2014-03-27 23:42:11'),
(928, 10, NULL, 0, 6, '2014-03-27 23:42:15'),
(929, 10, NULL, 0, 6, '2014-03-27 23:42:26'),
(930, 10, NULL, 0, 6, '2014-03-27 23:42:30'),
(931, 10, NULL, 0, 1, '2014-03-27 23:44:15'),
(932, 67, NULL, 0, 1, '2014-03-27 23:44:45'),
(933, 67, NULL, 2, 1, '2014-03-27 23:45:19'),
(934, 67, NULL, 2, 1, '2014-03-27 23:46:20'),
(935, 67, NULL, 0, 1, '2014-03-27 23:47:13'),
(936, 67, NULL, 0, 1, '2014-03-27 23:48:51'),
(937, 67, NULL, 0, 1, '2014-03-27 23:48:51'),
(938, 67, NULL, 2, 1, '2014-03-27 23:48:57'),
(939, 67, NULL, 0, 6, '2014-03-27 23:49:07'),
(940, 67, NULL, 0, 6, '2014-03-27 23:49:09'),
(941, 67, NULL, 0, 6, '2014-03-27 23:49:10'),
(942, 29, NULL, 0, 1, '2014-03-27 23:51:39'),
(943, 29, NULL, 0, 1, '2014-03-27 23:53:47'),
(944, 67, NULL, 2, 1, '2014-03-27 23:53:55'),
(945, 67, NULL, 2, 1, '2014-03-27 23:55:52'),
(946, 29, NULL, 0, 1, '2014-03-27 23:56:34'),
(947, 10, NULL, 0, 1, '2014-03-28 00:14:26'),
(948, 10, NULL, 0, 6, '2014-03-28 00:14:41'),
(949, 10, NULL, 0, 6, '2014-03-28 00:14:43'),
(950, NULL, NULL, 3, 1, '2014-03-28 00:23:18'),
(951, 29, NULL, 0, 1, '2014-03-28 00:23:30'),
(952, 10, NULL, 0, 1, '2014-03-28 00:41:08'),
(953, 29, NULL, 0, 1, '2014-03-28 00:43:27'),
(954, NULL, NULL, 3, 1, '2014-03-28 00:43:56'),
(955, 29, NULL, 2, 1, '2014-03-28 00:44:11'),
(956, 29, NULL, 0, 1, '2014-03-28 00:44:18'),
(957, 10, NULL, 0, 1, '2014-03-28 00:47:07'),
(958, 29, NULL, 0, 1, '2014-03-28 00:48:47'),
(959, 10, NULL, 0, 1, '2014-03-28 01:00:11'),
(960, 10, NULL, 0, 1, '2014-03-28 01:18:24'),
(961, 10, NULL, 0, 1, '2014-03-28 01:20:03'),
(962, NULL, NULL, 3, 1, '2014-03-28 01:22:13'),
(963, 29, NULL, 0, 1, '2014-03-28 01:22:23'),
(964, 10, NULL, 0, 1, '2014-03-28 01:23:04'),
(965, NULL, NULL, 3, 1, '2014-03-28 02:39:44'),
(966, 29, NULL, 2, 1, '2014-03-28 02:39:54'),
(967, 29, NULL, 0, 1, '2014-03-28 02:40:01'),
(968, NULL, NULL, 3, 1, '2014-03-28 02:41:32'),
(969, 29, NULL, 2, 1, '2014-03-28 02:41:55'),
(970, 29, NULL, 0, 1, '2014-03-28 02:42:18'),
(971, 29, NULL, 0, 1, '2014-03-28 02:43:44'),
(972, 29, NULL, 0, 1, '2014-03-28 02:45:54'),
(973, 29, NULL, 0, 1, '2014-03-28 02:46:43'),
(974, 29, NULL, 0, 1, '2014-03-28 02:52:10'),
(975, 29, NULL, 0, 1, '2014-03-28 02:55:45'),
(976, 29, NULL, 0, 1, '2014-03-28 02:58:08'),
(977, 29, NULL, 0, 1, '2014-03-28 03:00:07'),
(978, 29, NULL, 0, 1, '2014-03-28 03:17:28'),
(979, 29, NULL, 0, 1, '2014-03-28 03:18:29'),
(980, 29, NULL, 0, 1, '2014-03-28 03:19:41'),
(981, 29, NULL, 0, 1, '2014-03-28 03:21:06'),
(982, 10, NULL, 0, 1, '2014-03-28 09:08:52'),
(983, 10, NULL, 0, 6, '2014-03-28 09:09:03'),
(984, 10, NULL, 0, 6, '2014-03-28 09:09:07'),
(985, 10, NULL, 0, 6, '2014-03-28 09:09:19'),
(986, 10, NULL, 0, 1, '2014-03-28 09:16:59'),
(987, 10, NULL, 0, 6, '2014-03-28 09:17:34'),
(988, 10, NULL, 0, 1, '2014-03-28 09:18:57'),
(989, 10, NULL, 0, 6, '2014-03-28 09:19:06'),
(990, 10, NULL, 0, 6, '2014-03-28 09:19:08'),
(991, 10, NULL, 0, 1, '2014-03-28 09:20:19'),
(992, 10, NULL, 0, 1, '2014-03-28 09:26:15'),
(993, 10, NULL, 0, 6, '2014-03-28 10:52:40'),
(994, 10, NULL, 0, 1, '2014-03-28 10:53:52'),
(995, 67, NULL, 0, 6, '2014-03-28 10:54:22'),
(996, 10, NULL, 0, 6, '2014-03-28 10:54:26'),
(997, 10, NULL, 0, 6, '2014-03-28 10:56:13'),
(998, 60, NULL, 6, 3, '2014-03-28 12:15:33'),
(999, 68, NULL, 0, 3, '2014-03-28 12:15:56'),
(1000, 68, NULL, 0, 1, '2014-03-28 12:16:08'),
(1001, 10, NULL, 0, 1, '2014-03-28 12:16:47'),
(1002, 10, NULL, 0, 6, '2014-03-28 12:17:08'),
(1003, 10, NULL, 0, 6, '2014-03-28 12:17:10'),
(1004, 69, NULL, 0, 3, '2014-03-28 12:22:15'),
(1005, 69, NULL, 0, 1, '2014-03-28 12:22:30'),
(1006, 10, NULL, 0, 1, '2014-03-28 12:23:00'),
(1007, 10, NULL, 0, 6, '2014-03-28 12:23:19'),
(1008, 10, NULL, 0, 6, '2014-03-28 12:23:22'),
(1009, 1, NULL, 2, 1, '2014-03-28 15:02:51'),
(1010, 10, NULL, 0, 1, '2014-03-28 15:03:09'),
(1011, 10, NULL, 0, 6, '2014-03-28 15:03:27'),
(1012, 10, NULL, 0, 6, '2014-03-28 15:03:28'),
(1013, 29, NULL, 0, 1, '2014-03-28 15:06:06'),
(1014, 29, NULL, 21, 6, '2014-03-28 15:08:29'),
(1015, 29, NULL, 21, 6, '2014-03-28 15:08:45'),
(1016, 29, NULL, 21, 6, '2014-03-28 15:08:58'),
(1017, 29, NULL, 0, 1, '2014-03-28 15:13:11'),
(1018, 10, NULL, 0, 1, '2014-03-28 15:13:39'),
(1019, 65, NULL, 0, 1, '2014-03-28 16:25:24'),
(1020, 65, NULL, 0, 1, '2014-03-28 16:26:42'),
(1021, 65, NULL, 0, 1, '2014-03-28 16:35:29'),
(1022, NULL, NULL, 0, 3, '2014-03-28 16:36:33'),
(1023, 65, NULL, 6, 3, '2014-03-28 16:37:46'),
(1024, 1, NULL, 2, 1, '2014-03-28 16:38:22'),
(1025, 1, NULL, 2, 1, '2014-03-28 16:38:33'),
(1026, 10, NULL, 0, 1, '2014-03-28 16:39:03'),
(1027, 10, NULL, 0, 1, '2014-03-28 16:39:35'),
(1028, 1, NULL, 2, 1, '2014-03-28 16:54:56'),
(1029, 10, NULL, 0, 1, '2014-03-28 20:30:55'),
(1030, 10, NULL, 0, 1, '2014-03-29 14:59:45'),
(1031, 10, NULL, 0, 6, '2014-03-29 15:00:05'),
(1032, 10, NULL, 0, 1, '2014-03-29 15:11:27'),
(1033, 10, NULL, 0, 6, '2014-03-29 15:11:49'),
(1034, NULL, NULL, 3, 1, '2014-03-30 11:55:11'),
(1035, 10, NULL, 2, 1, '2014-03-30 11:55:22'),
(1036, 10, NULL, 0, 1, '2014-03-30 11:55:31'),
(1037, 10, NULL, 0, 1, '2014-03-30 12:02:42'),
(1038, 10, NULL, 0, 1, '2014-03-30 12:07:33'),
(1039, 10, NULL, 0, 1, '2014-03-31 06:49:22'),
(1040, 10, NULL, 0, 1, '2014-03-31 06:50:36'),
(1041, 10, NULL, 0, 1, '2014-03-31 07:15:58'),
(1042, 10, NULL, 0, 1, '2014-03-31 08:06:29'),
(1043, 10, NULL, 0, 1, '2014-03-31 08:08:45'),
(1044, 10, NULL, 0, 1, '2014-03-31 08:08:50'),
(1045, 10, NULL, 0, 1, '2014-03-31 08:08:52'),
(1046, 10, NULL, 0, 1, '2014-03-31 08:09:02'),
(1047, 10, NULL, 0, 1, '2014-03-31 08:09:19'),
(1048, 10, NULL, 0, 1, '2014-03-31 08:12:40'),
(1049, 10, NULL, 0, 1, '2014-03-31 08:12:44'),
(1050, 10, NULL, 0, 1, '2014-03-31 08:12:46'),
(1051, 10, NULL, 0, 1, '2014-03-31 08:12:53'),
(1052, 10, NULL, 0, 1, '2014-03-31 08:13:35'),
(1053, 10, NULL, 0, 1, '2014-03-31 08:13:39'),
(1054, 10, NULL, 0, 1, '2014-03-31 08:16:43'),
(1055, 10, NULL, 0, 1, '2014-03-31 08:16:45'),
(1056, 10, NULL, 0, 1, '2014-03-31 08:18:11'),
(1057, 10, NULL, 0, 1, '2014-03-31 08:18:16'),
(1058, 10, NULL, 0, 1, '2014-03-31 08:18:19'),
(1059, 10, NULL, 0, 1, '2014-03-31 08:18:24'),
(1060, 10, NULL, 0, 1, '2014-03-31 08:18:28'),
(1061, 10, NULL, 0, 1, '2014-03-31 08:18:51'),
(1062, 10, NULL, 0, 1, '2014-03-31 08:18:55'),
(1063, 10, NULL, 0, 1, '2014-03-31 08:24:43'),
(1064, 10, NULL, 0, 1, '2014-03-31 08:29:20'),
(1065, 10, NULL, 0, 1, '2014-03-31 08:31:19'),
(1066, 10, NULL, 0, 1, '2014-03-31 08:37:46'),
(1067, 10, NULL, 0, 1, '2014-03-31 08:40:24'),
(1068, 10, NULL, 0, 1, '2014-03-31 08:42:34'),
(1069, 10, NULL, 0, 1, '2014-03-31 08:45:16'),
(1070, 10, NULL, 0, 1, '2014-03-31 08:51:31'),
(1071, 10, NULL, 0, 1, '2014-03-31 08:57:09'),
(1072, 10, NULL, 0, 1, '2014-03-31 08:58:36'),
(1073, 10, NULL, 0, 1, '2014-03-31 08:58:59'),
(1074, 10, NULL, 0, 1, '2014-03-31 08:59:08'),
(1075, 10, NULL, 0, 1, '2014-03-31 08:59:30'),
(1076, 10, NULL, 0, 1, '2014-03-31 08:59:54'),
(1077, 10, NULL, 0, 1, '2014-03-31 09:04:20'),
(1078, 10, NULL, 0, 1, '2014-03-31 09:04:25'),
(1079, 10, NULL, 0, 1, '2014-03-31 09:05:18'),
(1080, 10, NULL, 0, 1, '2014-03-31 09:05:23'),
(1081, 10, NULL, 0, 1, '2014-03-31 09:05:29'),
(1082, 10, NULL, 0, 1, '2014-03-31 09:09:52'),
(1083, 10, NULL, 0, 1, '2014-03-31 09:10:13'),
(1084, 10, NULL, 0, 1, '2014-03-31 09:10:17'),
(1085, 10, NULL, 0, 1, '2014-03-31 09:10:21'),
(1086, 10, NULL, 0, 1, '2014-03-31 09:10:30'),
(1087, 10, NULL, 0, 1, '2014-03-31 09:12:37'),
(1088, 10, NULL, 0, 1, '2014-03-31 09:17:25'),
(1089, 10, NULL, 0, 1, '2014-03-31 09:17:46'),
(1090, 10, NULL, 0, 1, '2014-03-31 13:33:05'),
(1091, 10, NULL, 0, 1, '2014-03-31 14:06:21'),
(1092, 10, NULL, 0, 1, '2014-03-31 14:08:11'),
(1093, 10, NULL, 0, 1, '2014-03-31 14:09:37'),
(1094, 10, NULL, 0, 1, '2014-03-31 14:10:00'),
(1095, 10, NULL, 0, 1, '2014-03-31 14:10:04'),
(1096, 10, NULL, 0, 1, '2014-03-31 14:12:22'),
(1097, 10, NULL, 0, 1, '2014-03-31 14:14:28'),
(1098, 10, NULL, 0, 1, '2014-03-31 14:30:23'),
(1099, 10, NULL, 0, 1, '2014-03-31 14:31:03'),
(1100, 10, NULL, 0, 1, '2014-03-31 14:33:38'),
(1101, 10, NULL, 0, 6, '2014-03-31 14:33:56'),
(1102, 10, NULL, 0, 6, '2014-03-31 14:34:01'),
(1105, 10, NULL, 0, 6, '2014-03-31 14:34:14'),
(1106, 10, NULL, 0, 6, '2014-03-31 14:34:18'),
(1107, 10, NULL, 0, 6, '2014-03-31 14:34:21'),
(1108, 10, NULL, 0, 6, '2014-03-31 14:34:24'),
(1111, 10, NULL, 0, 6, '2014-03-31 14:34:59'),
(1112, 10, NULL, 0, 1, '2014-03-31 14:37:29'),
(1113, 10, NULL, 0, 1, '2014-03-31 14:38:27'),
(1114, 10, NULL, 0, 1, '2014-03-31 14:38:37'),
(1115, 10, NULL, 0, 1, '2014-03-31 14:38:40'),
(1116, 10, NULL, 0, 1, '2014-03-31 14:40:28'),
(1117, 10, NULL, 0, 1, '2014-03-31 14:40:46'),
(1118, 10, NULL, 0, 1, '2014-03-31 14:40:54'),
(1119, 10, NULL, 0, 1, '2014-03-31 14:46:55'),
(1120, 10, NULL, 0, 1, '2014-03-31 15:09:09'),
(1121, 10, NULL, 0, 6, '2014-03-31 15:09:16'),
(1122, 10, NULL, 0, 6, '2014-03-31 15:09:21'),
(1126, 10, NULL, 0, 6, '2014-03-31 15:09:45'),
(1127, 10, NULL, 0, 6, '2014-03-31 15:09:48'),
(1128, 10, NULL, 0, 6, '2014-03-31 15:09:50'),
(1129, 10, NULL, 0, 6, '2014-03-31 15:09:53'),
(1130, 10, NULL, 0, 6, '2014-03-31 15:09:57'),
(1131, 10, NULL, 0, 1, '2014-03-31 15:23:40'),
(1132, 10, NULL, 0, 6, '2014-03-31 15:23:51'),
(1133, 10, NULL, 0, 6, '2014-03-31 15:23:57'),
(1134, 10, NULL, 0, 1, '2014-03-31 15:37:38'),
(1135, 10, NULL, 0, 1, '2014-03-31 15:37:43'),
(1136, 10, NULL, 0, 1, '2014-03-31 15:39:51'),
(1137, 10, NULL, 0, 1, '2014-03-31 15:42:00'),
(1138, 10, NULL, 0, 1, '2014-03-31 15:42:07'),
(1139, 10, NULL, 0, 1, '2014-03-31 15:42:11'),
(1140, 10, NULL, 0, 1, '2014-03-31 15:42:26'),
(1141, 10, NULL, 0, 1, '2014-03-31 20:45:59'),
(1142, 10, NULL, 0, 1, '2014-03-31 21:12:15'),
(1143, 10, NULL, 0, 1, '2014-03-31 21:12:20'),
(1144, 10, NULL, 0, 1, '2014-03-31 21:12:23'),
(1145, 10, NULL, 0, 1, '2014-03-31 21:12:28'),
(1146, 10, NULL, 0, 1, '2014-03-31 21:12:36'),
(1147, 10, NULL, 0, 1, '2014-03-31 21:12:39'),
(1148, 10, NULL, 0, 1, '2014-03-31 21:12:46'),
(1149, 10, NULL, 0, 1, '2014-03-31 21:14:00'),
(1150, 10, NULL, 0, 1, '2014-03-31 21:14:04'),
(1151, 10, NULL, 0, 1, '2014-03-31 21:16:47'),
(1152, 10, NULL, 0, 1, '2014-03-31 21:17:48'),
(1153, 10, NULL, 0, 1, '2014-03-31 21:20:11'),
(1154, 10, NULL, 0, 1, '2014-03-31 21:23:01'),
(1155, 10, NULL, 0, 1, '2014-03-31 21:23:08'),
(1156, 10, NULL, 0, 1, '2014-03-31 21:23:20'),
(1157, 10, NULL, 0, 1, '2014-03-31 21:26:40'),
(1158, 10, NULL, 0, 1, '2014-03-31 21:26:45'),
(1159, 10, NULL, 0, 1, '2014-03-31 21:29:16'),
(1160, 10, NULL, 0, 6, '2014-03-31 21:29:47'),
(1161, 10, NULL, 0, 1, '2014-03-31 21:29:59'),
(1162, 10, NULL, 0, 1, '2014-03-31 21:30:41'),
(1163, 10, NULL, 0, 1, '2014-03-31 21:31:41'),
(1164, 10, NULL, 0, 1, '2014-03-31 21:34:51'),
(1165, 10, NULL, 0, 1, '2014-03-31 21:37:41'),
(1166, 10, NULL, 0, 1, '2014-03-31 21:37:57'),
(1167, 10, NULL, 0, 1, '2014-03-31 21:40:40'),
(1168, 10, NULL, 0, 1, '2014-03-31 21:48:09'),
(1169, 10, NULL, 0, 1, '2014-03-31 21:49:13'),
(1170, 10, NULL, 0, 1, '2014-03-31 21:49:18'),
(1171, 10, NULL, 0, 1, '2014-03-31 21:50:58'),
(1172, 10, NULL, 0, 1, '2014-03-31 21:53:12'),
(1173, 10, NULL, 0, 1, '2014-03-31 21:54:30'),
(1174, 10, NULL, 0, 1, '2014-03-31 21:55:12'),
(1175, 10, NULL, 0, 1, '2014-03-31 21:55:13'),
(1176, 10, NULL, 0, 1, '2014-03-31 21:55:16'),
(1177, 10, NULL, 0, 1, '2014-03-31 21:56:01'),
(1178, 10, NULL, 0, 1, '2014-03-31 21:56:38'),
(1179, 10, NULL, 0, 1, '2014-03-31 21:56:44'),
(1180, 10, NULL, 0, 1, '2014-03-31 21:56:48'),
(1181, 10, NULL, 0, 1, '2014-03-31 21:56:54'),
(1182, 10, NULL, 0, 1, '2014-03-31 21:56:58'),
(1183, 10, NULL, 0, 1, '2014-03-31 21:57:06'),
(1184, 10, NULL, 0, 1, '2014-03-31 21:57:10'),
(1185, 10, NULL, 0, 1, '2014-03-31 21:57:12'),
(1186, 10, NULL, 0, 1, '2014-03-31 21:57:13'),
(1187, 10, NULL, 0, 1, '2014-03-31 22:02:57'),
(1188, 10, NULL, 0, 1, '2014-03-31 22:04:14'),
(1189, 10, NULL, 0, 1, '2014-03-31 22:04:27'),
(1190, 10, NULL, 0, 1, '2014-03-31 22:11:53'),
(1191, 10, NULL, 0, 1, '2014-03-31 23:03:02'),
(1192, 10, NULL, 0, 1, '2014-03-31 23:03:51'),
(1193, 10, NULL, 0, 1, '2014-03-31 23:11:27'),
(1194, 10, NULL, 0, 1, '2014-03-31 23:18:13'),
(1195, 10, NULL, 0, 1, '2014-03-31 23:24:00'),
(1196, 10, NULL, 0, 1, '2014-03-31 23:24:02'),
(1197, 10, NULL, 0, 1, '2014-03-31 23:24:11'),
(1198, 10, NULL, 0, 1, '2014-03-31 23:24:27'),
(1199, 10, NULL, 0, 1, '2014-03-31 23:37:27'),
(1200, 10, NULL, 0, 1, '2014-03-31 23:52:19'),
(1201, 10, NULL, 0, 1, '2014-04-01 00:03:01'),
(1202, 10, NULL, 0, 1, '2014-04-01 00:03:38'),
(1203, 10, NULL, 0, 1, '2014-04-01 09:40:22'),
(1204, 10, NULL, 0, 1, '2014-04-02 08:58:05'),
(1205, 10, NULL, 0, 1, '2014-04-02 10:35:23'),
(1206, 10, NULL, 0, 1, '2014-04-02 10:35:35'),
(1207, 10, NULL, 2, 1, '2014-04-02 10:35:43'),
(1208, 10, NULL, 0, 1, '2014-04-02 10:40:57'),
(1209, 10, NULL, 0, 1, '2014-04-02 10:53:38'),
(1210, 10, NULL, 0, 1, '2014-04-02 14:15:47'),
(1211, 10, NULL, 0, 1, '2014-04-02 14:25:28'),
(1212, 10, NULL, 0, 1, '2014-04-02 14:30:50'),
(1213, 10, NULL, 0, 1, '2014-04-02 14:32:59'),
(1214, 10, NULL, 0, 6, '2014-04-02 14:36:12'),
(1215, 10, NULL, 0, 6, '2014-04-02 14:36:14'),
(1216, 10, NULL, 0, 6, '2014-04-02 14:38:54'),
(1217, 10, NULL, 0, 1, '2014-04-02 14:45:17'),
(1218, 29, NULL, 0, 1, '2014-04-02 14:47:17'),
(1219, NULL, NULL, 3, 1, '2014-04-02 14:47:38'),
(1220, 29, NULL, 0, 1, '2014-04-02 14:47:52'),
(1221, NULL, NULL, 3, 1, '2014-04-02 14:48:02'),
(1222, NULL, NULL, 3, 1, '2014-04-02 14:48:15'),
(1223, 2, NULL, 2, 1, '2014-04-02 14:48:52'),
(1224, 2, NULL, 2, 1, '2014-04-02 14:49:01'),
(1225, 2, NULL, 2, 1, '2014-04-02 14:49:14'),
(1226, 2, NULL, 0, 1, '2014-04-02 14:49:43'),
(1227, 2, NULL, 0, 1, '2014-04-02 14:50:17'),
(1228, 2, NULL, 0, 1, '2014-04-02 14:50:41'),
(1229, 29, NULL, 0, 1, '2014-04-02 14:51:59'),
(1230, 2, NULL, 0, 1, '2014-04-02 14:52:44'),
(1231, 2, NULL, 0, 1, '2014-04-02 15:00:29'),
(1232, 29, NULL, 0, 1, '2014-04-02 15:00:56'),
(1233, 2, NULL, 0, 1, '2014-04-02 15:01:26'),
(1234, 2, NULL, 0, 1, '2014-04-02 15:03:45'),
(1235, 10, NULL, 0, 1, '2014-04-02 15:05:50'),
(1236, 29, NULL, 0, 1, '2014-04-02 15:07:34'),
(1237, 10, NULL, 0, 1, '2014-04-02 15:14:59'),
(1238, 10, NULL, 0, 6, '2014-04-02 15:15:09'),
(1239, 10, NULL, 0, 6, '2014-04-02 15:15:10'),
(1240, 10, NULL, 0, 6, '2014-04-02 15:15:12'),
(1241, 10, NULL, 0, 1, '2014-04-02 15:17:33'),
(1242, 10, NULL, 0, 1, '2014-04-02 15:21:30');
INSERT INTO `HISTORYACCESS` (`IDHISTORY`, `IDUSER`, `IDHOUSE`, `ERROR`, `FUNCT`, `DATESTAMP`) VALUES
(1243, 10, NULL, 0, 6, '2014-04-02 15:21:40'),
(1244, 10, NULL, 0, 1, '2014-04-02 15:24:30'),
(1245, 10, NULL, 0, 6, '2014-04-02 15:24:38'),
(1246, 10, NULL, 0, 1, '2014-04-02 15:27:21'),
(1247, 10, NULL, 0, 1, '2014-04-02 15:31:29'),
(1248, 10, NULL, 0, 1, '2014-04-02 15:33:49'),
(1249, 10, NULL, 0, 6, '2014-04-02 15:34:11'),
(1250, 10, NULL, 0, 6, '2014-04-02 15:35:24'),
(1251, 10, NULL, 0, 1, '2014-04-02 15:40:09'),
(1252, 10, NULL, 0, 1, '2014-04-02 15:41:20'),
(1253, 10, NULL, 0, 1, '2014-04-02 15:42:55'),
(1254, 10, NULL, 0, 1, '2014-04-02 15:46:59'),
(1255, 10, NULL, 0, 1, '2014-04-02 15:48:57'),
(1256, 10, NULL, 0, 1, '2014-04-02 16:17:42'),
(1257, 10, NULL, 0, 1, '2014-04-02 16:19:36'),
(1258, NULL, NULL, 3, 1, '2014-04-02 16:22:07'),
(1259, NULL, NULL, 3, 1, '2014-04-02 16:22:11'),
(1260, 10, NULL, 0, 1, '2014-04-02 16:34:51'),
(1261, 10, NULL, 0, 1, '2014-04-03 09:28:42'),
(1262, 29, NULL, 0, 1, '2014-04-03 09:29:27'),
(1263, 29, NULL, 21, 6, '2014-04-03 09:29:46'),
(1264, 29, NULL, 21, 6, '2014-04-03 09:29:50'),
(1265, 29, NULL, 21, 6, '2014-04-03 09:29:55'),
(1266, 10, NULL, 0, 1, '2014-04-03 09:30:08'),
(1267, 10, NULL, 0, 1, '2014-04-03 09:47:55'),
(1268, 10, NULL, 0, 1, '2014-04-03 09:51:48'),
(1269, 10, NULL, 0, 1, '2014-04-03 09:52:40'),
(1270, 10, NULL, 0, 1, '2014-04-03 09:53:24'),
(1271, 10, NULL, 0, 1, '2014-04-03 09:54:28'),
(1272, 10, NULL, 0, 1, '2014-04-03 09:57:45'),
(1273, 10, NULL, 0, 1, '2014-04-03 09:58:55'),
(1274, 10, NULL, 0, 6, '2014-04-03 09:59:16'),
(1275, 10, NULL, 0, 6, '2014-04-03 09:59:18'),
(1276, 10, NULL, 0, 6, '2014-04-03 10:03:10'),
(1277, 10, NULL, 0, 6, '2014-04-03 10:03:11'),
(1278, 10, NULL, 0, 1, '2014-04-03 10:04:29'),
(1279, 10, NULL, 0, 1, '2014-04-03 10:11:58'),
(1280, 10, NULL, 0, 1, '2014-04-03 10:19:04'),
(1281, 10, NULL, 0, 1, '2014-04-03 10:20:10'),
(1282, 29, NULL, 0, 1, '2014-04-03 10:20:42'),
(1283, 10, NULL, 0, 1, '2014-04-03 10:22:13'),
(1284, 10, NULL, 0, 1, '2014-04-03 10:23:07'),
(1285, 29, NULL, 0, 1, '2014-04-03 10:23:37'),
(1286, 10, NULL, 0, 1, '2014-04-03 11:04:16'),
(1287, 10, NULL, 0, 1, '2014-04-03 11:05:03'),
(1288, 10, NULL, 0, 1, '2014-04-03 11:17:57'),
(1289, 10, NULL, 0, 1, '2014-04-03 11:33:06'),
(1290, 10, NULL, 0, 1, '2014-04-03 11:34:10'),
(1291, 10, NULL, 0, 1, '2014-04-03 11:35:06'),
(1292, 10, NULL, 0, 1, '2014-04-03 11:36:19'),
(1293, 10, NULL, 0, 1, '2014-04-03 11:38:31'),
(1294, 10, NULL, 0, 1, '2014-04-03 11:39:53'),
(1295, 10, NULL, 0, 1, '2014-04-03 11:49:50'),
(1296, 10, NULL, 0, 1, '2014-04-03 11:55:29'),
(1297, 10, NULL, 0, 1, '2014-04-03 11:57:02'),
(1298, 10, NULL, 0, 1, '2014-04-03 11:59:00'),
(1299, 29, NULL, 0, 1, '2014-04-03 11:59:29'),
(1300, 10, NULL, 0, 1, '2014-04-03 12:04:09'),
(1301, 29, NULL, 2, 1, '2014-04-03 12:04:25'),
(1302, 29, NULL, 0, 1, '2014-04-03 12:04:39'),
(1303, 10, NULL, 0, 1, '2014-04-03 13:18:14'),
(1304, 10, NULL, 0, 6, '2014-04-03 13:18:27'),
(1305, 10, NULL, 0, 6, '2014-04-03 13:18:27'),
(1306, 10, NULL, 0, 6, '2014-04-03 13:18:27'),
(1307, 10, NULL, 0, 6, '2014-04-03 13:18:30'),
(1308, 10, NULL, 0, 6, '2014-04-03 13:18:32'),
(1309, NULL, NULL, 0, 8, '2014-04-03 14:17:48'),
(1310, 10, NULL, 2, 1, '2014-04-03 14:18:03'),
(1311, 29, NULL, 2, 1, '2014-04-03 14:18:26'),
(1312, 29, NULL, 0, 1, '2014-04-03 14:19:09'),
(1313, 29, NULL, 0, 1, '2014-04-03 14:21:03'),
(1314, 29, NULL, 0, 1, '2014-04-03 14:23:58'),
(1315, 29, NULL, 0, 1, '2014-04-03 14:31:22'),
(1316, 29, NULL, 0, 1, '2014-04-03 14:32:34'),
(1317, 29, NULL, 21, 6, '2014-04-03 14:33:27'),
(1318, 29, NULL, 21, 6, '2014-04-03 14:33:29'),
(1319, 29, NULL, 0, 1, '2014-04-03 14:49:05'),
(1320, 29, NULL, 0, 1, '2014-04-03 14:55:03'),
(1321, 29, NULL, 0, 1, '2014-04-03 14:56:35'),
(1322, NULL, NULL, 3, 1, '2014-04-03 14:56:47'),
(1323, 29, NULL, 0, 1, '2014-04-03 15:33:03'),
(1324, 2, NULL, 0, 1, '2014-04-03 15:33:39'),
(1325, 10, NULL, 0, 1, '2014-04-03 15:33:56'),
(1326, 29, NULL, 0, 1, '2014-04-03 15:36:01'),
(1327, 29, NULL, 0, 1, '2014-04-03 15:40:37'),
(1328, 29, NULL, 0, 1, '2014-04-03 15:42:58'),
(1329, 29, NULL, 0, 1, '2014-04-03 15:45:36'),
(1330, 29, NULL, 0, 1, '2014-04-03 15:46:32'),
(1331, 29, NULL, 0, 1, '2014-04-03 16:14:12'),
(1332, 29, NULL, 0, 6, '2014-04-03 16:15:03'),
(1333, 29, NULL, 21, 6, '2014-04-03 16:15:10'),
(1334, 29, NULL, 0, 1, '2014-04-03 19:23:30'),
(1335, 29, NULL, 21, 6, '2014-04-03 19:23:50'),
(1336, 29, NULL, 0, 1, '2014-04-03 20:05:17'),
(1337, 29, NULL, 0, 1, '2014-04-03 20:10:08'),
(1338, 29, NULL, 0, 1, '2014-04-03 20:11:15'),
(1339, 10, NULL, 0, 1, '2014-04-03 20:16:06'),
(1340, 29, NULL, 0, 1, '2014-04-03 20:16:31'),
(1341, 29, NULL, 0, 1, '2014-04-03 20:19:35'),
(1342, 29, NULL, 0, 1, '2014-04-03 20:20:42'),
(1343, 29, NULL, 0, 1, '2014-04-03 20:22:11'),
(1344, 29, NULL, 0, 1, '2014-04-03 20:23:57'),
(1345, NULL, NULL, 3, 1, '2014-04-03 21:33:09'),
(1346, 29, NULL, 0, 1, '2014-04-03 21:34:36'),
(1347, 10, NULL, 2, 1, '2014-04-03 21:39:57'),
(1348, 10, NULL, 0, 1, '2014-04-03 21:40:05'),
(1349, 10, NULL, 0, 1, '2014-04-03 21:47:31'),
(1350, 10, NULL, 0, 1, '2014-04-03 21:48:37'),
(1351, 10, NULL, 0, 1, '2014-04-03 21:56:55'),
(1352, 29, NULL, 0, 1, '2014-04-03 21:57:26'),
(1353, 29, NULL, 0, 1, '2014-04-03 21:58:46'),
(1354, 10, NULL, 0, 1, '2014-04-03 21:58:49'),
(1355, 29, NULL, 0, 1, '2014-04-03 22:00:15'),
(1356, 10, NULL, 0, 1, '2014-04-03 22:03:03'),
(1357, 10, NULL, 0, 1, '2014-04-03 22:05:37'),
(1358, 29, NULL, 0, 1, '2014-04-03 22:12:39'),
(1359, 10, NULL, 0, 1, '2014-04-03 22:17:32'),
(1360, 29, NULL, 0, 1, '2014-04-03 22:27:57'),
(1361, 29, NULL, 0, 1, '2014-04-03 22:29:53'),
(1362, 10, NULL, 0, 1, '2014-04-03 22:36:40'),
(1363, 10, NULL, 0, 1, '2014-04-03 22:37:57'),
(1364, 10, NULL, 0, 1, '2014-04-03 22:42:38'),
(1365, 10, NULL, 0, 1, '2014-04-03 22:44:25'),
(1366, 10, NULL, 0, 1, '2014-04-03 22:45:25'),
(1367, 10, NULL, 0, 1, '2014-04-03 22:50:23'),
(1368, 29, NULL, 0, 1, '2014-04-03 22:58:38'),
(1369, 29, NULL, 0, 1, '2014-04-03 23:05:10'),
(1370, 10, NULL, 0, 1, '2014-04-03 23:07:43'),
(1371, 29, NULL, 0, 1, '2014-04-04 06:26:46'),
(1372, 10, NULL, 0, 1, '2014-04-04 08:00:46'),
(1373, 10, NULL, 0, 6, '2014-04-04 08:01:38'),
(1374, 10, NULL, 0, 6, '2014-04-04 08:01:42'),
(1375, 29, NULL, 0, 1, '2014-04-04 08:01:58'),
(1376, 29, NULL, 0, 1, '2014-04-04 13:48:33'),
(1377, 29, NULL, 0, 1, '2014-04-04 13:51:24'),
(1378, 29, NULL, 0, 1, '2014-04-04 13:51:42'),
(1379, 29, NULL, 0, 1, '2014-04-04 13:53:04'),
(1380, 10, NULL, 0, 1, '2014-04-04 13:57:59'),
(1381, 29, NULL, 0, 1, '2014-04-04 13:59:04'),
(1382, 29, NULL, 0, 1, '2014-04-04 14:17:05'),
(1383, NULL, NULL, 0, 10, '2014-04-04 14:22:12'),
(1384, NULL, NULL, 0, 10, '2014-04-04 14:22:31'),
(1385, NULL, NULL, 0, 10, '2014-04-04 14:22:43'),
(1386, NULL, NULL, 0, 10, '2014-04-04 14:22:57'),
(1387, NULL, NULL, 0, 10, '2014-04-04 14:23:03'),
(1388, 29, NULL, 0, 1, '2014-04-04 14:24:40'),
(1389, 29, NULL, 0, 1, '2014-04-04 14:36:35'),
(1390, 29, NULL, 0, 1, '2014-04-04 14:37:19'),
(1391, 29, NULL, 0, 1, '2014-04-04 14:45:30'),
(1392, 29, NULL, 0, 1, '2014-04-04 14:46:08'),
(1393, 29, NULL, 0, 1, '2014-04-04 14:46:58'),
(1394, 29, NULL, 0, 1, '2014-04-04 14:48:59'),
(1395, 29, NULL, 0, 1, '2014-04-04 14:50:20'),
(1396, 29, NULL, 0, 1, '2014-04-04 14:51:28'),
(1397, 29, NULL, 0, 1, '2014-04-04 14:52:16'),
(1398, 29, NULL, 0, 1, '2014-04-04 14:52:54'),
(1399, 29, NULL, 0, 1, '2014-04-04 14:55:03'),
(1400, 29, NULL, 0, 1, '2014-04-04 14:56:28'),
(1401, 29, NULL, 0, 1, '2014-04-04 14:57:00'),
(1402, 29, NULL, 0, 1, '2014-04-04 14:58:56'),
(1403, 29, NULL, 0, 1, '2014-04-04 15:02:31'),
(1404, 29, NULL, 0, 1, '2014-04-04 15:05:09'),
(1405, 29, NULL, 0, 1, '2014-04-04 15:05:44'),
(1406, 29, NULL, 0, 1, '2014-04-04 15:07:21'),
(1407, 29, NULL, 0, 1, '2014-04-04 15:15:15'),
(1408, 29, NULL, 0, 1, '2014-04-04 15:18:56'),
(1409, 29, NULL, 0, 1, '2014-04-04 15:19:08'),
(1410, 29, NULL, 0, 1, '2014-04-04 15:21:22'),
(1411, 29, NULL, 0, 1, '2014-04-04 15:21:28'),
(1412, 29, NULL, 0, 1, '2014-04-04 15:23:36'),
(1413, 29, NULL, 0, 1, '2014-04-04 15:25:46'),
(1414, 29, NULL, 0, 1, '2014-04-04 15:30:15'),
(1415, 29, NULL, 0, 1, '2014-04-04 15:31:09'),
(1416, 29, NULL, 0, 1, '2014-04-04 15:33:17'),
(1417, 29, NULL, 0, 1, '2014-04-04 15:50:12'),
(1418, 29, NULL, 0, 1, '2014-04-04 15:52:20'),
(1419, NULL, NULL, 3, 1, '2014-04-04 17:20:28'),
(1420, 29, NULL, 0, 1, '2014-04-04 17:20:39'),
(1421, 29, NULL, 0, 1, '2014-04-04 17:32:39'),
(1422, 29, NULL, 0, 1, '2014-04-04 17:35:38'),
(1423, 29, NULL, 0, 1, '2014-04-04 17:36:51'),
(1424, 29, NULL, 0, 1, '2014-04-04 17:47:19'),
(1425, 29, NULL, 0, 1, '2014-04-04 17:54:43'),
(1426, 29, NULL, 0, 1, '2014-04-04 18:04:56'),
(1427, 29, NULL, 0, 1, '2014-04-04 18:52:45'),
(1428, 29, NULL, 0, 6, '2014-04-04 18:55:04'),
(1429, 29, NULL, 0, 6, '2014-04-04 18:55:06'),
(1430, 29, NULL, 0, 6, '2014-04-04 18:55:08'),
(1431, 29, NULL, 0, 6, '2014-04-04 18:55:08'),
(1432, 29, NULL, 0, 6, '2014-04-04 18:55:08'),
(1433, 29, NULL, 0, 6, '2014-04-04 18:55:10'),
(1434, 29, NULL, 0, 6, '2014-04-04 18:55:11'),
(1435, 29, NULL, 0, 6, '2014-04-04 18:55:13'),
(1436, 29, NULL, 21, 6, '2014-04-04 18:55:17'),
(1437, 29, NULL, 21, 6, '2014-04-04 18:55:18'),
(1438, 29, NULL, 0, 1, '2014-04-04 20:00:42'),
(1439, 29, NULL, 0, 1, '2014-04-04 20:01:03'),
(1440, 29, NULL, 2, 1, '2014-04-04 20:01:12'),
(1441, 29, NULL, 0, 1, '2014-04-04 20:01:23'),
(1442, 29, NULL, 0, 1, '2014-04-04 20:02:49'),
(1443, 29, NULL, 0, 1, '2014-04-04 20:02:52'),
(1444, NULL, NULL, 3, 1, '2014-04-04 20:02:57'),
(1445, 29, NULL, 0, 1, '2014-04-04 20:03:06'),
(1446, 29, NULL, 0, 1, '2014-04-04 20:03:41'),
(1447, 29, NULL, 0, 1, '2014-04-04 20:03:45'),
(1448, 29, NULL, 0, 1, '2014-04-04 20:04:18'),
(1449, 29, NULL, 0, 1, '2014-04-04 20:04:21'),
(1450, 29, NULL, 0, 1, '2014-04-04 20:04:59'),
(1451, 29, NULL, 0, 1, '2014-04-04 20:05:34'),
(1452, 29, NULL, 0, 1, '2014-04-04 20:06:34'),
(1453, 29, NULL, 0, 1, '2014-04-04 20:07:18'),
(1454, 29, NULL, 0, 1, '2014-04-04 20:07:59'),
(1455, 29, NULL, 0, 1, '2014-04-04 20:08:34'),
(1456, 29, NULL, 0, 1, '2014-04-04 20:08:40'),
(1457, 29, NULL, 0, 1, '2014-04-04 20:09:06'),
(1458, 29, NULL, 0, 1, '2014-04-04 20:10:46'),
(1459, 29, NULL, 0, 1, '2014-04-04 20:16:06'),
(1460, 29, NULL, 0, 1, '2014-04-04 20:19:05'),
(1461, 29, NULL, 0, 1, '2014-04-04 20:24:41'),
(1462, 29, NULL, 0, 1, '2014-04-04 20:26:28'),
(1463, 29, NULL, 0, 1, '2014-04-04 20:27:27'),
(1464, 29, NULL, 0, 1, '2014-04-04 20:28:35'),
(1465, 29, NULL, 0, 1, '2014-04-04 20:33:00'),
(1466, 29, NULL, 0, 1, '2014-04-04 21:10:08'),
(1467, 29, NULL, 0, 1, '2014-04-05 09:44:45'),
(1468, 29, NULL, 0, 1, '2014-04-05 09:46:22'),
(1469, 10, NULL, 2, 1, '2014-04-05 09:46:36'),
(1470, 29, NULL, 0, 1, '2014-04-05 09:46:44'),
(1471, 29, NULL, 0, 1, '2014-04-05 09:48:08'),
(1472, 29, NULL, 0, 1, '2014-04-05 09:49:46'),
(1473, 29, NULL, 0, 1, '2014-04-05 09:50:37'),
(1474, 29, NULL, 0, 1, '2014-04-05 09:50:56'),
(1475, 29, NULL, 0, 1, '2014-04-05 09:51:17'),
(1476, 29, NULL, 0, 1, '2014-04-05 09:51:34'),
(1477, 29, NULL, 0, 1, '2014-04-05 09:52:01'),
(1478, 29, NULL, 0, 1, '2014-04-05 09:52:58'),
(1479, 29, NULL, 0, 1, '2014-04-05 09:54:18'),
(1480, 29, NULL, 0, 1, '2014-04-05 10:08:23'),
(1481, 29, NULL, 0, 1, '2014-04-05 10:09:47'),
(1482, 29, NULL, 0, 1, '2014-04-05 10:11:03'),
(1483, 29, NULL, 0, 1, '2014-04-05 10:13:12'),
(1484, 29, NULL, 0, 1, '2014-04-05 10:14:43'),
(1485, 29, NULL, 0, 1, '2014-04-05 10:16:59'),
(1486, 29, NULL, 0, 1, '2014-04-05 10:18:10'),
(1487, 29, NULL, 0, 1, '2014-04-05 10:19:24'),
(1488, 29, NULL, 0, 1, '2014-04-05 10:20:13'),
(1489, 29, NULL, 0, 1, '2014-04-05 10:45:22'),
(1490, 29, NULL, 0, 1, '2014-04-05 11:00:52'),
(1491, 29, NULL, 0, 1, '2014-04-05 11:01:32'),
(1492, 29, NULL, 0, 1, '2014-04-05 11:08:32'),
(1493, 29, NULL, 0, 1, '2014-04-05 11:10:55'),
(1494, 29, NULL, 0, 1, '2014-04-05 11:14:41'),
(1495, 29, NULL, 0, 1, '2014-04-05 12:43:26'),
(1496, 29, NULL, 0, 1, '2014-04-05 12:45:18'),
(1497, 29, NULL, 0, 1, '2014-04-05 12:46:50'),
(1498, 29, NULL, 0, 1, '2014-04-05 12:47:48'),
(1499, 29, NULL, 0, 1, '2014-04-05 12:48:13'),
(1500, 29, NULL, 0, 1, '2014-04-05 12:49:45'),
(1501, 29, NULL, 0, 1, '2014-04-05 12:51:51'),
(1502, 29, NULL, 0, 1, '2014-04-05 12:52:31'),
(1503, 29, NULL, 0, 1, '2014-04-05 12:53:05'),
(1504, NULL, NULL, 3, 1, '2014-04-05 12:53:21'),
(1505, NULL, NULL, 3, 1, '2014-04-05 12:54:00'),
(1506, 29, NULL, 0, 1, '2014-04-05 12:54:07'),
(1507, 29, NULL, 0, 1, '2014-04-05 12:55:13'),
(1508, 29, NULL, 0, 1, '2014-04-05 12:57:59'),
(1509, 29, NULL, 0, 1, '2014-04-05 12:58:52'),
(1510, 29, NULL, 0, 1, '2014-04-05 12:59:44'),
(1511, 29, NULL, 0, 1, '2014-04-05 13:00:43'),
(1512, 29, NULL, 0, 1, '2014-04-05 13:00:53'),
(1513, 29, NULL, 0, 1, '2014-04-05 13:00:59'),
(1514, 29, NULL, 0, 1, '2014-04-05 13:02:40'),
(1515, 29, NULL, 0, 1, '2014-04-05 13:05:17'),
(1516, 29, NULL, 0, 1, '2014-04-05 13:05:32'),
(1517, 29, NULL, 0, 1, '2014-04-05 14:03:53'),
(1518, 10, NULL, 2, 1, '2014-04-05 14:04:26'),
(1519, 10, NULL, 2, 1, '2014-04-05 14:06:40'),
(1520, 10, NULL, 2, 1, '2014-04-05 14:17:51'),
(1521, 29, NULL, 0, 1, '2014-04-05 14:18:15'),
(1522, 29, NULL, 0, 1, '2014-04-05 14:21:02'),
(1523, 29, NULL, 0, 1, '2014-04-05 14:22:12'),
(1524, 10, NULL, 2, 1, '2014-04-05 14:53:15'),
(1525, 29, NULL, 0, 1, '2014-04-05 16:00:56'),
(1526, 29, NULL, 2, 1, '2014-04-07 16:55:03'),
(1527, 29, NULL, 2, 1, '2014-04-07 16:55:21'),
(1528, 29, NULL, 0, 1, '2014-04-07 16:55:41'),
(1529, 29, NULL, 0, 1, '2014-04-07 16:55:49'),
(1530, 29, NULL, 0, 1, '2014-04-07 19:25:24'),
(1531, 29, NULL, 0, 1, '2014-04-08 08:40:50'),
(1532, 29, NULL, 0, 1, '2014-04-08 08:45:38'),
(1533, 29, NULL, 6, 3, '2014-04-08 09:10:38'),
(1534, NULL, NULL, 13, 3, '2014-04-08 09:10:58'),
(1535, NULL, NULL, 2, 4, '2014-04-08 09:24:02'),
(1536, NULL, NULL, 2, 4, '2014-04-08 09:24:14'),
(1537, NULL, NULL, 2, 4, '2014-04-08 09:24:50'),
(1538, NULL, NULL, 2, 4, '2014-04-08 09:25:08'),
(1539, NULL, NULL, 2, 4, '2014-04-08 09:25:55'),
(1540, NULL, NULL, 2, 4, '2014-04-08 09:30:57'),
(1541, NULL, NULL, 2, 4, '2014-04-08 09:32:03'),
(1542, NULL, NULL, 2, 4, '2014-04-08 09:32:43'),
(1543, NULL, NULL, 2, 4, '2014-04-08 09:34:11'),
(1544, NULL, NULL, 2, 4, '2014-04-08 09:41:36'),
(1545, NULL, NULL, 2, 4, '2014-04-08 09:42:36'),
(1546, 72, NULL, 14, 4, '2014-04-08 09:43:48'),
(1547, NULL, NULL, 3, 4, '2014-04-08 09:45:28'),
(1548, NULL, NULL, 13, 3, '2014-04-08 09:47:15'),
(1549, 73, NULL, 6, 3, '2014-04-08 09:47:37'),
(1550, NULL, NULL, 7, 3, '2014-04-08 09:47:50'),
(1551, NULL, NULL, 7, 3, '2014-04-08 09:49:14'),
(1552, 73, NULL, 6, 3, '2014-04-08 09:49:21'),
(1553, NULL, NULL, 13, 3, '2014-04-08 09:49:46'),
(1554, 74, NULL, 2, 4, '2014-04-08 09:50:18'),
(1555, 73, NULL, 14, 4, '2014-04-08 09:50:43'),
(1556, NULL, NULL, 3, 4, '2014-04-08 09:50:59'),
(1557, 74, NULL, 2, 4, '2014-04-08 09:51:12'),
(1558, 74, NULL, 14, 4, '2014-04-08 09:51:23'),
(1559, NULL, NULL, 3, 5, '2014-04-08 09:58:55'),
(1560, NULL, NULL, 13, 3, '2014-04-08 09:59:21'),
(1561, 75, NULL, 15, 5, '2014-04-08 10:02:08'),
(1562, NULL, NULL, 3, 5, '2014-04-08 10:02:50'),
(1563, 75, NULL, 7, 5, '2014-04-08 10:03:12'),
(1564, 75, NULL, 15, 5, '2014-04-08 10:04:00'),
(1565, 29, NULL, 0, 1, '2014-04-08 10:05:22'),
(1566, 29, NULL, 0, 1, '2014-04-08 10:10:01'),
(1567, 29, NULL, 0, 1, '2014-04-08 10:10:06'),
(1568, 29, NULL, 6, 3, '2014-04-08 10:10:17'),
(1569, NULL, NULL, 0, 3, '2014-04-08 10:10:27'),
(1570, 75, NULL, 6, 3, '2014-04-08 10:17:46'),
(1571, NULL, NULL, 7, 3, '2014-04-08 10:18:11'),
(1572, NULL, NULL, 13, 3, '2014-04-08 10:18:30'),
(1573, 77, NULL, 6, 3, '2014-04-08 10:31:18'),
(1574, 77, NULL, 6, 3, '2014-04-08 10:31:27'),
(1575, 77, NULL, 6, 3, '2014-04-08 10:32:57'),
(1576, 77, NULL, 7, 5, '2014-04-08 10:33:08'),
(1577, 77, NULL, 7, 5, '2014-04-08 10:33:44'),
(1578, 77, NULL, 7, 5, '2014-04-08 10:34:17'),
(1579, 77, NULL, 15, 5, '2014-04-08 10:34:30'),
(1580, 29, NULL, 0, 1, '2014-04-08 10:35:27'),
(1581, 29, NULL, 2, 1, '2014-04-08 10:35:37'),
(1582, 29, NULL, 0, 1, '2014-04-08 10:35:52'),
(1583, 10, NULL, 0, 1, '2014-04-08 13:55:45'),
(1584, 29, NULL, 0, 1, '2014-04-08 13:56:19'),
(1585, 10, NULL, 0, 1, '2014-04-08 13:57:50'),
(1586, 10, NULL, 0, 1, '2014-04-08 14:00:11'),
(1587, 10, NULL, 0, 1, '2014-04-08 14:05:36'),
(1588, 60, NULL, 6, 3, '2014-04-08 14:09:10'),
(1589, 60, NULL, 6, 3, '2014-04-08 14:12:47'),
(1590, 29, NULL, 2, 1, '2014-04-08 18:34:32'),
(1591, 29, NULL, 2, 1, '2014-04-08 18:35:01'),
(1592, 29, NULL, 0, 1, '2014-04-08 18:35:45'),
(1593, NULL, NULL, 3, 1, '2014-04-08 20:23:47'),
(1594, NULL, NULL, 3, 1, '2014-04-08 23:31:53'),
(1595, 29, NULL, 0, 1, '2014-04-09 07:53:49'),
(1596, 29, NULL, 0, 1, '2014-04-09 07:55:18'),
(1597, 29, NULL, 0, 1, '2014-04-09 07:58:29'),
(1598, 29, NULL, 0, 1, '2014-04-09 07:59:27'),
(1599, 29, NULL, 0, 1, '2014-04-09 08:02:18'),
(1600, 29, NULL, 2, 1, '2014-04-09 08:02:25'),
(1601, 29, NULL, 2, 1, '2014-04-09 08:04:34'),
(1602, 29, NULL, 0, 1, '2014-04-09 08:04:42'),
(1603, 29, NULL, 0, 1, '2014-04-09 08:06:47'),
(1604, 29, NULL, 0, 1, '2014-04-09 08:06:53'),
(1605, 29, NULL, 0, 1, '2014-04-09 08:08:41'),
(1606, 29, NULL, 2, 1, '2014-04-09 08:08:51'),
(1607, 29, NULL, 0, 1, '2014-04-09 08:09:02'),
(1608, 29, NULL, 0, 1, '2014-04-09 08:10:30'),
(1609, 29, NULL, 0, 1, '2014-04-09 08:11:19'),
(1610, 29, NULL, 0, 1, '2014-04-09 08:13:51'),
(1611, 29, NULL, 2, 1, '2014-04-09 08:14:58'),
(1612, 29, NULL, 0, 1, '2014-04-09 08:15:34'),
(1613, 29, NULL, 6, 3, '2014-04-09 08:17:03'),
(1614, 29, NULL, 6, 3, '2014-04-09 08:18:52'),
(1615, NULL, NULL, 7, 3, '2014-04-09 08:19:07'),
(1616, NULL, NULL, 7, 3, '2014-04-09 08:19:36'),
(1617, 29, NULL, 0, 1, '2014-04-09 08:19:45'),
(1618, NULL, NULL, 0, 3, '2014-04-09 08:19:54'),
(1619, 78, NULL, 6, 3, '2014-04-09 08:22:10'),
(1620, 78, NULL, 6, 3, '2014-04-09 08:25:40'),
(1621, 29, NULL, 6, 3, '2014-04-09 08:26:04'),
(1622, NULL, NULL, 7, 3, '2014-04-09 08:26:14'),
(1623, 78, NULL, 7, 3, '2014-04-09 08:29:23'),
(1624, NULL, NULL, 3, 4, '2014-04-09 08:44:22'),
(1625, 75, NULL, 2, 4, '2014-04-09 08:44:39'),
(1626, 75, NULL, 2, 4, '2014-04-09 08:46:25'),
(1627, 75, NULL, 2, 4, '2014-04-09 08:46:30'),
(1628, 78, NULL, 0, 4, '2014-04-09 08:47:03'),
(1629, NULL, NULL, 3, 5, '2014-04-09 08:54:05'),
(1630, 79, NULL, 0, 3, '2014-04-09 08:54:21'),
(1631, 79, NULL, 0, 5, '2014-04-09 08:55:52'),
(1632, NULL, NULL, 3, 5, '2014-04-09 08:56:00'),
(1633, 79, NULL, 0, 5, '2014-04-09 08:56:10'),
(1634, 79, NULL, 0, 5, '2014-04-09 08:56:13'),
(1635, 79, NULL, 0, 5, '2014-04-09 08:56:18'),
(1636, 79, NULL, 0, 5, '2014-04-09 08:56:23'),
(1637, 79, NULL, 0, 5, '2014-04-09 08:59:12'),
(1638, 79, NULL, 0, 5, '2014-04-09 08:59:18'),
(1639, 79, NULL, 0, 5, '2014-04-09 08:59:23'),
(1640, 79, NULL, 0, 5, '2014-04-09 08:59:30'),
(1641, 79, NULL, 2, 5, '2014-04-09 09:01:55'),
(1642, 79, NULL, 2, 5, '2014-04-09 09:02:02'),
(1643, 79, NULL, 2, 5, '2014-04-09 09:02:08'),
(1644, 79, NULL, 0, 5, '2014-04-09 09:03:11'),
(1645, 79, NULL, 0, 5, '2014-04-09 09:03:19'),
(1646, 79, NULL, 0, 5, '2014-04-09 09:04:38'),
(1647, 79, NULL, 0, 5, '2014-04-09 09:04:42'),
(1648, 75, NULL, 7, 5, '2014-04-09 09:06:01'),
(1649, 79, NULL, 2, 5, '2014-04-09 09:08:14'),
(1650, 79, NULL, 0, 5, '2014-04-09 09:08:20'),
(1651, 79, NULL, 7, 5, '2014-04-09 09:08:36'),
(1652, 79, NULL, 7, 5, '2014-04-09 09:08:42'),
(1653, 79, NULL, 0, 5, '2014-04-09 09:08:46'),
(1654, 80, NULL, 0, 3, '2014-04-09 09:09:05'),
(1655, 80, NULL, 6, 3, '2014-04-09 09:09:09'),
(1656, 80, NULL, 6, 3, '2014-04-09 09:12:12'),
(1657, 80, NULL, 6, 3, '2014-04-09 09:12:18'),
(1658, 80, NULL, 6, 3, '2014-04-09 09:12:25'),
(1659, 80, NULL, 6, 3, '2014-04-09 09:12:51'),
(1660, 80, NULL, 0, 5, '2014-04-09 09:14:58'),
(1661, NULL, NULL, 3, 5, '2014-04-09 09:15:04'),
(1662, 80, NULL, 6, 5, '2014-04-09 09:15:30'),
(1663, 80, NULL, 0, 5, '2014-04-09 09:15:36'),
(1664, 29, NULL, 0, 1, '2014-04-09 10:18:54'),
(1665, 29, NULL, 0, 1, '2014-04-09 10:19:13'),
(1666, 29, NULL, 0, 1, '2014-04-09 10:20:12'),
(1667, 29, NULL, 0, 1, '2014-04-09 10:20:48'),
(1668, 29, NULL, 0, 1, '2014-04-09 10:22:58'),
(1669, 29, NULL, 0, 1, '2014-04-09 10:24:11'),
(1670, 29, NULL, 0, 1, '2014-04-09 10:29:31'),
(1671, 60, NULL, 6, 3, '2014-04-09 10:30:06'),
(1672, 60, NULL, 7, 3, '2014-04-09 10:30:16'),
(1673, 81, NULL, 0, 3, '2014-04-09 10:30:26'),
(1674, 29, NULL, 0, 1, '2014-04-09 10:30:37'),
(1675, 81, NULL, 0, 1, '2014-04-09 10:32:27'),
(1676, NULL, NULL, 2, 1, '2014-04-09 10:37:04'),
(1677, 81, NULL, 0, 1, '2014-04-09 10:37:11'),
(1678, 81, NULL, 0, 1, '2014-04-09 10:39:17'),
(1679, 81, NULL, 0, 1, '2014-04-09 10:43:24'),
(1680, 81, NULL, 0, 1, '2014-04-09 10:46:04'),
(1681, 81, NULL, 6, 5, '2014-04-09 10:46:12'),
(1682, 81, NULL, 0, 5, '2014-04-09 10:46:18'),
(1683, NULL, NULL, 3, 5, '2014-04-09 10:46:38'),
(1684, NULL, NULL, 3, 5, '2014-04-09 10:46:45'),
(1686, 29, 9, 0, 14, '2014-04-09 10:50:25'),
(1687, 29, 9, 0, 14, '2014-04-09 10:50:31'),
(1688, NULL, 9, 3, 14, '2014-04-09 10:51:08'),
(1689, NULL, 0, 21, 14, '2014-04-09 10:51:25'),
(1690, 81, NULL, 0, 1, '2014-04-09 10:51:56'),
(1691, 81, NULL, 0, 5, '2014-04-09 10:52:07'),
(1692, NULL, NULL, 3, 1, '2014-04-09 10:52:08'),
(1693, NULL, NULL, 3, 5, '2014-04-09 10:52:34'),
(1694, 81, NULL, 0, 1, '2014-04-09 10:54:10'),
(1695, 81, NULL, 6, 5, '2014-04-09 10:54:25'),
(1696, 81, NULL, 0, 5, '2014-04-09 10:54:32'),
(1697, NULL, NULL, 3, 1, '2014-04-09 10:54:33'),
(1698, NULL, NULL, 3, 5, '2014-04-09 10:55:23'),
(1699, 29, 9, 0, 14, '2014-04-09 10:57:11'),
(1700, 81, NULL, 0, 1, '2014-04-09 11:00:18'),
(1701, 81, NULL, 0, 5, '2014-04-09 11:00:28'),
(1702, NULL, NULL, 3, 1, '2014-04-09 11:00:28'),
(1703, NULL, NULL, 3, 5, '2014-04-09 11:00:53'),
(1704, 81, NULL, 0, 1, '2014-04-09 11:05:54'),
(1705, 81, NULL, 0, 5, '2014-04-09 11:06:02'),
(1706, NULL, NULL, 3, 5, '2014-04-09 11:06:09'),
(1707, 81, NULL, 0, 1, '2014-04-09 11:07:32'),
(1708, 81, NULL, 0, 5, '2014-04-09 11:07:43'),
(1709, NULL, NULL, 3, 5, '2014-04-09 11:08:30'),
(1710, 81, NULL, 0, 1, '2014-04-09 11:12:15'),
(1711, 81, NULL, 6, 5, '2014-04-09 11:12:28'),
(1712, 81, NULL, 0, 5, '2014-04-09 11:12:38'),
(1713, NULL, NULL, 3, 5, '2014-04-09 11:12:38'),
(1714, NULL, NULL, 3, 5, '2014-04-09 11:12:45'),
(1715, 29, NULL, 2, 1, '2014-04-09 12:35:17'),
(1716, 29, NULL, 0, 1, '2014-04-09 12:35:30'),
(1717, 29, NULL, 0, 1, '2014-04-09 12:37:04'),
(1718, 29, NULL, 2, 1, '2014-04-09 12:37:49'),
(1719, 29, NULL, 2, 1, '2014-04-09 12:38:11'),
(1720, NULL, NULL, 3, 1, '2014-04-09 12:38:13'),
(1721, 81, NULL, 0, 1, '2014-04-09 12:38:34'),
(1722, 81, NULL, 0, 5, '2014-04-09 12:38:47'),
(1723, NULL, NULL, 3, 5, '2014-04-09 12:38:47'),
(1724, 29, NULL, 0, 1, '2014-04-09 12:39:11'),
(1725, 29, NULL, 0, 1, '2014-04-09 12:40:15'),
(1726, 29, NULL, 0, 1, '2014-04-09 12:41:11'),
(1727, 81, NULL, 2, 1, '2014-04-09 12:41:43'),
(1728, 81, NULL, 2, 1, '2014-04-09 12:41:51'),
(1729, 81, NULL, 0, 1, '2014-04-09 12:41:57'),
(1730, 81, NULL, 0, 1, '2014-04-09 12:42:46'),
(1731, 81, NULL, 0, 1, '2014-04-09 12:43:30'),
(1732, 81, NULL, 0, 1, '2014-04-09 12:44:25'),
(1733, 81, NULL, 0, 5, '2014-04-09 12:44:29'),
(1734, NULL, NULL, 3, 5, '2014-04-09 12:44:30'),
(1735, 29, NULL, 0, 1, '2014-04-09 12:47:41'),
(1736, 29, NULL, 0, 1, '2014-04-09 12:48:28'),
(1737, 29, NULL, 0, 1, '2014-04-09 12:49:13'),
(1738, 29, NULL, 0, 1, '2014-04-09 12:52:23'),
(1739, 29, NULL, 0, 1, '2014-04-09 12:53:02'),
(1740, 81, NULL, 0, 1, '2014-04-09 12:54:28'),
(1741, 81, NULL, 0, 5, '2014-04-09 12:54:39'),
(1742, 81, NULL, 0, 1, '2014-04-09 12:54:39'),
(1743, 81, NULL, 0, 1, '2014-04-09 12:54:39'),
(1744, NULL, NULL, 3, 1, '2014-04-09 12:56:06'),
(1745, 81, NULL, 0, 1, '2014-04-09 12:56:26'),
(1746, 68, NULL, 0, 1, '2014-04-09 12:56:39'),
(1747, 81, NULL, 6, 5, '2014-04-09 12:56:39'),
(1748, 68, NULL, 0, 1, '2014-04-09 12:56:39'),
(1749, 81, NULL, 0, 1, '2014-04-09 12:56:49'),
(1750, 81, NULL, 0, 1, '2014-04-09 12:56:49'),
(1751, NULL, NULL, 3, 1, '2014-04-09 12:56:58'),
(1752, 81, NULL, 0, 5, '2014-04-09 12:56:58'),
(1753, 81, NULL, 0, 1, '2014-04-09 12:56:58'),
(1754, 81, NULL, 0, 1, '2014-04-09 12:57:05'),
(1755, NULL, NULL, 3, 5, '2014-04-09 12:57:05'),
(1756, 81, NULL, 0, 1, '2014-04-09 12:57:05'),
(1757, 81, NULL, 0, 1, '2014-04-09 12:58:08'),
(1758, NULL, NULL, 3, 5, '2014-04-09 12:58:08'),
(1759, 81, NULL, 0, 1, '2014-04-09 12:58:09'),
(1760, 29, NULL, 0, 1, '2014-04-09 12:59:29'),
(1761, 29, NULL, 2, 1, '2014-04-09 12:59:44'),
(1762, NULL, NULL, 0, 1, '2014-04-09 12:59:54'),
(1763, 81, NULL, 0, 1, '2014-04-09 13:03:30'),
(1764, 81, NULL, 0, 1, '2014-04-09 13:03:45'),
(1765, 81, NULL, 0, 5, '2014-04-09 13:03:45'),
(1766, 81, NULL, 0, 1, '2014-04-09 13:03:45'),
(1767, 81, NULL, 0, 1, '2014-04-09 13:04:28'),
(1768, NULL, NULL, 3, 5, '2014-04-09 13:04:28'),
(1769, 81, NULL, 0, 1, '2014-04-09 13:04:28'),
(1770, NULL, NULL, 0, 1, '2014-04-09 13:05:19'),
(1771, NULL, NULL, 0, 1, '2014-04-09 13:06:57'),
(1772, 81, NULL, 0, 1, '2014-04-09 13:07:13'),
(1773, NULL, NULL, 3, 5, '2014-04-09 13:07:13'),
(1774, 81, NULL, 0, 1, '2014-04-09 13:09:26'),
(1775, 81, NULL, 0, 1, '2014-04-09 13:09:34'),
(1776, 81, NULL, 0, 1, '2014-04-09 13:09:57'),
(1777, 10, NULL, 0, 1, '2014-04-09 13:10:17'),
(1778, 81, NULL, 0, 1, '2014-04-09 13:11:04'),
(1779, NULL, NULL, 0, 1, '2014-04-09 13:11:39'),
(1780, NULL, NULL, 0, 1, '2014-04-09 13:15:03'),
(1781, NULL, NULL, 3, 1, '2014-04-09 13:15:12'),
(1782, 29, NULL, 0, 1, '2014-04-09 13:15:22'),
(1783, 29, NULL, 0, 1, '2014-04-09 13:18:28'),
(1784, 81, NULL, 0, 1, '2014-04-09 13:21:20'),
(1785, 68, NULL, 0, 1, '2014-04-09 13:21:34'),
(1786, 81, NULL, 6, 5, '2014-04-09 13:21:34'),
(1787, 68, NULL, 0, 1, '2014-04-09 13:21:39'),
(1788, 81, NULL, 6, 5, '2014-04-09 13:21:57'),
(1789, 68, NULL, 0, 1, '2014-04-09 13:21:57'),
(1790, 68, NULL, 0, 1, '2014-04-09 13:21:58'),
(1791, 29, NULL, 0, 1, '2014-04-09 13:22:23'),
(1792, NULL, NULL, 3, 1, '2014-04-09 13:22:25'),
(1793, 81, NULL, 0, 5, '2014-04-09 13:22:25'),
(1794, 81, NULL, 0, 1, '2014-04-09 13:22:26'),
(1795, 81, NULL, 0, 1, '2014-04-09 13:22:51'),
(1796, NULL, NULL, 3, 5, '2014-04-09 13:22:51'),
(1797, 81, NULL, 0, 1, '2014-04-09 13:22:53'),
(1798, 82, NULL, 0, 3, '2014-04-09 13:22:58'),
(1799, 82, NULL, 0, 1, '2014-04-09 13:23:13'),
(1800, 81, NULL, 0, 1, '2014-04-09 13:24:39'),
(1801, NULL, NULL, 3, 1, '2014-04-09 13:24:50'),
(1802, 81, NULL, 0, 5, '2014-04-09 13:24:50'),
(1803, 81, NULL, 0, 1, '2014-04-09 13:24:50'),
(1804, 81, NULL, 0, 1, '2014-04-09 13:25:12'),
(1805, NULL, NULL, 3, 5, '2014-04-09 13:25:12'),
(1806, 81, NULL, 0, 1, '2014-04-09 13:25:13'),
(1807, 81, NULL, 0, 1, '2014-04-09 13:27:00'),
(1808, 81, NULL, 0, 1, '2014-04-09 13:27:06'),
(1809, 81, NULL, 0, 1, '2014-04-09 13:27:07'),
(1810, 81, NULL, 0, 1, '2014-04-09 13:27:10'),
(1811, 81, NULL, 0, 1, '2014-04-09 13:27:10'),
(1812, 82, NULL, 0, 1, '2014-04-09 13:27:37'),
(1813, 82, NULL, 0, 1, '2014-04-09 13:27:53'),
(1814, 81, NULL, 0, 1, '2014-04-09 13:28:15'),
(1815, 81, NULL, 0, 1, '2014-04-09 13:28:23'),
(1816, 81, NULL, 0, 5, '2014-04-09 13:28:24'),
(1817, 81, NULL, 0, 1, '2014-04-09 13:28:24'),
(1818, 81, NULL, 0, 1, '2014-04-09 13:28:37'),
(1819, NULL, NULL, 3, 5, '2014-04-09 13:28:37'),
(1820, 81, NULL, 0, 1, '2014-04-09 13:28:38'),
(1821, 81, NULL, 0, 1, '2014-04-09 13:28:42'),
(1822, NULL, NULL, 3, 5, '2014-04-09 13:28:42'),
(1823, 81, NULL, 0, 1, '2014-04-09 13:28:43'),
(1824, 82, NULL, 0, 1, '2014-04-09 13:29:02'),
(1825, 82, NULL, 2, 1, '2014-04-09 13:29:13'),
(1826, 82, NULL, 2, 1, '2014-04-09 13:30:18'),
(1827, 82, NULL, 2, 1, '2014-04-09 13:31:01'),
(1828, 83, NULL, 0, 3, '2014-04-09 13:33:28'),
(1829, 83, NULL, 6, 3, '2014-04-09 13:33:31'),
(1830, 83, NULL, 2, 1, '2014-04-09 13:33:40'),
(1831, 83, NULL, 2, 1, '2014-04-09 13:33:47'),
(1832, 83, NULL, 0, 1, '2014-04-09 13:33:56'),
(1833, 82, NULL, 2, 1, '2014-04-09 13:34:08'),
(1834, NULL, NULL, 3, 1, '2014-04-09 13:34:09'),
(1835, 83, NULL, 0, 5, '2014-04-09 13:34:09'),
(1836, 83, NULL, 0, 1, '2014-04-09 13:34:10'),
(1837, 82, NULL, 0, 1, '2014-04-09 13:34:14'),
(1838, NULL, NULL, 3, 5, '2014-04-09 13:34:47'),
(1839, 83, NULL, 0, 1, '2014-04-09 13:34:47'),
(1840, 83, NULL, 0, 1, '2014-04-09 13:34:47'),
(1841, 29, NULL, 0, 1, '2014-04-09 13:34:56'),
(1842, 83, NULL, 0, 1, '2014-04-09 13:39:30'),
(1843, NULL, NULL, 3, 1, '2014-04-09 13:39:44'),
(1844, 83, NULL, 0, 5, '2014-04-09 13:39:44'),
(1845, 83, NULL, 0, 1, '2014-04-09 13:39:44'),
(1846, 83, NULL, 0, 1, '2014-04-09 13:40:27'),
(1847, NULL, NULL, 3, 5, '2014-04-09 13:40:27'),
(1848, 83, NULL, 0, 1, '2014-04-09 13:40:27'),
(1849, 29, 9, 0, 14, '2014-04-09 13:43:37'),
(1850, 29, 9, 0, 14, '2014-04-09 13:43:54'),
(1851, NULL, 9, 21, 14, '2014-04-09 13:45:54'),
(1852, 29, 9, 0, 14, '2014-04-09 13:46:03'),
(1853, 83, NULL, 0, 1, '2014-04-09 13:47:28'),
(1854, 83, NULL, 0, 5, '2014-04-09 13:47:39'),
(1855, 83, NULL, 0, 1, '2014-04-09 13:52:22'),
(1856, 83, NULL, 0, 5, '2014-04-09 13:52:28'),
(1857, 83, NULL, 0, 1, '2014-04-09 13:52:28'),
(1858, 83, NULL, 0, 1, '2014-04-09 13:52:28'),
(1859, 83, NULL, 0, 1, '2014-04-09 13:52:29'),
(1860, 83, NULL, 0, 1, '2014-04-09 13:52:29'),
(1861, 83, NULL, 0, 1, '2014-04-09 13:52:29'),
(1862, 83, NULL, 0, 1, '2014-04-09 13:52:29'),
(1863, 83, NULL, 0, 1, '2014-04-09 13:52:29'),
(1864, 83, NULL, 0, 1, '2014-04-09 13:52:30'),
(1865, 83, NULL, 0, 1, '2014-04-09 13:52:30'),
(1866, 83, NULL, 0, 1, '2014-04-09 13:52:30'),
(1867, 83, NULL, 0, 1, '2014-04-09 13:52:30'),
(1868, 83, NULL, 0, 1, '2014-04-09 13:52:31'),
(1869, 83, NULL, 0, 1, '2014-04-09 13:52:31'),
(1870, 83, NULL, 0, 1, '2014-04-09 13:52:31'),
(1871, 83, NULL, 0, 1, '2014-04-09 13:52:31'),
(1872, 83, NULL, 0, 1, '2014-04-09 13:52:31'),
(1873, 83, NULL, 0, 1, '2014-04-09 13:52:33'),
(1874, 83, NULL, 0, 1, '2014-04-09 13:52:33'),
(1875, 83, NULL, 0, 1, '2014-04-09 13:52:33'),
(1876, 83, NULL, 0, 1, '2014-04-09 13:52:33'),
(1877, 83, NULL, 0, 1, '2014-04-09 13:52:33'),
(1878, 83, NULL, 0, 1, '2014-04-09 13:52:34'),
(1879, 83, NULL, 0, 1, '2014-04-09 13:52:34'),
(1880, 83, NULL, 0, 1, '2014-04-09 13:52:35'),
(1881, 83, NULL, 0, 1, '2014-04-09 13:52:35'),
(1882, 83, NULL, 0, 1, '2014-04-09 13:52:35'),
(1883, 83, NULL, 0, 1, '2014-04-09 13:52:36'),
(1884, 83, NULL, 0, 1, '2014-04-09 13:52:36'),
(1885, 83, NULL, 0, 1, '2014-04-09 13:52:36'),
(1886, 83, NULL, 0, 1, '2014-04-09 13:52:36'),
(1887, 83, NULL, 0, 1, '2014-04-09 13:52:36'),
(1888, 83, NULL, 0, 1, '2014-04-09 13:52:37'),
(1889, 83, NULL, 0, 1, '2014-04-09 13:52:37'),
(1890, 83, NULL, 0, 1, '2014-04-09 13:52:37'),
(1891, 83, NULL, 0, 1, '2014-04-09 13:52:37'),
(1892, 83, NULL, 0, 1, '2014-04-09 13:52:37'),
(1893, 83, NULL, 0, 1, '2014-04-09 13:52:38'),
(1894, 83, NULL, 0, 1, '2014-04-09 13:52:38'),
(1895, 83, NULL, 0, 1, '2014-04-09 13:52:38'),
(1896, 83, NULL, 0, 1, '2014-04-09 13:52:38'),
(1897, 83, NULL, 0, 1, '2014-04-09 13:52:38'),
(1898, 83, NULL, 0, 1, '2014-04-09 13:52:38'),
(1899, 83, NULL, 0, 1, '2014-04-09 13:52:39'),
(1900, 83, NULL, 0, 1, '2014-04-09 13:52:39'),
(1901, 83, NULL, 0, 1, '2014-04-09 13:52:39'),
(1902, 83, NULL, 0, 1, '2014-04-09 13:52:40'),
(1903, 83, NULL, 0, 1, '2014-04-09 13:52:40'),
(1904, 83, NULL, 0, 1, '2014-04-09 13:52:40'),
(1905, 83, NULL, 0, 1, '2014-04-09 13:52:40'),
(1906, 83, NULL, 0, 1, '2014-04-09 13:52:41'),
(1907, 83, NULL, 0, 1, '2014-04-09 13:52:41'),
(1908, 83, NULL, 0, 1, '2014-04-09 13:52:41'),
(1909, 83, NULL, 0, 1, '2014-04-09 13:52:41'),
(1910, 83, NULL, 0, 1, '2014-04-09 13:52:42'),
(1911, 83, NULL, 0, 1, '2014-04-09 13:52:42'),
(1912, 83, NULL, 0, 1, '2014-04-09 13:52:42'),
(1913, 83, NULL, 0, 1, '2014-04-09 13:52:42'),
(1914, 83, NULL, 0, 1, '2014-04-09 13:52:43'),
(1915, 83, NULL, 0, 1, '2014-04-09 13:52:43'),
(1916, 83, NULL, 0, 1, '2014-04-09 13:52:43'),
(1917, 83, NULL, 0, 1, '2014-04-09 13:52:44'),
(1918, 83, NULL, 0, 1, '2014-04-09 13:52:44'),
(1919, 83, NULL, 0, 1, '2014-04-09 13:52:44'),
(1920, 83, NULL, 0, 1, '2014-04-09 13:52:44'),
(1921, 83, NULL, 0, 1, '2014-04-09 13:52:45'),
(1922, 83, NULL, 0, 1, '2014-04-09 13:52:45'),
(1923, 83, NULL, 0, 1, '2014-04-09 13:52:45'),
(1924, 83, NULL, 0, 1, '2014-04-09 13:52:45'),
(1925, 83, NULL, 0, 1, '2014-04-09 13:52:45'),
(1926, 83, NULL, 0, 1, '2014-04-09 13:52:46'),
(1927, 83, NULL, 0, 1, '2014-04-09 13:52:46'),
(1928, 83, NULL, 0, 1, '2014-04-09 13:52:47'),
(1929, 83, NULL, 0, 1, '2014-04-09 13:52:47'),
(1930, 83, NULL, 0, 1, '2014-04-09 13:52:47'),
(1931, 83, NULL, 0, 1, '2014-04-09 13:52:47'),
(1932, 83, NULL, 0, 1, '2014-04-09 13:52:47'),
(1933, 83, NULL, 0, 1, '2014-04-09 13:52:47'),
(1934, 83, NULL, 0, 1, '2014-04-09 13:52:48'),
(1935, 83, NULL, 0, 1, '2014-04-09 13:52:48'),
(1936, 83, NULL, 0, 1, '2014-04-09 13:52:48'),
(1937, 83, NULL, 0, 1, '2014-04-09 13:52:48'),
(1938, 83, NULL, 0, 1, '2014-04-09 13:52:48'),
(1939, 83, NULL, 0, 1, '2014-04-09 13:52:48'),
(1940, 83, NULL, 0, 1, '2014-04-09 13:52:49'),
(1941, 83, NULL, 0, 1, '2014-04-09 13:52:49'),
(1942, 83, NULL, 0, 1, '2014-04-09 13:52:49'),
(1943, 83, NULL, 0, 1, '2014-04-09 13:52:50'),
(1944, 83, NULL, 0, 1, '2014-04-09 13:52:50'),
(1945, 83, NULL, 0, 1, '2014-04-09 13:52:50'),
(1946, 83, NULL, 0, 1, '2014-04-09 13:52:51'),
(1947, 83, NULL, 0, 1, '2014-04-09 13:52:51'),
(1948, 83, NULL, 0, 1, '2014-04-09 13:52:51'),
(1949, 83, NULL, 0, 1, '2014-04-09 13:52:51'),
(1950, 83, NULL, 0, 1, '2014-04-09 13:52:51'),
(1951, 83, NULL, 0, 1, '2014-04-09 13:52:52'),
(1952, 83, NULL, 0, 1, '2014-04-09 13:52:52'),
(1953, 83, NULL, 0, 1, '2014-04-09 13:52:52'),
(1954, 83, NULL, 0, 1, '2014-04-09 13:52:52'),
(1955, 83, NULL, 0, 1, '2014-04-09 13:52:52'),
(1956, 83, NULL, 0, 1, '2014-04-09 13:52:53'),
(1957, 83, NULL, 0, 1, '2014-04-09 13:52:53'),
(1958, 83, NULL, 0, 1, '2014-04-09 13:52:53'),
(1959, 83, NULL, 0, 1, '2014-04-09 13:52:53'),
(1960, 83, NULL, 0, 1, '2014-04-09 13:52:54'),
(1961, 83, NULL, 0, 1, '2014-04-09 13:52:54'),
(1962, 83, NULL, 0, 1, '2014-04-09 13:52:54'),
(1963, 83, NULL, 0, 1, '2014-04-09 13:52:54'),
(1964, 83, NULL, 0, 1, '2014-04-09 13:52:54'),
(1965, 83, NULL, 0, 1, '2014-04-09 13:52:55'),
(1966, 83, NULL, 0, 1, '2014-04-09 13:52:55'),
(1967, 83, NULL, 0, 1, '2014-04-09 13:52:55'),
(1968, 83, NULL, 0, 1, '2014-04-09 13:52:55'),
(1969, 83, NULL, 0, 1, '2014-04-09 13:52:55'),
(1970, 83, NULL, 0, 1, '2014-04-09 13:52:56'),
(1971, 83, NULL, 0, 1, '2014-04-09 13:52:56'),
(1972, 83, NULL, 0, 1, '2014-04-09 13:52:56'),
(1973, 83, NULL, 0, 1, '2014-04-09 13:52:56'),
(1974, 83, NULL, 0, 1, '2014-04-09 13:52:56'),
(1975, 83, NULL, 0, 1, '2014-04-09 13:52:57'),
(1976, 83, NULL, 0, 1, '2014-04-09 13:52:57'),
(1977, 83, NULL, 0, 1, '2014-04-09 13:52:57'),
(1978, 83, NULL, 0, 1, '2014-04-09 13:52:57'),
(1979, 83, NULL, 0, 1, '2014-04-09 13:52:57'),
(1980, 83, NULL, 0, 1, '2014-04-09 13:52:57'),
(1981, 83, NULL, 0, 1, '2014-04-09 13:52:58'),
(1982, 83, NULL, 0, 1, '2014-04-09 13:52:58'),
(1983, 83, NULL, 0, 1, '2014-04-09 13:52:58'),
(1984, 83, NULL, 0, 1, '2014-04-09 13:52:58'),
(1985, 83, NULL, 0, 1, '2014-04-09 13:52:58'),
(1986, 83, NULL, 0, 1, '2014-04-09 13:52:59'),
(1987, 83, NULL, 0, 1, '2014-04-09 13:53:00'),
(1988, 83, NULL, 0, 1, '2014-04-09 13:53:00'),
(1989, 83, NULL, 0, 1, '2014-04-09 13:53:00'),
(1990, 83, NULL, 0, 1, '2014-04-09 13:53:00'),
(1991, 83, NULL, 0, 1, '2014-04-09 13:53:01'),
(1992, 83, NULL, 0, 1, '2014-04-09 13:53:01'),
(1993, 83, NULL, 0, 1, '2014-04-09 13:53:01'),
(1994, 83, NULL, 0, 1, '2014-04-09 13:53:01'),
(1995, 83, NULL, 0, 1, '2014-04-09 13:53:01'),
(1996, 83, NULL, 0, 1, '2014-04-09 13:53:02'),
(1997, 83, NULL, 0, 1, '2014-04-09 13:53:02'),
(1998, 83, NULL, 0, 1, '2014-04-09 13:53:03'),
(1999, 83, NULL, 0, 1, '2014-04-09 13:53:03'),
(2000, 83, NULL, 0, 1, '2014-04-09 13:53:03'),
(2001, 83, NULL, 0, 1, '2014-04-09 13:53:03'),
(2002, 83, NULL, 0, 1, '2014-04-09 13:53:03'),
(2003, 83, NULL, 0, 1, '2014-04-09 13:53:04'),
(2004, 83, NULL, 0, 1, '2014-04-09 13:53:04'),
(2005, 83, NULL, 0, 1, '2014-04-09 13:53:04'),
(2006, 83, NULL, 0, 1, '2014-04-09 13:53:04'),
(2007, 83, NULL, 0, 1, '2014-04-09 13:53:05'),
(2008, 83, NULL, 0, 1, '2014-04-09 13:53:05'),
(2009, 83, NULL, 0, 1, '2014-04-09 13:53:05'),
(2010, 83, NULL, 0, 1, '2014-04-09 13:53:05'),
(2011, 83, NULL, 0, 1, '2014-04-09 13:53:05'),
(2012, 83, NULL, 0, 1, '2014-04-09 13:53:05'),
(2013, 83, NULL, 0, 1, '2014-04-09 13:53:06'),
(2014, 83, NULL, 0, 1, '2014-04-09 13:53:06'),
(2015, 83, NULL, 0, 1, '2014-04-09 13:53:07'),
(2016, 83, NULL, 0, 1, '2014-04-09 13:53:07'),
(2017, 83, NULL, 0, 1, '2014-04-09 13:53:07'),
(2018, 83, NULL, 0, 1, '2014-04-09 13:53:08'),
(2019, 83, NULL, 0, 1, '2014-04-09 13:53:08'),
(2020, 83, NULL, 0, 1, '2014-04-09 13:53:08'),
(2021, 83, NULL, 0, 1, '2014-04-09 13:53:08'),
(2022, 83, NULL, 0, 1, '2014-04-09 13:53:09'),
(2023, 83, NULL, 0, 1, '2014-04-09 13:53:09'),
(2024, 83, NULL, 0, 1, '2014-04-09 13:53:09'),
(2025, 83, NULL, 0, 1, '2014-04-09 13:53:09'),
(2026, 83, NULL, 0, 1, '2014-04-09 13:53:09'),
(2027, 83, NULL, 0, 1, '2014-04-09 13:53:09'),
(2028, 83, NULL, 0, 1, '2014-04-09 13:53:10'),
(2029, 83, NULL, 0, 1, '2014-04-09 13:53:10'),
(2030, 83, NULL, 0, 1, '2014-04-09 13:53:11'),
(2031, 83, NULL, 0, 1, '2014-04-09 13:53:11'),
(2032, 83, NULL, 0, 1, '2014-04-09 13:53:11'),
(2033, 83, NULL, 0, 1, '2014-04-09 13:53:11'),
(2034, 83, NULL, 0, 1, '2014-04-09 13:53:12'),
(2035, 83, NULL, 0, 1, '2014-04-09 13:53:12'),
(2036, 83, NULL, 0, 1, '2014-04-09 13:53:12'),
(2037, 83, NULL, 0, 1, '2014-04-09 13:53:12'),
(2038, 83, NULL, 0, 1, '2014-04-09 13:53:12'),
(2039, 83, NULL, 0, 1, '2014-04-09 13:53:13'),
(2040, 83, NULL, 0, 1, '2014-04-09 13:53:13'),
(2041, 83, NULL, 0, 1, '2014-04-09 13:53:13'),
(2042, 83, NULL, 0, 1, '2014-04-09 13:53:13'),
(2043, 83, NULL, 0, 1, '2014-04-09 13:53:13'),
(2044, 83, NULL, 0, 1, '2014-04-09 13:53:14'),
(2045, 83, NULL, 0, 1, '2014-04-09 13:53:14'),
(2046, 83, NULL, 0, 1, '2014-04-09 13:53:14'),
(2047, 83, NULL, 0, 1, '2014-04-09 13:53:14'),
(2048, 83, NULL, 0, 1, '2014-04-09 13:53:14'),
(2049, 83, NULL, 0, 1, '2014-04-09 13:53:15'),
(2050, 83, NULL, 0, 1, '2014-04-09 13:53:15'),
(2051, 83, NULL, 0, 1, '2014-04-09 13:53:15'),
(2052, 83, NULL, 0, 1, '2014-04-09 13:53:15'),
(2053, 83, NULL, 0, 1, '2014-04-09 13:53:16'),
(2054, 83, NULL, 0, 1, '2014-04-09 13:53:16'),
(2055, 83, NULL, 0, 1, '2014-04-09 13:53:17'),
(2056, 83, NULL, 0, 1, '2014-04-09 13:53:17'),
(2057, 83, NULL, 0, 1, '2014-04-09 13:53:17'),
(2058, 83, NULL, 0, 1, '2014-04-09 13:53:17'),
(2059, 83, NULL, 0, 1, '2014-04-09 13:53:17'),
(2060, 83, NULL, 0, 1, '2014-04-09 13:53:18'),
(2061, 83, NULL, 0, 1, '2014-04-09 13:53:18'),
(2062, 83, NULL, 0, 1, '2014-04-09 13:53:18'),
(2063, 83, NULL, 0, 1, '2014-04-09 13:53:18'),
(2064, 83, NULL, 0, 1, '2014-04-09 13:53:19'),
(2065, 83, NULL, 0, 1, '2014-04-09 13:53:19'),
(2066, 83, NULL, 0, 1, '2014-04-09 13:53:19'),
(2067, 83, NULL, 0, 1, '2014-04-09 13:53:19'),
(2068, 83, NULL, 0, 1, '2014-04-09 13:53:20'),
(2069, 83, NULL, 0, 1, '2014-04-09 13:53:20'),
(2070, 83, NULL, 0, 1, '2014-04-09 13:53:20'),
(2071, 83, NULL, 0, 1, '2014-04-09 13:53:20'),
(2072, 83, NULL, 0, 1, '2014-04-09 13:53:20'),
(2073, 83, NULL, 0, 1, '2014-04-09 13:53:21'),
(2074, 83, NULL, 0, 1, '2014-04-09 13:53:21'),
(2075, 83, NULL, 0, 1, '2014-04-09 13:53:21'),
(2076, 83, NULL, 0, 1, '2014-04-09 13:53:21'),
(2077, 83, NULL, 0, 1, '2014-04-09 13:53:21'),
(2078, 83, NULL, 0, 1, '2014-04-09 13:53:22'),
(2079, 83, NULL, 0, 1, '2014-04-09 13:53:22'),
(2080, 83, NULL, 0, 1, '2014-04-09 13:53:22'),
(2081, 83, NULL, 0, 1, '2014-04-09 13:53:22'),
(2082, 83, NULL, 0, 1, '2014-04-09 13:53:22'),
(2083, 83, NULL, 0, 1, '2014-04-09 13:53:23'),
(2084, 83, NULL, 0, 1, '2014-04-09 13:53:23'),
(2085, 83, NULL, 0, 1, '2014-04-09 13:53:23'),
(2086, 83, NULL, 0, 1, '2014-04-09 13:53:23'),
(2087, 83, NULL, 0, 1, '2014-04-09 13:53:23'),
(2088, 83, NULL, 0, 1, '2014-04-09 13:53:24'),
(2089, 83, NULL, 0, 1, '2014-04-09 13:53:24'),
(2090, 83, NULL, 0, 1, '2014-04-09 13:53:24'),
(2091, 83, NULL, 0, 1, '2014-04-09 13:53:25'),
(2092, 83, NULL, 0, 1, '2014-04-09 13:53:25'),
(2093, 83, NULL, 0, 1, '2014-04-09 13:53:25'),
(2094, 83, NULL, 0, 1, '2014-04-09 13:53:25'),
(2095, 83, NULL, 0, 1, '2014-04-09 13:53:25'),
(2096, 83, NULL, 0, 1, '2014-04-09 13:53:26'),
(2097, 83, NULL, 0, 1, '2014-04-09 13:53:26'),
(2098, 83, NULL, 0, 1, '2014-04-09 13:53:26'),
(2099, 83, NULL, 0, 1, '2014-04-09 13:53:26'),
(2100, 83, NULL, 0, 1, '2014-04-09 13:53:26'),
(2101, 83, NULL, 0, 1, '2014-04-09 13:53:27'),
(2102, 83, NULL, 0, 1, '2014-04-09 13:53:27'),
(2103, 83, NULL, 0, 1, '2014-04-09 13:53:27'),
(2104, 83, NULL, 0, 1, '2014-04-09 13:53:27'),
(2105, 83, NULL, 0, 1, '2014-04-09 13:53:28'),
(2106, 83, NULL, 0, 1, '2014-04-09 13:53:28'),
(2107, 83, NULL, 0, 1, '2014-04-09 13:53:28'),
(2108, 83, NULL, 0, 1, '2014-04-09 13:53:28'),
(2109, 83, NULL, 0, 1, '2014-04-09 13:53:29'),
(2110, 83, NULL, 0, 1, '2014-04-09 13:53:29'),
(2111, 83, NULL, 0, 1, '2014-04-09 13:53:29'),
(2112, 83, NULL, 0, 1, '2014-04-09 13:53:30'),
(2113, 83, NULL, 0, 1, '2014-04-09 13:53:31'),
(2114, 83, NULL, 0, 1, '2014-04-09 13:53:31'),
(2115, 83, NULL, 0, 1, '2014-04-09 13:53:32'),
(2116, 83, NULL, 0, 1, '2014-04-09 13:53:32'),
(2117, 83, NULL, 0, 1, '2014-04-09 13:53:32'),
(2118, 83, NULL, 0, 1, '2014-04-09 13:53:32'),
(2119, 83, NULL, 0, 1, '2014-04-09 13:53:32'),
(2120, 83, NULL, 0, 1, '2014-04-09 13:53:33'),
(2121, 83, NULL, 0, 1, '2014-04-09 13:53:33'),
(2122, 83, NULL, 0, 1, '2014-04-09 13:53:33'),
(2123, 83, NULL, 0, 1, '2014-04-09 13:53:34'),
(2124, 83, NULL, 0, 1, '2014-04-09 13:53:34'),
(2125, 83, NULL, 0, 1, '2014-04-09 13:53:34'),
(2126, 83, NULL, 0, 1, '2014-04-09 13:53:34'),
(2127, 83, NULL, 0, 1, '2014-04-09 13:53:36'),
(2128, 83, NULL, 0, 1, '2014-04-09 13:53:36'),
(2129, 83, NULL, 0, 1, '2014-04-09 13:53:36'),
(2130, 83, NULL, 0, 1, '2014-04-09 13:53:36'),
(2131, 83, NULL, 0, 1, '2014-04-09 13:53:36'),
(2132, 83, NULL, 0, 1, '2014-04-09 13:53:37'),
(2133, 83, NULL, 0, 1, '2014-04-09 13:53:37'),
(2134, 83, NULL, 0, 1, '2014-04-09 13:53:37'),
(2135, 83, NULL, 0, 1, '2014-04-09 13:53:38'),
(2136, 83, NULL, 0, 1, '2014-04-09 13:53:38'),
(2137, 83, NULL, 0, 1, '2014-04-09 13:53:39'),
(2138, 83, NULL, 0, 1, '2014-04-09 13:53:41'),
(2139, 83, NULL, 0, 1, '2014-04-09 13:53:41'),
(2140, 83, NULL, 0, 1, '2014-04-09 13:53:42'),
(2141, 83, NULL, 0, 1, '2014-04-09 13:53:42'),
(2142, 83, NULL, 0, 1, '2014-04-09 13:53:43'),
(2143, 83, NULL, 0, 1, '2014-04-09 13:53:43'),
(2144, 83, NULL, 0, 1, '2014-04-09 13:53:43'),
(2145, 83, NULL, 0, 1, '2014-04-09 13:53:43'),
(2146, 83, NULL, 0, 1, '2014-04-09 13:53:44'),
(2147, 83, NULL, 0, 1, '2014-04-09 13:53:45'),
(2148, 83, NULL, 0, 1, '2014-04-09 13:53:45'),
(2149, 83, NULL, 0, 1, '2014-04-09 13:53:45'),
(2150, 83, NULL, 0, 1, '2014-04-09 13:53:45'),
(2151, 83, NULL, 0, 1, '2014-04-09 13:53:45'),
(2152, 83, NULL, 0, 1, '2014-04-09 13:53:46'),
(2153, 83, NULL, 0, 1, '2014-04-09 13:53:46'),
(2154, 83, NULL, 0, 1, '2014-04-09 13:53:46'),
(2155, 83, NULL, 0, 1, '2014-04-09 13:53:46'),
(2156, 83, NULL, 0, 1, '2014-04-09 13:53:46'),
(2157, 83, NULL, 0, 1, '2014-04-09 13:53:46'),
(2158, 83, NULL, 0, 1, '2014-04-09 13:53:47'),
(2159, 83, NULL, 0, 1, '2014-04-09 13:53:47'),
(2160, 83, NULL, 0, 1, '2014-04-09 13:53:47'),
(2161, 83, NULL, 0, 1, '2014-04-09 13:53:47'),
(2162, 83, NULL, 0, 1, '2014-04-09 13:53:48'),
(2163, 83, NULL, 0, 1, '2014-04-09 13:53:48'),
(2164, 83, NULL, 0, 1, '2014-04-09 13:53:48'),
(2165, 83, NULL, 0, 1, '2014-04-09 13:53:48'),
(2166, 83, NULL, 0, 1, '2014-04-09 13:53:48'),
(2167, 83, NULL, 0, 1, '2014-04-09 13:53:48'),
(2168, 83, NULL, 0, 1, '2014-04-09 13:53:49'),
(2169, 83, NULL, 0, 1, '2014-04-09 13:53:49'),
(2170, 83, NULL, 0, 1, '2014-04-09 13:53:49'),
(2171, 83, NULL, 0, 1, '2014-04-09 13:53:50'),
(2172, 83, NULL, 0, 1, '2014-04-09 13:53:50'),
(2173, 83, NULL, 0, 1, '2014-04-09 13:53:50'),
(2174, 83, NULL, 0, 1, '2014-04-09 13:53:50'),
(2175, 83, NULL, 0, 1, '2014-04-09 13:53:50'),
(2176, 83, NULL, 0, 1, '2014-04-09 13:53:50'),
(2177, 83, NULL, 0, 1, '2014-04-09 13:53:51'),
(2178, 83, NULL, 0, 1, '2014-04-09 13:53:51'),
(2179, 83, NULL, 0, 1, '2014-04-09 13:53:51'),
(2180, 83, NULL, 0, 1, '2014-04-09 13:53:51'),
(2181, 83, NULL, 0, 1, '2014-04-09 13:53:51'),
(2182, 83, NULL, 0, 1, '2014-04-09 13:53:52'),
(2183, 83, NULL, 0, 1, '2014-04-09 13:53:52'),
(2184, 83, NULL, 0, 1, '2014-04-09 13:53:52'),
(2185, 83, NULL, 0, 1, '2014-04-09 13:53:52'),
(2186, 83, NULL, 0, 1, '2014-04-09 13:53:52'),
(2187, 83, NULL, 0, 1, '2014-04-09 13:53:53'),
(2188, 83, NULL, 0, 1, '2014-04-09 13:53:53'),
(2189, 83, NULL, 0, 1, '2014-04-09 13:53:53'),
(2190, 83, NULL, 0, 1, '2014-04-09 13:53:53'),
(2191, 83, NULL, 0, 1, '2014-04-09 13:53:53'),
(2192, 83, NULL, 0, 1, '2014-04-09 13:53:54'),
(2193, 83, NULL, 0, 1, '2014-04-09 13:53:54'),
(2194, 83, NULL, 0, 1, '2014-04-09 13:53:55'),
(2195, 83, NULL, 0, 1, '2014-04-09 13:53:55'),
(2196, 83, NULL, 0, 1, '2014-04-09 13:53:56'),
(2197, 83, NULL, 0, 1, '2014-04-09 13:53:57'),
(2198, 83, NULL, 0, 1, '2014-04-09 13:53:58'),
(2199, 83, NULL, 0, 1, '2014-04-09 13:53:58'),
(2200, 83, NULL, 0, 1, '2014-04-09 13:53:58'),
(2201, 83, NULL, 0, 1, '2014-04-09 13:53:58'),
(2202, 83, NULL, 0, 1, '2014-04-09 13:53:58'),
(2203, 83, NULL, 0, 1, '2014-04-09 13:53:58'),
(2204, 83, NULL, 0, 1, '2014-04-09 13:53:59'),
(2205, 83, NULL, 0, 1, '2014-04-09 13:53:59'),
(2206, 83, NULL, 0, 1, '2014-04-09 13:54:00'),
(2207, 83, NULL, 0, 1, '2014-04-09 13:54:00'),
(2208, 83, NULL, 0, 1, '2014-04-09 13:54:01'),
(2209, 83, NULL, 0, 1, '2014-04-09 13:54:01'),
(2210, 83, NULL, 0, 1, '2014-04-09 13:54:01'),
(2211, 83, NULL, 0, 1, '2014-04-09 13:54:02'),
(2212, 83, NULL, 0, 1, '2014-04-09 13:54:03'),
(2213, 83, NULL, 0, 1, '2014-04-09 13:54:03'),
(2214, 83, NULL, 0, 1, '2014-04-09 13:54:04'),
(2215, 83, NULL, 0, 1, '2014-04-09 13:54:05'),
(2216, 83, NULL, 0, 1, '2014-04-09 13:54:05'),
(2217, 83, NULL, 0, 1, '2014-04-09 13:54:05'),
(2218, 83, NULL, 0, 1, '2014-04-09 13:54:06'),
(2219, 83, NULL, 0, 1, '2014-04-09 13:54:06'),
(2220, 83, NULL, 0, 1, '2014-04-09 13:54:06'),
(2221, 83, NULL, 0, 1, '2014-04-09 13:54:06'),
(2222, 83, NULL, 0, 1, '2014-04-09 13:54:06'),
(2223, 83, NULL, 0, 1, '2014-04-09 13:54:06'),
(2224, 83, NULL, 0, 1, '2014-04-09 13:54:07'),
(2225, 83, NULL, 0, 1, '2014-04-09 13:54:07'),
(2226, 83, NULL, 0, 1, '2014-04-09 13:54:08'),
(2227, 83, NULL, 0, 1, '2014-04-09 13:54:08'),
(2228, 83, NULL, 0, 1, '2014-04-09 13:54:08'),
(2229, 83, NULL, 0, 1, '2014-04-09 13:54:08'),
(2230, 83, NULL, 0, 1, '2014-04-09 13:54:08'),
(2231, 83, NULL, 0, 1, '2014-04-09 13:54:09'),
(2232, 83, NULL, 0, 1, '2014-04-09 13:54:09'),
(2233, 83, NULL, 0, 1, '2014-04-09 13:54:10'),
(2234, 83, NULL, 0, 1, '2014-04-09 13:54:10'),
(2235, 83, NULL, 0, 1, '2014-04-09 13:54:10'),
(2236, 83, NULL, 0, 1, '2014-04-09 13:54:10'),
(2237, 83, NULL, 0, 1, '2014-04-09 13:54:10'),
(2238, 83, NULL, 0, 1, '2014-04-09 13:54:11'),
(2239, 83, NULL, 0, 1, '2014-04-09 13:54:11'),
(2240, 83, NULL, 0, 1, '2014-04-09 13:54:11'),
(2241, 83, NULL, 0, 1, '2014-04-09 13:54:11'),
(2242, 83, NULL, 0, 1, '2014-04-09 13:54:11'),
(2243, 83, NULL, 0, 1, '2014-04-09 13:54:11'),
(2244, 83, NULL, 0, 1, '2014-04-09 13:54:12'),
(2245, 83, NULL, 0, 1, '2014-04-09 13:54:12'),
(2246, 83, NULL, 0, 1, '2014-04-09 13:54:12'),
(2247, 83, NULL, 0, 1, '2014-04-09 13:54:12'),
(2248, 83, NULL, 0, 1, '2014-04-09 13:54:12'),
(2249, 83, NULL, 0, 1, '2014-04-09 13:54:13'),
(2250, 83, NULL, 0, 1, '2014-04-09 13:54:13'),
(2251, 83, NULL, 0, 1, '2014-04-09 13:54:13'),
(2252, 83, NULL, 0, 1, '2014-04-09 13:54:13'),
(2253, 83, NULL, 0, 1, '2014-04-09 13:54:14'),
(2254, 83, NULL, 0, 1, '2014-04-09 13:54:14'),
(2255, 83, NULL, 0, 1, '2014-04-09 13:54:14'),
(2256, 83, NULL, 0, 1, '2014-04-09 13:54:15'),
(2257, 83, NULL, 0, 1, '2014-04-09 13:54:15'),
(2258, 83, NULL, 0, 1, '2014-04-09 13:54:15'),
(2259, 83, NULL, 0, 1, '2014-04-09 13:54:15'),
(2260, 83, NULL, 0, 1, '2014-04-09 13:54:15'),
(2261, 83, NULL, 0, 1, '2014-04-09 13:54:16'),
(2262, 83, NULL, 0, 1, '2014-04-09 13:54:17'),
(2263, 83, NULL, 0, 1, '2014-04-09 13:54:17'),
(2264, 83, NULL, 0, 1, '2014-04-09 13:54:18'),
(2265, 83, NULL, 0, 1, '2014-04-09 13:54:18'),
(2266, 83, NULL, 0, 1, '2014-04-09 13:54:18'),
(2267, 83, NULL, 0, 1, '2014-04-09 13:54:18'),
(2268, 83, NULL, 0, 1, '2014-04-09 13:54:19'),
(2269, 83, NULL, 0, 1, '2014-04-09 13:54:19'),
(2270, 83, NULL, 0, 1, '2014-04-09 13:54:19'),
(2271, 83, NULL, 0, 1, '2014-04-09 13:54:19'),
(2272, 83, NULL, 0, 1, '2014-04-09 13:54:19'),
(2273, 83, NULL, 0, 1, '2014-04-09 13:54:20'),
(2274, 83, NULL, 0, 1, '2014-04-09 13:54:20'),
(2275, 83, NULL, 0, 1, '2014-04-09 13:54:20'),
(2276, 83, NULL, 0, 1, '2014-04-09 13:54:20'),
(2277, 83, NULL, 0, 1, '2014-04-09 13:54:20'),
(2278, 83, NULL, 0, 1, '2014-04-09 13:54:21'),
(2279, 83, NULL, 0, 1, '2014-04-09 13:54:21'),
(2280, 83, NULL, 0, 1, '2014-04-09 13:54:21'),
(2281, 83, NULL, 0, 1, '2014-04-09 13:54:21'),
(2282, 83, NULL, 0, 1, '2014-04-09 13:54:21'),
(2283, 83, NULL, 0, 1, '2014-04-09 13:54:22'),
(2284, 83, NULL, 0, 1, '2014-04-09 13:54:22'),
(2285, 83, NULL, 0, 1, '2014-04-09 13:54:22'),
(2286, 83, NULL, 0, 1, '2014-04-09 13:54:22'),
(2287, 83, NULL, 0, 1, '2014-04-09 13:54:22'),
(2288, 83, NULL, 0, 1, '2014-04-09 13:54:23'),
(2289, 83, NULL, 0, 1, '2014-04-09 13:54:23'),
(2290, 83, NULL, 0, 1, '2014-04-09 13:54:23'),
(2291, 83, NULL, 0, 1, '2014-04-09 13:54:23'),
(2292, 83, NULL, 0, 1, '2014-04-09 13:54:23'),
(2293, 83, NULL, 0, 1, '2014-04-09 13:54:24'),
(2294, 83, NULL, 0, 1, '2014-04-09 13:54:24'),
(2295, 83, NULL, 0, 1, '2014-04-09 13:54:24'),
(2296, 83, NULL, 0, 1, '2014-04-09 13:54:25'),
(2297, 83, NULL, 0, 1, '2014-04-09 13:54:25'),
(2298, 83, NULL, 0, 1, '2014-04-09 13:54:26'),
(2299, 83, NULL, 0, 1, '2014-04-09 13:54:41'),
(2300, 83, NULL, 0, 1, '2014-04-09 13:54:50'),
(2301, 83, NULL, 0, 5, '2014-04-09 13:54:50'),
(2302, 83, NULL, 0, 1, '2014-04-09 13:54:50'),
(2303, 29, NULL, 2, 1, '2014-04-09 13:57:37'),
(2304, 29, NULL, 0, 1, '2014-04-09 13:57:48'),
(2305, 83, NULL, 0, 1, '2014-04-09 13:58:45'),
(2306, 83, NULL, 0, 5, '2014-04-09 13:58:58'),
(2307, 83, NULL, 0, 1, '2014-04-09 13:58:58'),
(2308, 83, NULL, 0, 1, '2014-04-09 13:58:58'),
(2309, NULL, 9, 21, 14, '2014-04-09 13:59:19'),
(2310, 29, 9, 0, 14, '2014-04-09 13:59:28'),
(2311, 29, 9, 0, 14, '2014-04-09 13:59:36'),
(2312, 29, 9, 0, 14, '2014-04-09 14:00:28'),
(2313, 29, 9, 0, 14, '2014-04-09 14:00:53'),
(2314, 29, 9, 0, 14, '2014-04-09 14:00:58'),
(2315, NULL, 9, 21, 14, '2014-04-09 14:01:18'),
(2316, NULL, 9, 0, 14, '2014-04-09 14:02:13'),
(2317, 60, 9, 0, 14, '2014-04-09 14:02:19'),
(2318, NULL, 9, 3, 14, '2014-04-09 14:02:25'),
(2319, 83, NULL, 0, 1, '2014-04-09 14:02:29'),
(2320, NULL, 9, 3, 14, '2014-04-09 14:02:35'),
(2321, 83, NULL, 0, 5, '2014-04-09 14:02:39'),
(2322, 83, NULL, 0, 1, '2014-04-09 14:02:39'),
(2323, 29, 9, 0, 14, '2014-04-09 14:02:45'),
(2324, 29, 9, 0, 14, '2014-04-09 14:03:25'),
(2325, 83, NULL, 0, 1, '2014-04-09 14:03:54'),
(2326, 83, NULL, 0, 5, '2014-04-09 14:03:59'),
(2327, 83, NULL, 0, 1, '2014-04-09 14:04:00'),
(2328, 83, NULL, 0, 5, '2014-04-09 14:04:07'),
(2329, 83, NULL, 0, 1, '2014-04-09 14:04:08'),
(2330, 83, NULL, 0, 5, '2014-04-09 14:04:19'),
(2331, 83, NULL, 0, 1, '2014-04-09 14:04:19'),
(2332, 83, NULL, 0, 5, '2014-04-09 14:04:44'),
(2333, 83, NULL, 2, 1, '2014-04-09 14:04:44'),
(2334, NULL, NULL, 2, 1, '2014-04-09 14:04:48'),
(2335, 83, NULL, 2, 1, '2014-04-09 14:04:55'),
(2336, 83, NULL, 0, 1, '2014-04-09 14:05:02'),
(2337, 29, 9, 0, 14, '2014-04-09 14:05:24'),
(2338, 29, 9, 0, 14, '2014-04-09 14:05:35'),
(2339, NULL, 9, 21, 14, '2014-04-09 14:05:41'),
(2340, 29, 9, 0, 14, '2014-04-09 14:06:05'),
(2341, 83, NULL, 6, 5, '2014-04-09 14:07:46'),
(2342, 29, 9, 0, 14, '2014-04-09 14:11:00'),
(2343, 29, 9, 0, 14, '2014-04-09 14:12:13'),
(2344, 29, 9, 0, 14, '2014-04-09 14:13:21'),
(2345, 29, 9, 0, 14, '2014-04-09 14:13:33'),
(2346, 29, 9, 0, 14, '2014-04-09 14:14:58'),
(2347, 29, 9, 0, 14, '2014-04-09 14:15:30'),
(2348, 29, 9, 0, 14, '2014-04-09 14:16:14');
INSERT INTO `HISTORYACCESS` (`IDHISTORY`, `IDUSER`, `IDHOUSE`, `ERROR`, `FUNCT`, `DATESTAMP`) VALUES
(2349, 29, 9, 0, 14, '2014-04-09 14:16:26'),
(2350, 29, NULL, 0, 1, '2014-04-09 14:16:56'),
(2351, 29, 9, 0, 14, '2014-04-09 14:21:26'),
(2352, 29, 9, 0, 14, '2014-04-09 14:22:39'),
(2353, 29, 9, 0, 14, '2014-04-09 14:24:40'),
(2354, 29, NULL, 0, 1, '2014-04-09 14:27:57'),
(2355, 29, NULL, 0, 1, '2014-04-09 14:31:41'),
(2356, 29, NULL, 0, 1, '2014-04-09 14:40:56'),
(2357, 29, NULL, 0, 1, '2014-04-09 14:49:06'),
(2358, 29, NULL, 0, 1, '2014-04-09 14:53:37'),
(2359, 29, NULL, 0, 1, '2014-04-09 14:57:49'),
(2360, 29, NULL, 0, 1, '2014-04-09 15:00:47'),
(2361, 29, 9, 10, 15, '2014-04-09 15:01:04'),
(2362, NULL, 0, 11, 15, '2014-04-09 15:01:29'),
(2363, 29, 9, 0, 15, '2014-04-09 15:03:47'),
(2364, 29, NULL, 0, 1, '2014-04-09 15:05:21'),
(2365, NULL, 0, 21, 15, '2014-04-09 15:14:40'),
(2366, 29, 9, 0, 15, '2014-04-09 15:15:26'),
(2367, 29, 9, 0, 15, '2014-04-09 15:15:32'),
(2368, 29, 9, 0, 15, '2014-04-09 15:15:44'),
(2369, 29, 9, 0, 15, '2014-04-09 15:15:50'),
(2370, NULL, 0, 11, 15, '2014-04-09 15:16:05'),
(2371, NULL, 0, 11, 15, '2014-04-09 15:16:11'),
(2372, 29, NULL, 0, 1, '2014-04-09 15:21:08'),
(2373, 29, NULL, 0, 1, '2014-04-09 15:22:10'),
(2374, 29, NULL, 0, 1, '2014-04-09 15:24:24'),
(2375, 29, NULL, 0, 1, '2014-04-09 15:38:27'),
(2376, 29, NULL, 0, 1, '2014-04-09 15:40:39'),
(2377, 29, NULL, 0, 1, '2014-04-09 15:41:44'),
(2378, 29, NULL, 0, 1, '2014-04-09 15:44:13'),
(2379, 29, NULL, 0, 1, '2014-04-09 15:45:34'),
(2380, 29, NULL, 0, 1, '2014-04-09 15:48:35'),
(2381, 29, NULL, 0, 1, '2014-04-09 17:36:34'),
(2382, 29, NULL, 0, 1, '2014-04-09 17:48:13'),
(2383, 29, NULL, 0, 1, '2014-04-09 17:50:39'),
(2384, 29, NULL, 0, 1, '2014-04-09 17:53:48'),
(2385, 29, NULL, 0, 1, '2014-04-09 17:55:32'),
(2386, 29, NULL, 0, 1, '2014-04-09 17:58:00'),
(2387, 29, NULL, 0, 1, '2014-04-09 18:03:26'),
(2388, 29, NULL, 0, 1, '2014-04-09 18:48:05'),
(2389, 29, NULL, 0, 1, '2014-04-09 18:54:26'),
(2390, 29, NULL, 0, 1, '2014-04-09 18:55:59'),
(2391, 29, NULL, 0, 1, '2014-04-09 18:58:26'),
(2392, 29, NULL, 0, 1, '2014-04-09 18:59:41'),
(2393, 29, NULL, 0, 1, '2014-04-09 19:03:13'),
(2394, 29, NULL, 0, 1, '2014-04-09 19:06:59'),
(2395, 29, NULL, 0, 1, '2014-04-09 19:08:22'),
(2396, 29, NULL, 0, 1, '2014-04-09 19:33:08'),
(2397, 29, NULL, 0, 1, '2014-04-09 19:36:13'),
(2398, 29, NULL, 0, 1, '2014-04-09 19:39:47'),
(2399, 29, NULL, 0, 1, '2014-04-09 19:41:57'),
(2400, 29, NULL, 0, 1, '2014-04-09 19:58:31'),
(2401, 29, NULL, 0, 1, '2014-04-09 20:00:33'),
(2402, 29, NULL, 0, 1, '2014-04-09 20:04:03'),
(2403, 29, NULL, 0, 1, '2014-04-09 20:10:44'),
(2404, 29, NULL, 0, 1, '2014-04-09 20:12:38'),
(2405, 29, NULL, 0, 1, '2014-04-09 20:19:42'),
(2406, 29, NULL, 0, 1, '2014-04-09 20:21:29'),
(2407, 29, NULL, 0, 1, '2014-04-09 20:23:08'),
(2408, 29, NULL, 0, 1, '2014-04-09 20:28:23'),
(2409, 29, NULL, 0, 1, '2014-04-09 20:29:58'),
(2410, 29, NULL, 0, 1, '2014-04-09 20:32:31'),
(2411, 29, NULL, 0, 11, '2014-04-09 20:32:39'),
(2412, 29, NULL, 24, 11, '2014-04-09 20:32:47'),
(2413, NULL, NULL, 3, 11, '2014-04-09 20:32:58'),
(2414, 29, NULL, 0, 11, '2014-04-09 20:33:17'),
(2415, 29, NULL, 0, 1, '2014-04-10 06:41:39'),
(2416, 29, NULL, 0, 1, '2014-04-10 06:43:44'),
(2417, 29, NULL, 0, 1, '2014-04-10 06:44:40'),
(2418, 29, NULL, 0, 1, '2014-04-10 06:48:42'),
(2419, 29, NULL, 0, 1, '2014-04-10 06:51:53'),
(2420, 29, NULL, 0, 1, '2014-04-10 06:54:46'),
(2421, 29, NULL, 0, 1, '2014-04-10 07:02:39'),
(2422, 29, NULL, 0, 1, '2014-04-10 07:04:09'),
(2423, 29, NULL, 0, 1, '2014-04-10 07:20:54'),
(2424, 29, NULL, 0, 1, '2014-04-10 07:23:53'),
(2425, 29, NULL, 0, 1, '2014-04-10 07:24:40'),
(2426, 29, NULL, 0, 1, '2014-04-10 07:32:48'),
(2427, 29, NULL, 0, 1, '2014-04-10 07:35:51'),
(2428, 29, NULL, 0, 1, '2014-04-10 07:36:42'),
(2429, 29, NULL, 0, 1, '2014-04-10 07:37:38'),
(2430, 29, NULL, 0, 1, '2014-04-10 07:38:15'),
(2431, 29, NULL, 0, 1, '2014-04-10 07:38:37'),
(2432, 29, NULL, 0, 1, '2014-04-10 07:40:14'),
(2433, 29, NULL, 0, 1, '2014-04-10 07:40:37'),
(2434, 29, NULL, 0, 1, '2014-04-10 07:41:44'),
(2435, 29, NULL, 0, 1, '2014-04-10 07:42:23'),
(2436, 29, NULL, 0, 1, '2014-04-10 07:42:47'),
(2437, 29, NULL, 0, 1, '2014-04-10 07:43:21'),
(2438, 29, NULL, 0, 1, '2014-04-10 07:44:16'),
(2439, 29, NULL, 0, 1, '2014-04-10 07:44:46'),
(2440, 29, NULL, 0, 1, '2014-04-10 07:50:03'),
(2441, 29, NULL, 0, 1, '2014-04-10 07:51:57'),
(2442, 29, NULL, 0, 1, '2014-04-10 07:55:23'),
(2443, 29, NULL, 0, 1, '2014-04-10 08:11:26'),
(2444, 29, NULL, 0, 1, '2014-04-10 08:12:18'),
(2445, 29, NULL, 0, 1, '2014-04-10 08:29:24'),
(2446, 29, NULL, 0, 1, '2014-04-10 08:31:02'),
(2447, 29, NULL, 0, 1, '2014-04-10 08:39:25'),
(2448, 29, NULL, 0, 1, '2014-04-10 08:44:59'),
(2449, 29, NULL, 0, 1, '2014-04-10 08:50:17'),
(2450, 29, NULL, 0, 1, '2014-04-10 08:51:14'),
(2451, 29, NULL, 0, 1, '2014-04-10 08:54:55'),
(2452, 10, NULL, 0, 1, '2014-04-10 08:58:20'),
(2453, 10, NULL, 0, 1, '2014-04-10 08:59:04'),
(2454, 10, NULL, 0, 1, '2014-04-10 09:00:24'),
(2455, 29, NULL, 0, 1, '2014-04-10 09:01:03'),
(2456, 29, NULL, 0, 1, '2014-04-10 09:02:23'),
(2457, 10, NULL, 0, 11, '2014-04-10 09:10:47'),
(2458, 10, NULL, 24, 11, '2014-04-10 09:10:51'),
(2459, NULL, NULL, 3, 11, '2014-04-10 09:10:59'),
(2460, 29, NULL, 0, 11, '2014-04-10 09:11:17'),
(2461, 29, NULL, 24, 11, '2014-04-10 09:14:00'),
(2462, 29, NULL, 0, 11, '2014-04-10 09:14:10'),
(2463, 29, NULL, 24, 11, '2014-04-10 09:15:16'),
(2464, 29, NULL, 0, 11, '2014-04-10 09:15:25'),
(2465, 29, NULL, 24, 11, '2014-04-10 09:16:34'),
(2466, 29, NULL, 0, 11, '2014-04-10 09:16:41'),
(2467, 29, NULL, 24, 11, '2014-04-10 09:17:05'),
(2468, 29, NULL, 0, 11, '2014-04-10 09:17:12'),
(2469, 29, NULL, 24, 11, '2014-04-10 09:18:47'),
(2470, 29, NULL, 0, 11, '2014-04-10 09:18:52'),
(2471, 29, NULL, 24, 11, '2014-04-10 09:19:28'),
(2472, 29, NULL, 0, 11, '2014-04-10 09:19:34'),
(2473, 29, NULL, 0, 11, '2014-04-10 09:20:14'),
(2474, 29, NULL, 24, 11, '2014-04-10 09:21:29'),
(2475, 29, NULL, 0, 12, '2014-04-10 09:22:49'),
(2476, 29, NULL, 31, 12, '2014-04-10 09:22:52'),
(2477, 29, NULL, 0, 12, '2014-04-10 09:23:23'),
(2478, 29, NULL, 0, 12, '2014-04-10 09:23:33'),
(2479, 75, NULL, 31, 12, '2014-04-10 09:23:40'),
(2480, NULL, NULL, 3, 12, '2014-04-10 09:23:55'),
(2481, 29, NULL, 31, 12, '2014-04-10 09:24:02'),
(2482, 29, NULL, 0, 12, '2014-04-10 09:24:09'),
(2483, 10, NULL, 0, 12, '2014-04-10 09:24:31'),
(2484, 10, NULL, 31, 12, '2014-04-10 09:24:34'),
(2485, 29, 9, 0, 14, '2014-04-10 09:31:02'),
(2486, 29, 9, 0, 14, '2014-04-10 09:31:25'),
(2487, 29, NULL, 0, 1, '2014-04-10 09:31:31'),
(2488, 29, 9, 0, 14, '2014-04-10 09:31:55'),
(2489, 29, 9, 0, 14, '2014-04-10 09:32:10'),
(2490, 29, 9, 0, 14, '2014-04-10 09:34:01'),
(2491, 29, 9, 0, 14, '2014-04-10 09:34:11'),
(2492, 29, NULL, 0, 1, '2014-04-10 09:34:33'),
(2493, 29, NULL, 0, 1, '2014-04-10 09:36:38'),
(2494, 29, NULL, 0, 1, '2014-04-10 09:38:48'),
(2495, 29, NULL, 0, 1, '2014-04-10 09:40:32'),
(2496, 29, 9, 0, 21, '2014-04-10 09:43:22'),
(2497, 29, 9, 37, 21, '2014-04-10 09:44:15'),
(2498, 29, 9, 37, 21, '2014-04-10 09:44:24'),
(2499, 29, 9, 0, 21, '2014-04-10 09:44:46'),
(2500, NULL, 0, 33, 21, '2014-04-10 09:44:55'),
(2501, NULL, 0, 33, 21, '2014-04-10 09:45:20'),
(2502, 29, 9, 32, 21, '2014-04-10 09:45:30'),
(2503, NULL, 0, 33, 21, '2014-04-10 09:45:46'),
(2504, 29, NULL, 0, 1, '2014-04-10 09:46:03'),
(2505, 29, 9, 0, 22, '2014-04-10 09:47:00'),
(2506, 29, 9, 36, 22, '2014-04-10 09:47:11'),
(2507, 29, 9, 32, 22, '2014-04-10 09:47:22'),
(2508, NULL, 0, 33, 22, '2014-04-10 09:47:31'),
(2509, 29, NULL, 0, 1, '2014-04-10 09:50:24'),
(2510, 29, NULL, 0, 1, '2014-04-10 09:50:59'),
(2511, NULL, NULL, 2, 1, '2014-04-10 09:55:21'),
(2512, NULL, NULL, 2, 1, '2014-04-10 09:56:20'),
(2513, NULL, NULL, 2, 1, '2014-04-10 09:56:32'),
(2514, NULL, NULL, 2, 1, '2014-04-10 09:57:08'),
(2515, NULL, NULL, 2, 1, '2014-04-10 09:57:29'),
(2516, NULL, NULL, 2, 1, '2014-04-10 09:57:49'),
(2517, NULL, NULL, 2, 1, '2014-04-10 09:57:55'),
(2518, NULL, NULL, 2, 1, '2014-04-10 09:58:00'),
(2519, NULL, NULL, 2, 1, '2014-04-10 09:58:45'),
(2520, NULL, NULL, 2, 1, '2014-04-10 09:58:56'),
(2521, NULL, NULL, 2, 1, '2014-04-10 09:59:17'),
(2522, 83, NULL, 2, 1, '2014-04-10 09:59:46'),
(2523, 83, NULL, 2, 1, '2014-04-10 09:59:54'),
(2524, 10, NULL, 0, 1, '2014-04-10 10:00:04'),
(2525, 71, NULL, 0, 1, '2014-04-10 10:00:23'),
(2526, 71, NULL, 0, 1, '2014-04-10 10:01:05'),
(2527, 71, NULL, 0, 1, '2014-04-10 10:01:56'),
(2528, NULL, NULL, 2, 1, '2014-04-10 10:07:39'),
(2529, 29, NULL, 0, 1, '2014-04-10 10:07:59'),
(2530, 29, NULL, 0, 1, '2014-04-10 10:21:43'),
(2531, 29, NULL, 8, 6, '2014-04-10 10:22:35'),
(2532, 29, NULL, 8, 6, '2014-04-10 10:22:38'),
(2533, NULL, 0, 21, 14, '2014-04-10 12:31:52'),
(2534, 10, 9, 0, 14, '2014-04-10 12:32:06'),
(2535, NULL, 9, 11, 14, '2014-04-10 12:44:44'),
(2536, 29, 9, 0, 14, '2014-04-10 12:47:54'),
(2537, 29, 9, 0, 14, '2014-04-10 12:48:00'),
(2538, 29, 9, 10, 14, '2014-04-10 12:50:59'),
(2539, 29, 9, 10, 14, '2014-04-10 13:01:34'),
(2540, 29, NULL, 0, 1, '2014-04-10 13:55:59'),
(2541, 10, NULL, 0, 1, '2014-04-10 13:58:04'),
(2542, 29, NULL, 0, 1, '2014-04-10 14:14:11'),
(2543, 71, NULL, 0, 1, '2014-04-10 14:15:51'),
(2544, 29, NULL, 0, 1, '2014-04-10 14:17:52'),
(2545, 29, NULL, 0, 1, '2014-04-10 14:18:30'),
(2546, 29, NULL, 0, 1, '2014-04-10 14:20:48'),
(2547, 29, 9, 10, 14, '2014-04-10 14:36:15'),
(2548, 29, 9, 0, 14, '2014-04-10 14:36:44'),
(2549, 29, NULL, 0, 1, '2014-04-10 14:38:08'),
(2550, 29, NULL, 0, 1, '2014-04-10 14:47:43'),
(2551, 29, NULL, 0, 1, '2014-04-10 14:52:56'),
(2552, 29, NULL, 0, 1, '2014-04-10 15:07:46'),
(2553, 29, NULL, 0, 1, '2014-04-10 15:22:49'),
(2554, 29, 9, 0, 14, '2014-04-10 15:24:42'),
(2555, NULL, NULL, 0, 10, '2014-04-10 15:24:52'),
(2556, NULL, NULL, 0, 10, '2014-04-10 15:25:38'),
(2557, 29, NULL, 0, 1, '2014-04-10 15:34:34'),
(2558, 29, NULL, 0, 1, '2014-04-10 15:36:18'),
(2559, NULL, NULL, 2, 1, '2014-04-10 15:38:46'),
(2560, 29, NULL, 0, 1, '2014-04-10 15:38:53'),
(2561, 29, NULL, 0, 1, '2014-04-10 15:47:29'),
(2562, 29, NULL, 0, 1, '2014-04-10 15:51:35'),
(2563, 29, NULL, 0, 1, '2014-04-10 15:54:12'),
(2564, 29, NULL, 0, 1, '2014-04-10 15:56:00'),
(2565, 29, NULL, 0, 1, '2014-04-10 15:57:48'),
(2566, 29, NULL, 0, 1, '2014-04-10 16:00:01'),
(2567, 29, NULL, 0, 1, '2014-04-10 16:11:39'),
(2568, 29, NULL, 0, 1, '2014-04-10 16:17:38'),
(2569, 29, NULL, 0, 1, '2014-04-10 16:21:57'),
(2570, 29, NULL, 0, 1, '2014-04-10 16:49:51'),
(2571, NULL, 0, 33, 21, '2014-04-11 11:54:44'),
(2572, 10, NULL, 2, 1, '2014-04-11 11:55:00'),
(2573, 10, NULL, 2, 1, '2014-04-11 11:55:05'),
(2574, 29, NULL, 2, 1, '2014-04-11 11:55:18'),
(2575, 29, NULL, 0, 1, '2014-04-11 11:55:47'),
(2576, 29, NULL, 2, 1, '2014-04-11 20:27:44'),
(2577, 29, NULL, 0, 1, '2014-04-11 20:28:01'),
(2578, 29, NULL, 0, 1, '2014-04-12 14:43:33'),
(2579, 29, NULL, 2, 1, '2014-04-12 14:44:21'),
(2580, NULL, NULL, 3, 1, '2014-04-12 14:44:28'),
(2581, 29, NULL, 0, 1, '2014-04-12 14:52:22'),
(2582, 29, NULL, 0, 1, '2014-04-12 17:22:32'),
(2583, 29, NULL, 0, 1, '2014-04-12 17:24:47'),
(2584, 29, NULL, 0, 1, '2014-04-12 17:25:41'),
(2585, 29, NULL, 0, 1, '2014-04-12 17:58:37'),
(2586, 29, NULL, 0, 1, '2014-04-12 18:04:06'),
(2587, 29, NULL, 0, 1, '2014-04-12 18:05:02'),
(2588, 29, NULL, 0, 1, '2014-04-12 18:05:12'),
(2589, 29, NULL, 0, 1, '2014-04-12 18:05:45'),
(2590, 29, NULL, 0, 1, '2014-04-12 18:24:40'),
(2591, 29, NULL, 0, 1, '2014-04-12 18:27:09'),
(2592, 29, NULL, 2, 1, '2014-04-12 18:27:57'),
(2593, 29, NULL, 0, 1, '2014-04-12 18:28:36'),
(2594, 29, NULL, 0, 1, '2014-04-12 18:28:49'),
(2595, 29, NULL, 0, 1, '2014-04-12 18:30:39'),
(2596, 29, NULL, 0, 1, '2014-04-12 18:30:47'),
(2597, 10, NULL, 0, 1, '2014-04-12 18:31:03'),
(2598, 10, NULL, 2, 1, '2014-04-12 18:31:10'),
(2599, 10, NULL, 0, 1, '2014-04-12 18:31:18'),
(2600, 10, NULL, 0, 1, '2014-04-12 18:31:22'),
(2601, 10, NULL, 0, 1, '2014-04-12 18:31:24'),
(2602, 29, NULL, 0, 1, '2014-04-12 18:33:53'),
(2603, 29, NULL, 0, 1, '2014-04-12 18:34:20'),
(2604, 29, NULL, 2, 1, '2014-04-12 18:59:22'),
(2605, 29, NULL, 0, 1, '2014-04-12 18:59:52'),
(2606, NULL, NULL, 3, 1, '2014-04-12 19:46:59'),
(2607, NULL, NULL, 3, 1, '2014-04-12 19:49:02'),
(2608, 29, NULL, 0, 1, '2014-04-12 19:49:21'),
(2609, 29, NULL, 0, 1, '2014-04-12 19:56:01'),
(2610, 29, NULL, 22, 7, '2014-04-13 21:55:01'),
(2611, 10, NULL, 6, 3, '2014-04-13 22:00:31'),
(2612, 10, NULL, 22, 7, '2014-04-13 22:02:45'),
(2613, 10, NULL, 22, 7, '2014-04-13 22:02:48'),
(2614, 10, NULL, 22, 7, '2014-04-13 22:03:38'),
(2615, 10, NULL, 0, 7, '2014-04-13 22:03:46'),
(2616, NULL, 0, 3, 7, '2014-04-13 22:05:29'),
(2617, NULL, NULL, 3, 7, '2014-04-13 22:08:38'),
(2618, NULL, NULL, 3, 7, '2014-04-13 22:10:06'),
(2619, 10, 18, 22, 7, '2014-04-13 22:10:15'),
(2620, 10, 19, 0, 7, '2014-04-13 22:10:21'),
(2621, 10, 20, 0, 7, '2014-04-13 22:10:30'),
(2622, NULL, NULL, 0, 3, '2014-04-13 22:12:21'),
(2623, NULL, NULL, 3, 7, '2014-04-13 22:13:04'),
(2624, 85, NULL, 0, 3, '2014-04-13 22:13:37'),
(2625, 85, 21, 0, 7, '2014-04-13 22:13:47'),
(2626, 85, 22, 0, 7, '2014-04-13 22:13:55'),
(2627, 85, NULL, 0, 4, '2014-04-13 22:14:06'),
(2628, NULL, NULL, 3, 9, '2014-04-13 22:32:06'),
(2629, 86, NULL, 0, 3, '2014-04-13 22:32:14'),
(2630, 86, NULL, 10, 9, '2014-04-13 22:32:26'),
(2631, 86, 22, 22, 7, '2014-04-13 22:33:24'),
(2632, NULL, 0, 11, 9, '2014-04-13 22:51:44'),
(2633, NULL, 0, 11, 9, '2014-04-13 22:51:54'),
(2634, NULL, 0, 11, 9, '2014-04-13 22:52:57'),
(2635, 86, 22, 11, 9, '2014-04-13 22:53:47'),
(2636, 86, 22, 0, 9, '2014-04-13 22:54:06'),
(2637, NULL, 0, 11, 24, '2014-04-13 22:56:17'),
(2638, 29, 21, 11, 24, '2014-04-13 22:56:52'),
(2639, 29, 21, 11, 24, '2014-04-13 22:56:56'),
(2640, 29, 21, 11, 24, '2014-04-13 22:58:14'),
(2641, 10, 21, 0, 24, '2014-04-13 22:59:31'),
(2642, 10, 21, 0, 24, '2014-04-13 23:02:18'),
(2643, 10, 21, 0, 24, '2014-04-13 23:02:27'),
(2644, 10, 21, 0, 24, '2014-04-13 23:02:35'),
(2645, NULL, 21, 3, 24, '2014-04-13 23:02:44'),
(2646, NULL, 0, 11, 24, '2014-04-13 23:02:57'),
(2647, NULL, 0, 11, 24, '2014-04-13 23:03:10'),
(2648, 10, 21, 39, 24, '2014-04-13 23:05:02'),
(2649, 10, 21, 39, 24, '2014-04-13 23:05:24'),
(2650, 29, 21, 0, 24, '2014-04-13 23:05:50'),
(2651, 29, 21, 39, 24, '2014-04-13 23:06:46'),
(2652, NULL, 0, 11, 24, '2014-04-13 23:07:23'),
(2653, 29, 21, 39, 24, '2014-04-13 23:07:33'),
(2654, NULL, 21, 3, 24, '2014-04-13 23:08:29'),
(2655, 10, 21, 0, 24, '2014-04-13 23:08:38'),
(2656, 29, 21, 0, 24, '2014-04-13 23:15:51'),
(2657, NULL, 0, 11, 24, '2014-04-13 23:15:58'),
(2658, NULL, 0, 11, 24, '2014-04-13 23:18:40'),
(2659, 10, 21, 0, 24, '2014-04-13 23:19:02'),
(2660, 10, 21, 0, 24, '2014-04-13 23:19:11'),
(2661, NULL, 21, 3, 24, '2014-04-13 23:19:23'),
(2662, NULL, 0, 11, 24, '2014-04-13 23:19:31'),
(2663, NULL, 0, 11, 24, '2014-04-13 23:19:40'),
(2664, 10, 21, 0, 24, '2014-04-13 23:21:52'),
(2665, 62, 21, 0, 24, '2014-04-13 23:23:46'),
(2666, NULL, 21, 3, 24, '2014-04-13 23:23:55'),
(2667, 80, 21, 0, 24, '2014-04-13 23:24:08'),
(2668, 80, 21, 0, 24, '2014-04-13 23:24:32'),
(2669, 80, 21, 0, 24, '2014-04-13 23:24:39'),
(2670, 62, 21, 0, 24, '2014-04-13 23:24:47'),
(2671, 29, NULL, 2, 1, '2014-04-13 23:39:46'),
(2672, NULL, 21, 0, 24, '2014-04-13 23:44:16'),
(2673, NULL, 0, 11, 24, '2014-04-13 23:44:41'),
(2674, 29, NULL, 0, 1, '2014-04-14 09:24:59'),
(2675, 29, NULL, 0, 1, '2014-04-14 09:40:09'),
(2676, 29, NULL, 0, 1, '2014-04-14 09:54:58'),
(2677, 29, NULL, 0, 1, '2014-04-14 10:06:50'),
(2678, 29, NULL, 0, 1, '2014-04-14 10:25:24'),
(2679, 29, NULL, 0, 1, '2014-04-14 10:32:30'),
(2680, 29, NULL, 0, 1, '2014-04-14 10:34:49'),
(2681, 29, NULL, 0, 1, '2014-04-14 10:41:12'),
(2682, 29, NULL, 0, 1, '2014-04-14 10:44:09'),
(2683, 29, NULL, 0, 1, '2014-04-14 10:45:27'),
(2684, 29, NULL, 0, 1, '2014-04-14 10:50:02'),
(2685, 86, 21, 0, 20, '2014-04-14 10:50:22'),
(2686, NULL, NULL, 3, 20, '2014-04-14 10:50:29'),
(2687, 29, NULL, 0, 1, '2014-04-14 10:50:39'),
(2688, NULL, NULL, 11, 20, '2014-04-14 10:52:23'),
(2689, 86, 21, 0, 20, '2014-04-14 10:52:42'),
(2690, NULL, NULL, 11, 20, '2014-04-14 10:52:49'),
(2691, NULL, NULL, 11, 20, '2014-04-14 10:54:03'),
(2692, NULL, NULL, 11, 20, '2014-04-14 10:54:11'),
(2693, 86, 21, 0, 20, '2014-04-14 10:54:17'),
(2694, 29, NULL, 0, 1, '2014-04-14 10:54:53'),
(2695, 29, NULL, 0, 1, '2014-04-14 10:55:28'),
(2696, 29, NULL, 0, 1, '2014-04-14 10:55:55'),
(2697, 29, NULL, 0, 1, '2014-04-14 10:58:55'),
(2698, 29, NULL, 0, 1, '2014-04-14 11:01:58'),
(2699, 29, NULL, 0, 1, '2014-04-14 11:03:12'),
(2700, 29, NULL, 0, 1, '2014-04-14 11:05:43'),
(2701, 86, 21, 0, 17, '2014-04-14 11:06:32'),
(2702, 29, NULL, 0, 1, '2014-04-14 11:06:47'),
(2703, 29, NULL, 0, 1, '2014-04-14 11:07:43'),
(2704, 86, 21, 43, 17, '2014-04-14 11:07:53'),
(2705, 86, 21, 0, 17, '2014-04-14 11:08:07'),
(2706, NULL, NULL, 11, 17, '2014-04-14 11:08:15'),
(2707, 29, NULL, 0, 1, '2014-04-14 11:08:17'),
(2708, NULL, NULL, 11, 17, '2014-04-14 11:08:25'),
(2709, NULL, NULL, 11, 17, '2014-04-14 11:08:35'),
(2710, 86, 21, 43, 17, '2014-04-14 11:09:18'),
(2711, 10, 21, 39, 17, '2014-04-14 11:09:32'),
(2712, 29, NULL, 0, 1, '2014-04-14 11:10:11'),
(2713, 86, 21, 0, 17, '2014-04-14 11:11:39'),
(2714, 86, 21, 43, 17, '2014-04-14 11:11:43'),
(2715, NULL, NULL, 11, 17, '2014-04-14 11:11:50'),
(2716, 10, 21, 39, 17, '2014-04-14 11:12:00'),
(2717, 29, NULL, 0, 1, '2014-04-14 11:14:00'),
(2718, 29, NULL, 0, 1, '2014-04-14 11:14:46'),
(2719, 86, 21, 0, 18, '2014-04-14 11:22:15'),
(2720, NULL, NULL, 11, 18, '2014-04-14 11:22:21'),
(2721, NULL, NULL, 46, 18, '2014-04-14 11:25:39'),
(2722, NULL, NULL, 46, 18, '2014-04-14 11:26:13'),
(2723, 86, 21, 2, 18, '2014-04-14 11:27:39'),
(2724, 10, 21, 39, 18, '2014-04-14 11:27:59'),
(2725, 10, 21, 39, 18, '2014-04-14 11:29:59'),
(2726, 86, 21, 2, 18, '2014-04-14 11:30:09'),
(2727, 86, 21, 0, 18, '2014-04-14 11:30:17'),
(2728, NULL, NULL, 46, 18, '2014-04-14 11:30:21'),
(2729, 29, NULL, 0, 1, '2014-04-14 11:55:54'),
(2730, 29, NULL, 0, 1, '2014-04-14 11:57:46'),
(2731, 10, NULL, 48, 25, '2014-04-14 11:58:17'),
(2732, 10, NULL, 0, 25, '2014-04-14 12:02:21'),
(2733, 10, NULL, 47, 25, '2014-04-14 12:02:32'),
(2734, 29, NULL, 47, 25, '2014-04-14 12:02:56'),
(2735, 29, NULL, 47, 25, '2014-04-14 12:03:11'),
(2736, NULL, NULL, 3, 25, '2014-04-14 12:03:20'),
(2737, 86, NULL, 0, 25, '2014-04-14 12:10:08'),
(2738, 86, NULL, 47, 25, '2014-04-14 12:10:14'),
(2739, 29, NULL, 0, 1, '2014-04-14 12:10:15'),
(2740, 86, NULL, 47, 25, '2014-04-14 12:10:22'),
(2741, 86, NULL, 48, 25, '2014-04-14 12:10:31'),
(2742, NULL, NULL, 3, 25, '2014-04-14 12:11:16'),
(2743, NULL, NULL, 3, 1, '2014-04-14 14:50:59'),
(2744, 10, NULL, 2, 1, '2014-04-14 14:51:10'),
(2745, 86, NULL, 0, 1, '2014-04-14 14:51:17'),
(2746, 86, NULL, 0, 1, '2014-04-14 14:53:11'),
(2747, 29, NULL, 0, 1, '2014-04-14 14:53:23'),
(2748, 86, NULL, 0, 1, '2014-04-14 14:54:01'),
(2749, 86, NULL, 0, 1, '2014-04-14 14:54:49'),
(2750, 86, NULL, 0, 1, '2014-04-14 14:55:55'),
(2751, 86, NULL, 0, 1, '2014-04-14 14:56:45'),
(2752, 29, NULL, 0, 1, '2014-04-14 15:02:21'),
(2753, 86, NULL, 0, 1, '2014-04-14 15:02:58'),
(2754, 29, NULL, 0, 1, '2014-04-14 15:03:12'),
(2755, 29, NULL, 0, 1, '2014-04-14 15:04:11'),
(2756, 29, NULL, 0, 1, '2014-04-14 15:05:51'),
(2757, 29, NULL, 0, 1, '2014-04-14 15:10:02'),
(2758, 29, NULL, 0, 1, '2014-04-14 15:11:37'),
(2759, 29, NULL, 0, 1, '2014-04-14 15:13:33'),
(2760, 29, NULL, 0, 1, '2014-04-14 15:14:51'),
(2761, 10, NULL, 0, 26, '2014-04-14 15:16:16'),
(2762, 29, NULL, 0, 1, '2014-04-14 15:16:17'),
(2763, 10, NULL, 51, 26, '2014-04-14 15:16:23'),
(2764, NULL, NULL, 3, 26, '2014-04-14 15:16:31'),
(2765, 29, NULL, 0, 1, '2014-04-14 15:17:16'),
(2766, 29, NULL, 0, 1, '2014-04-14 15:17:42'),
(2767, 29, NULL, 0, 1, '2014-04-14 15:18:26'),
(2768, 86, NULL, 0, 26, '2014-04-14 15:22:11'),
(2769, 86, NULL, 51, 26, '2014-04-14 15:22:14'),
(2770, 10, NULL, 0, 26, '2014-04-14 15:22:24'),
(2771, NULL, NULL, 3, 26, '2014-04-14 15:22:35'),
(2772, NULL, NULL, 3, 27, '2014-04-14 15:30:48'),
(2773, 10, NULL, 0, 27, '2014-04-14 15:31:00'),
(2774, 10, NULL, 53, 27, '2014-04-14 15:31:03'),
(2775, 29, NULL, 53, 27, '2014-04-14 15:31:17'),
(2776, 29, NULL, 0, 26, '2014-04-14 15:31:30'),
(2777, 29, NULL, 0, 27, '2014-04-14 15:31:41'),
(2778, 29, NULL, 0, 1, '2014-04-14 15:32:06'),
(2779, 29, NULL, 0, 1, '2014-04-14 15:32:18'),
(2780, 29, NULL, 0, 1, '2014-04-14 15:36:06'),
(2781, 29, NULL, 0, 1, '2014-04-14 15:39:24'),
(2782, 29, NULL, 0, 1, '2014-04-14 15:43:01'),
(2783, 29, NULL, 0, 1, '2014-04-14 15:43:48'),
(2784, 29, NULL, 0, 1, '2014-04-14 15:46:07'),
(2785, 29, NULL, 0, 1, '2014-04-14 15:46:58'),
(2786, 29, NULL, 0, 1, '2014-04-14 15:58:28'),
(2787, 29, NULL, 0, 1, '2014-04-14 15:59:31'),
(2788, 29, NULL, 0, 1, '2014-04-14 16:00:33'),
(2789, 29, NULL, 0, 1, '2014-04-14 16:01:20'),
(2790, 29, NULL, 0, 1, '2014-04-14 16:06:36'),
(2791, 29, NULL, 0, 1, '2014-04-14 16:07:54'),
(2792, 29, NULL, 0, 1, '2014-04-14 16:08:45'),
(2793, 29, NULL, 0, 1, '2014-04-14 16:09:10'),
(2794, 29, NULL, 0, 1, '2014-04-14 16:09:28'),
(2795, 29, NULL, 0, 1, '2014-04-14 18:15:12'),
(2796, NULL, NULL, 0, 1, '2014-04-14 19:03:32'),
(2797, NULL, NULL, 6, 3, '2014-04-14 19:03:40'),
(2798, NULL, NULL, 0, 1, '2014-04-14 19:06:28'),
(2799, 29, NULL, 2, 1, '2014-04-14 19:06:44'),
(2800, 29, NULL, 0, 1, '2014-04-14 19:06:50'),
(2801, NULL, 20, 21, 14, '2014-04-14 19:14:02'),
(2802, 29, NULL, 0, 1, '2014-04-14 21:12:32'),
(2803, 29, NULL, 0, 1, '2014-04-14 21:14:21'),
(2804, 29, NULL, 0, 1, '2014-04-14 21:16:53'),
(2805, 29, NULL, 0, 1, '2014-04-14 21:17:33'),
(2806, 29, NULL, 0, 1, '2014-04-14 21:29:02'),
(2807, 29, NULL, 0, 1, '2014-04-14 21:31:51'),
(2808, 29, NULL, 0, 1, '2014-04-14 21:33:23'),
(2809, 29, NULL, 0, 1, '2014-04-14 21:35:26'),
(2810, NULL, NULL, 0, 1, '2014-04-14 21:36:11'),
(2811, 29, NULL, 0, 1, '2014-04-14 21:41:12'),
(2812, 29, NULL, 0, 1, '2014-04-14 21:42:03'),
(2813, 29, NULL, 0, 1, '2014-04-14 21:43:02'),
(2814, 29, NULL, 0, 1, '2014-04-14 21:48:43'),
(2815, 29, NULL, 0, 1, '2014-04-14 21:50:03'),
(2816, 29, NULL, 0, 1, '2014-04-14 21:53:31'),
(2817, 29, NULL, 0, 1, '2014-04-14 21:53:53'),
(2818, 29, NULL, 0, 1, '2014-04-14 21:56:32'),
(2819, 29, NULL, 0, 1, '2014-04-14 21:58:57'),
(2820, 29, NULL, 0, 1, '2014-04-14 22:02:21'),
(2821, 29, NULL, 0, 1, '2014-04-14 22:05:01'),
(2822, 29, NULL, 0, 1, '2014-04-14 22:06:29'),
(2823, NULL, NULL, 0, 2, '2014-04-14 23:26:17'),
(2824, NULL, NULL, 0, 2, '2014-04-14 23:54:28'),
(2825, NULL, NULL, 0, 2, '2014-04-14 23:59:05'),
(2826, NULL, NULL, 0, 2, '2014-04-15 00:06:15'),
(2827, NULL, NULL, 0, 2, '2014-04-15 00:08:49'),
(2828, NULL, NULL, 0, 2, '2014-04-15 00:10:00'),
(2829, NULL, NULL, 0, 2, '2014-04-15 00:10:29'),
(2830, NULL, NULL, 0, 2, '2014-04-15 00:18:33'),
(2831, NULL, NULL, 0, 2, '2014-04-15 00:21:44'),
(2832, NULL, NULL, 0, 2, '2014-04-15 00:46:19'),
(2833, NULL, NULL, 0, 2, '2014-04-15 00:50:17'),
(2834, NULL, NULL, 0, 2, '2014-04-15 00:50:40'),
(2835, NULL, NULL, 0, 2, '2014-04-15 00:53:01'),
(2836, NULL, NULL, 0, 2, '2014-04-15 00:55:10'),
(2837, NULL, NULL, 0, 2, '2014-04-15 00:56:11'),
(2838, NULL, NULL, 0, 2, '2014-04-15 01:06:34'),
(2839, NULL, NULL, 0, 2, '2014-04-15 01:51:39'),
(2840, 1, NULL, 0, 2, '2014-04-15 01:54:30'),
(2841, 1, NULL, 0, 2, '2014-04-15 01:55:35'),
(2842, 1, NULL, 0, 2, '2014-04-15 01:55:51'),
(2843, 1, NULL, 0, 2, '2014-04-15 01:56:43'),
(2844, 1, NULL, 0, 2, '2014-04-15 01:58:44'),
(2845, 86, NULL, 6, 3, '2014-04-15 02:04:14'),
(2846, 11, NULL, 6, 3, '2014-04-15 02:04:29'),
(2847, 1, NULL, 7, 3, '2014-04-15 02:04:36'),
(2848, 87, NULL, 0, 3, '2014-04-15 02:05:24'),
(2849, 87, NULL, 6, 3, '2014-04-15 02:06:00'),
(2850, 88, NULL, 0, 3, '2014-04-15 02:08:01'),
(2851, 88, NULL, 0, 4, '2014-04-15 02:08:39'),
(2852, 89, NULL, 0, 3, '2014-04-15 02:10:24'),
(2853, 89, NULL, 0, 4, '2014-04-15 02:10:31'),
(2854, 90, NULL, 0, 3, '2014-04-15 02:13:46'),
(2855, 90, NULL, 0, 4, '2014-04-15 02:13:54'),
(2856, 91, NULL, 0, 3, '2014-04-15 02:18:56'),
(2857, 91, NULL, 0, 4, '2014-04-15 02:19:02'),
(2858, 92, NULL, 0, 3, '2014-04-15 02:20:16'),
(2859, 92, NULL, 0, 4, '2014-04-15 02:20:25'),
(2860, 69, NULL, 6, 3, '2014-04-15 02:27:11'),
(2861, 93, NULL, 0, 3, '2014-04-15 02:28:11'),
(2862, 93, NULL, 0, 2, '2014-04-15 02:29:16'),
(2863, 93, NULL, 0, 4, '2014-04-15 02:30:21'),
(2864, 94, NULL, 0, 3, '2014-04-15 02:33:55'),
(2865, 94, NULL, 0, 2, '2014-04-15 02:35:06'),
(2866, 94, NULL, 0, 4, '2014-04-15 02:36:22'),
(2867, 2, NULL, 7, 3, '2014-04-15 02:39:45'),
(2868, 95, NULL, 0, 3, '2014-04-15 02:40:18'),
(2869, 95, NULL, 0, 2, '2014-04-15 02:40:46'),
(2870, 95, NULL, 0, 4, '2014-04-15 02:41:37'),
(2871, 29, NULL, 0, 1, '2014-04-15 07:08:05'),
(2872, 29, NULL, 0, 1, '2014-04-15 07:12:14'),
(2873, 29, NULL, 0, 1, '2014-04-15 07:13:49'),
(2874, 29, NULL, 0, 1, '2014-04-15 07:14:42'),
(2875, 29, NULL, 0, 1, '2014-04-15 07:16:26'),
(2876, 29, NULL, 0, 1, '2014-04-15 07:16:52'),
(2877, 29, NULL, 0, 1, '2014-04-15 07:17:14'),
(2878, 29, NULL, 0, 1, '2014-04-15 07:18:27'),
(2879, 29, NULL, 0, 1, '2014-04-15 07:19:13'),
(2880, 29, NULL, 0, 1, '2014-04-15 07:19:50'),
(2881, 29, NULL, 0, 1, '2014-04-15 07:20:42'),
(2882, 29, NULL, 0, 1, '2014-04-15 07:26:05'),
(2883, 29, NULL, 0, 1, '2014-04-15 07:28:23'),
(2884, 29, NULL, 0, 1, '2014-04-15 07:42:45'),
(2885, 29, NULL, 0, 1, '2014-04-15 07:44:42'),
(2886, 29, NULL, 0, 1, '2014-04-15 07:48:10'),
(2887, 29, NULL, 0, 1, '2014-04-15 07:50:13'),
(2888, 29, NULL, 0, 1, '2014-04-15 07:51:24'),
(2889, 29, NULL, 0, 1, '2014-04-15 07:55:20'),
(2890, 29, NULL, 0, 1, '2014-04-15 07:57:16'),
(2891, 29, NULL, 0, 1, '2014-04-15 08:01:30'),
(2892, 29, NULL, 0, 1, '2014-04-15 08:03:15'),
(2893, 29, NULL, 0, 1, '2014-04-15 08:04:16'),
(2894, 29, NULL, 0, 1, '2014-04-15 08:05:07'),
(2895, 29, NULL, 0, 1, '2014-04-15 08:07:52'),
(2896, 29, NULL, 0, 1, '2014-04-15 08:16:18'),
(2897, 29, NULL, 0, 1, '2014-04-15 08:22:55'),
(2898, 29, NULL, 0, 1, '2014-04-15 08:23:51'),
(2899, 29, NULL, 0, 1, '2014-04-15 08:24:31'),
(2900, 29, NULL, 0, 1, '2014-04-15 08:25:52'),
(2901, 29, NULL, 0, 1, '2014-04-15 08:35:51'),
(2902, 29, NULL, 0, 1, '2014-04-15 08:38:32'),
(2903, 29, NULL, 0, 1, '2014-04-15 08:41:30'),
(2904, 29, NULL, 0, 1, '2014-04-15 08:44:26'),
(2905, 29, NULL, 0, 1, '2014-04-15 08:46:15'),
(2906, 29, NULL, 0, 1, '2014-04-15 08:47:51'),
(2907, 29, NULL, 0, 1, '2014-04-15 08:52:39'),
(2908, 29, NULL, 0, 1, '2014-04-15 08:52:50'),
(2909, 29, NULL, 0, 1, '2014-04-15 08:57:34'),
(2910, 29, NULL, 0, 1, '2014-04-15 09:01:27'),
(2911, 29, NULL, 0, 1, '2014-04-15 09:06:18'),
(2912, 29, NULL, 0, 1, '2014-04-15 09:08:13'),
(2913, 29, NULL, 0, 1, '2014-04-15 09:09:02'),
(2914, 29, NULL, 0, 1, '2014-04-15 09:11:59'),
(2915, 29, NULL, 0, 1, '2014-04-15 09:20:00'),
(2916, 29, NULL, 0, 1, '2014-04-15 09:21:40'),
(2917, 29, NULL, 0, 1, '2014-04-15 09:23:52'),
(2918, 29, NULL, 0, 1, '2014-04-15 09:26:06'),
(2919, 29, NULL, 0, 1, '2014-04-15 09:29:01'),
(2920, 29, NULL, 0, 1, '2014-04-15 09:34:08'),
(2921, 29, NULL, 0, 1, '2014-04-15 09:37:23'),
(2922, 29, NULL, 0, 1, '2014-04-15 09:42:19'),
(2923, 29, NULL, 0, 1, '2014-04-15 09:45:38'),
(2924, 29, NULL, 0, 1, '2014-04-15 09:48:44'),
(2925, 29, NULL, 0, 1, '2014-04-15 09:50:44'),
(2926, 29, NULL, 0, 1, '2014-04-15 09:53:23'),
(2927, 29, NULL, 0, 1, '2014-04-15 09:54:02'),
(2928, 29, NULL, 0, 1, '2014-04-15 10:00:51'),
(2929, 29, NULL, 0, 1, '2014-04-15 10:02:41'),
(2930, 29, NULL, 0, 1, '2014-04-15 10:05:25'),
(2931, 29, NULL, 0, 1, '2014-04-15 10:07:33'),
(2932, 29, NULL, 0, 1, '2014-04-15 10:09:18'),
(2933, 29, NULL, 0, 1, '2014-04-15 10:11:12'),
(2934, 29, NULL, 0, 1, '2014-04-15 10:15:38'),
(2935, 96, NULL, 0, 3, '2014-04-15 10:26:37'),
(2936, 96, NULL, 0, 2, '2014-04-15 10:27:12'),
(2937, 96, NULL, 0, 4, '2014-04-15 10:28:44'),
(2938, 29, NULL, 0, 1, '2014-04-15 10:32:02'),
(2939, 29, NULL, 0, 1, '2014-04-15 10:34:58'),
(2940, 29, NULL, 0, 1, '2014-04-15 10:37:02'),
(2941, 29, NULL, 0, 1, '2014-04-15 10:40:30'),
(2942, 29, NULL, 0, 1, '2014-04-15 10:45:00'),
(2943, 97, NULL, 0, 3, '2014-04-15 10:45:56'),
(2944, 97, NULL, 0, 2, '2014-04-15 10:46:03'),
(2945, 97, NULL, 0, 2, '2014-04-15 10:46:19'),
(2946, 97, NULL, 0, 2, '2014-04-15 10:46:47'),
(2947, 97, NULL, 0, 2, '2014-04-15 10:51:40'),
(2948, 97, NULL, 0, 2, '2014-04-15 10:51:43'),
(2949, 97, NULL, 0, 2, '2014-04-15 10:51:46'),
(2950, 97, NULL, 0, 2, '2014-04-15 10:51:49'),
(2951, 97, NULL, 0, 2, '2014-04-15 10:51:52'),
(2952, 97, NULL, 0, 2, '2014-04-15 10:51:55'),
(2953, 97, NULL, 0, 2, '2014-04-15 10:51:58'),
(2954, 29, NULL, 0, 1, '2014-04-15 10:59:33'),
(2955, 29, NULL, 0, 1, '2014-04-15 11:00:34'),
(2956, 29, NULL, 0, 1, '2014-04-15 11:02:46'),
(2957, 29, NULL, 0, 1, '2014-04-15 11:06:29'),
(2958, 29, NULL, 0, 1, '2014-04-15 11:08:52'),
(2959, 29, NULL, 0, 1, '2014-04-15 11:10:45'),
(2960, 29, NULL, 0, 1, '2014-04-15 11:19:43'),
(2961, 29, NULL, 0, 1, '2014-04-15 11:21:15'),
(2962, 29, NULL, 0, 1, '2014-04-15 11:26:14'),
(2963, 29, NULL, 0, 1, '2014-04-15 11:26:45'),
(2964, 29, NULL, 0, 1, '2014-04-15 11:31:13'),
(2965, 29, NULL, 0, 1, '2014-04-15 11:32:34'),
(2966, 29, NULL, 0, 1, '2014-04-15 11:39:06'),
(2967, 29, NULL, 0, 1, '2014-04-15 11:40:00'),
(2968, 29, NULL, 0, 1, '2014-04-15 11:59:20'),
(2969, NULL, NULL, 3, 1, '2014-04-15 12:07:01'),
(2970, NULL, NULL, 0, 1, '2014-04-15 12:10:12'),
(2971, 29, NULL, 0, 1, '2014-04-15 12:16:10'),
(2972, 29, NULL, 0, 1, '2014-04-15 12:16:26'),
(2973, 29, NULL, 0, 1, '2014-04-15 12:24:12'),
(2974, 29, NULL, 0, 1, '2014-04-15 12:27:24'),
(2975, 29, NULL, 0, 1, '2014-04-15 12:30:27'),
(2976, 29, NULL, 0, 1, '2014-04-15 12:32:50'),
(2977, NULL, NULL, 0, 10, '2014-04-15 12:42:54'),
(2978, NULL, NULL, 0, 10, '2014-04-15 12:43:07'),
(2979, NULL, NULL, 0, 10, '2014-04-15 12:44:15'),
(2980, NULL, NULL, 0, 10, '2014-04-15 12:44:25'),
(2981, NULL, NULL, 0, 10, '2014-04-15 12:47:06'),
(2982, NULL, NULL, 0, 10, '2014-04-15 12:47:23'),
(2983, NULL, NULL, 0, 10, '2014-04-15 12:51:05'),
(2984, 29, NULL, 0, 1, '2014-04-15 12:55:33'),
(2985, 29, NULL, 0, 1, '2014-04-15 13:01:48'),
(2986, 99, NULL, 0, 1, '2014-04-15 13:03:24'),
(2987, 99, NULL, 0, 1, '2014-04-15 13:04:49'),
(2988, 29, NULL, 2, 1, '2014-04-15 13:05:34'),
(2989, 29, NULL, 0, 1, '2014-04-15 13:06:01'),
(2990, 29, NULL, 0, 1, '2014-04-15 13:07:46'),
(2991, 29, NULL, 0, 1, '2014-04-15 13:13:21'),
(2992, 29, NULL, 0, 1, '2014-04-15 13:14:56'),
(2993, 29, NULL, 0, 1, '2014-04-15 13:15:52'),
(2994, 29, NULL, 0, 1, '2014-04-15 13:20:04'),
(2995, 29, NULL, 0, 1, '2014-04-15 13:25:15'),
(2996, 29, 9, 39, 17, '2014-04-15 14:19:59'),
(2997, 29, 9, 0, 17, '2014-04-15 14:20:49'),
(2998, 29, NULL, 0, 1, '2014-04-15 14:21:11'),
(2999, 29, NULL, 0, 26, '2014-04-15 14:22:21'),
(3000, 29, NULL, 51, 26, '2014-04-15 14:22:25'),
(3001, 29, NULL, 0, 1, '2014-04-15 14:36:41'),
(3002, 29, NULL, 0, 1, '2014-04-15 14:38:23'),
(3003, 29, NULL, 0, 1, '2014-04-15 14:40:55'),
(3004, 29, NULL, 0, 1, '2014-04-15 14:42:46'),
(3005, 29, 0, 0, 28, '2014-04-15 14:42:48'),
(3006, 29, 0, 55, 28, '2014-04-15 14:43:18'),
(3007, NULL, 0, 33, 28, '2014-04-15 14:43:28'),
(3008, NULL, 0, 33, 28, '2014-04-15 14:43:40'),
(3009, 29, NULL, 0, 1, '2014-04-15 14:43:45'),
(3010, 29, 0, 0, 28, '2014-04-15 14:44:06'),
(3011, 29, 0, 0, 28, '2014-04-15 14:45:12'),
(3012, 29, NULL, 0, 1, '2014-04-15 14:47:26'),
(3013, 29, NULL, 0, 1, '2014-04-15 14:49:17'),
(3014, 29, NULL, 0, 1, '2014-04-15 14:51:09'),
(3015, 29, NULL, 0, 1, '2014-04-15 14:52:15'),
(3016, 29, NULL, 0, 1, '2014-04-15 14:52:58'),
(3017, 29, 0, 0, 28, '2014-04-15 14:54:47'),
(3018, NULL, 0, 33, 28, '2014-04-15 14:54:55'),
(3019, 29, 0, 55, 28, '2014-04-15 14:55:01'),
(3020, 29, 0, 0, 28, '2014-04-15 14:55:13'),
(3021, 29, 0, 0, 29, '2014-04-15 15:04:06'),
(3022, 29, 0, 58, 29, '2014-04-15 15:04:10'),
(3023, NULL, 0, 33, 29, '2014-04-15 15:04:32'),
(3024, NULL, 0, 33, 29, '2014-04-15 15:04:40'),
(3025, 29, 0, 32, 29, '2014-04-15 15:04:50'),
(3026, 29, NULL, 0, 1, '2014-04-15 15:05:07'),
(3027, 29, 0, 60, 29, '2014-04-15 15:07:02'),
(3028, 29, NULL, 0, 1, '2014-04-15 15:09:09'),
(3029, 29, NULL, 0, 1, '2014-04-15 15:19:26'),
(3030, 29, NULL, 0, 1, '2014-04-15 15:20:42'),
(3031, 29, NULL, 0, 1, '2014-04-15 15:22:01'),
(3032, 29, NULL, 0, 1, '2014-04-15 15:24:09'),
(3033, 29, NULL, 0, 1, '2014-04-15 15:30:52'),
(3034, 29, NULL, 0, 1, '2014-04-15 15:33:58'),
(3035, 29, NULL, 0, 1, '2014-04-15 15:36:42'),
(3036, 29, NULL, 0, 1, '2014-04-15 15:43:51'),
(3037, 29, NULL, 0, 1, '2014-04-15 15:45:15'),
(3038, 29, NULL, 0, 1, '2014-04-15 15:46:12'),
(3039, 29, NULL, 0, 1, '2014-04-15 15:47:14'),
(3040, 29, NULL, 0, 1, '2014-04-15 15:48:06'),
(3041, 29, NULL, 0, 1, '2014-04-15 15:49:55'),
(3042, 29, NULL, 0, 1, '2014-04-15 15:51:11'),
(3043, 29, NULL, 0, 1, '2014-04-15 15:52:12'),
(3044, 29, NULL, 0, 1, '2014-04-15 15:53:25'),
(3045, 29, NULL, 0, 1, '2014-04-15 15:55:13'),
(3046, 29, NULL, 0, 1, '2014-04-15 15:55:48'),
(3047, 29, NULL, 0, 1, '2014-04-15 15:58:02'),
(3048, 29, NULL, 0, 1, '2014-04-15 15:58:54'),
(3049, 29, NULL, 0, 1, '2014-04-15 16:01:23'),
(3050, 29, NULL, 0, 1, '2014-04-15 16:02:04'),
(3051, 29, NULL, 0, 1, '2014-04-15 16:02:45'),
(3052, 29, NULL, 0, 1, '2014-04-15 16:03:14'),
(3053, 29, NULL, 0, 1, '2014-04-15 16:03:42'),
(3054, 29, NULL, 0, 1, '2014-04-15 16:06:12'),
(3055, 29, NULL, 0, 1, '2014-04-15 16:14:49'),
(3056, 29, NULL, 0, 1, '2014-04-15 16:30:58'),
(3057, 29, NULL, 0, 1, '2014-04-15 16:31:59'),
(3058, 29, NULL, 0, 1, '2014-04-15 16:32:21'),
(3059, 29, NULL, 0, 1, '2014-04-15 16:34:09'),
(3060, 29, NULL, 0, 1, '2014-04-15 16:35:03'),
(3061, 29, NULL, 0, 1, '2014-04-15 16:35:45'),
(3062, 29, NULL, 0, 1, '2014-04-15 16:36:18'),
(3063, 29, NULL, 0, 1, '2014-04-15 16:39:40'),
(3064, 29, NULL, 0, 1, '2014-04-15 17:46:08'),
(3065, 29, NULL, 0, 1, '2014-04-15 17:46:11'),
(3066, 10, NULL, 0, 1, '2014-04-15 17:46:30'),
(3070, 0, NULL, 0, 4, '2014-04-15 19:37:47'),
(3071, 0, NULL, 3, 4, '2014-04-15 19:37:54'),
(3072, 100, NULL, 0, 3, '2014-04-15 19:41:51'),
(3073, 97, NULL, 0, 2, '2014-04-15 19:43:38'),
(3074, 97, NULL, 0, 5, '2014-04-15 19:46:03'),
(3075, 29, NULL, 0, 1, '2014-04-15 20:00:30'),
(3076, 29, 0, 60, 28, '2014-04-15 20:08:33'),
(3077, 29, NULL, 60, 28, '2014-04-15 20:10:12'),
(3078, 29, NULL, 0, 1, '2014-04-15 20:16:19'),
(3079, 29, NULL, 0, 1, '2014-04-15 20:18:18'),
(3080, NULL, NULL, 33, 28, '2014-04-15 20:21:11'),
(3081, 29, NULL, 0, 1, '2014-04-15 20:21:30'),
(3082, 29, NULL, 0, 1, '2014-04-15 20:23:26'),
(3083, 29, NULL, 0, 1, '2014-04-15 20:28:43'),
(3084, 29, NULL, 0, 1, '2014-04-15 20:30:55'),
(3085, NULL, NULL, 57, 28, '2014-04-15 20:40:10'),
(3086, 29, NULL, 0, 1, '2014-04-15 20:41:06'),
(3087, NULL, NULL, 57, 28, '2014-04-15 20:41:29'),
(3088, NULL, NULL, 61, 28, '2014-04-15 20:42:16'),
(3089, NULL, NULL, 33, 28, '2014-04-15 20:42:53'),
(3090, 29, NULL, 0, 1, '2014-04-15 20:47:49'),
(3091, 29, NULL, 0, 1, '2014-04-15 20:49:18'),
(3092, 29, NULL, 0, 1, '2014-04-15 20:50:46'),
(3093, 29, NULL, 0, 1, '2014-04-15 20:52:13'),
(3094, 29, NULL, 0, 1, '2014-04-15 20:54:32'),
(3095, 29, NULL, 0, 1, '2014-04-15 20:57:03'),
(3096, 29, NULL, 0, 1, '2014-04-15 20:57:16'),
(3097, 29, NULL, 0, 1, '2014-04-15 20:57:37'),
(3098, 29, NULL, 0, 1, '2014-04-15 20:58:13'),
(3099, 29, NULL, 0, 1, '2014-04-15 20:58:49'),
(3100, 29, NULL, 0, 1, '2014-04-15 20:59:56'),
(3101, 29, NULL, 0, 1, '2014-04-15 21:01:11'),
(3102, 29, NULL, 0, 1, '2014-04-15 21:06:48'),
(3103, 29, NULL, 0, 1, '2014-04-15 21:07:54'),
(3104, 29, NULL, 0, 1, '2014-04-15 21:08:38'),
(3105, 29, NULL, 0, 1, '2014-04-15 21:09:37'),
(3106, 29, NULL, 0, 1, '2014-04-15 21:10:39'),
(3107, 29, NULL, 0, 1, '2014-04-15 21:17:18'),
(3108, 29, NULL, 0, 1, '2014-04-15 21:30:35'),
(3109, 29, NULL, 0, 1, '2014-04-15 21:33:25'),
(3110, 29, NULL, 0, 1, '2014-04-15 21:36:31'),
(3111, 29, NULL, 0, 1, '2014-04-15 21:49:35'),
(3112, 29, NULL, 0, 1, '2014-04-15 21:51:45'),
(3113, 29, NULL, 0, 1, '2014-04-15 21:52:14'),
(3114, 29, NULL, 0, 1, '2014-04-15 22:00:35'),
(3115, 29, NULL, 0, 1, '2014-04-15 22:01:30'),
(3116, 29, NULL, 0, 1, '2014-04-15 23:56:06'),
(3117, 29, NULL, 6, 3, '2014-04-15 23:56:14'),
(3118, 101, NULL, 0, 3, '2014-04-15 23:56:24'),
(3119, 101, NULL, 0, 4, '2014-04-15 23:56:36'),
(3120, NULL, NULL, 3, 5, '2014-04-15 23:56:43'),
(3121, 102, NULL, 0, 3, '2014-04-15 23:56:50'),
(3122, 102, NULL, 7, 5, '2014-04-15 23:57:09'),
(3123, 102, NULL, 0, 5, '2014-04-15 23:57:20'),
(3124, 0, NULL, 3, 2, '2014-04-15 23:57:34'),
(3125, 0, NULL, 3, 2, '2014-04-15 23:57:44'),
(3126, 103, NULL, 0, 3, '2014-04-15 23:58:11'),
(3127, 103, NULL, 0, 2, '2014-04-15 23:58:36'),
(3128, 103, 23, 0, 7, '2014-04-15 23:58:53'),
(3129, 103, 23, 22, 7, '2014-04-15 23:58:58'),
(3130, 103, 24, 0, 7, '2014-04-15 23:59:06'),
(3131, 103, NULL, 7, 3, '2014-04-16 00:01:11'),
(3132, 0, NULL, 3, 1, '2014-04-16 00:01:24'),
(3133, NULL, NULL, 3, 7, '2014-04-16 00:01:35'),
(3134, NULL, NULL, 61, 9, '2014-04-16 00:03:00'),
(3135, NULL, NULL, 11, 9, '2014-04-16 00:07:15'),
(3136, 103, 24, 2, 9, '2014-04-16 00:07:36'),
(3137, 103, 24, 0, 9, '2014-04-16 00:08:00'),
(3138, NULL, NULL, 11, 20, '2014-04-16 00:09:54'),
(3139, NULL, NULL, 11, 20, '2014-04-16 00:17:42'),
(3140, 103, 23, 22, 20, '2014-04-16 00:19:04'),
(3141, 103, 23, 0, 20, '2014-04-16 00:21:40'),
(3142, NULL, NULL, 11, 20, '2014-04-16 00:23:03'),
(3143, NULL, NULL, 11, 20, '2014-04-16 00:23:15'),
(3144, 103, 23, 0, 20, '2014-04-16 00:23:30'),
(3145, 103, 23, 0, 20, '2014-04-16 00:23:42'),
(3146, NULL, NULL, 11, 20, '2014-04-16 00:25:36'),
(3147, NULL, NULL, 11, 20, '2014-04-16 00:25:43'),
(3148, 103, 23, 22, 20, '2014-04-16 00:25:54'),
(3149, 103, 23, 0, 20, '2014-04-16 00:26:06'),
(3150, 103, 23, 0, 20, '2014-04-16 00:26:27'),
(3151, 103, 23, 0, 20, '2014-04-16 00:26:59'),
(3152, NULL, 23, 21, 14, '2014-04-16 00:29:53'),
(3153, 103, 23, 0, 17, '2014-04-16 00:30:11'),
(3154, 103, 23, 43, 17, '2014-04-16 00:30:16'),
(3155, 103, NULL, 48, 25, '2014-04-16 00:30:28'),
(3156, 103, NULL, 0, 25, '2014-04-16 00:30:52'),
(3157, 103, NULL, 47, 25, '2014-04-16 00:30:57'),
(3158, 103, NULL, 0, 25, '2014-04-16 00:31:11'),
(3159, 103, NULL, 39, 30, '2014-04-16 00:37:52'),
(3160, 103, NULL, 39, 30, '2014-04-16 00:38:19'),
(3161, 103, NULL, 39, 30, '2014-04-16 00:40:20'),
(3162, 103, NULL, 39, 30, '2014-04-16 00:41:19'),
(3163, 103, NULL, 39, 30, '2014-04-16 00:41:31'),
(3164, 103, NULL, 0, 30, '2014-04-16 00:42:00'),
(3165, NULL, NULL, 11, 24, '2014-04-16 00:43:04'),
(3166, NULL, 23, 3, 24, '2014-04-16 00:43:24'),
(3167, 60, 23, 0, 24, '2014-04-16 00:43:41'),
(3168, 60, 23, 0, 24, '2014-04-16 00:44:12'),
(3169, 103, 23, 0, 24, '2014-04-16 00:47:28'),
(3170, 103, 23, 39, 24, '2014-04-16 00:48:14'),
(3171, 103, 23, 39, 24, '2014-04-16 00:49:24'),
(3172, 103, 23, 39, 24, '2014-04-16 00:51:09'),
(3173, 97, 23, 0, 24, '2014-04-16 00:51:53'),
(3174, 97, 23, 0, 24, '2014-04-16 00:52:18'),
(3175, 97, 23, 0, 24, '2014-04-16 00:53:15'),
(3176, 97, 23, 0, 24, '2014-04-16 00:53:21'),
(3177, 97, 23, 0, 24, '2014-04-16 00:54:15'),
(3178, 103, 23, 43, 17, '2014-04-16 00:54:48'),
(3179, 103, 23, 0, 18, '2014-04-16 00:56:58'),
(3180, 103, 23, 0, 17, '2014-04-16 00:59:04'),
(3181, NULL, 23, 21, 14, '2014-04-16 00:59:45'),
(3182, NULL, 9, 21, 14, '2014-04-16 01:00:15'),
(3184, 29, 9, 0, 14, '2014-04-16 01:05:43'),
(3185, 29, 9, 0, 14, '2014-04-16 01:05:48'),
(3186, 29, 9, 0, 14, '2014-04-16 01:06:10'),
(3187, 29, 9, 0, 15, '2014-04-16 01:07:03'),
(3188, NULL, NULL, 21, 15, '2014-04-16 01:07:07'),
(3189, 29, NULL, 0, 11, '2014-04-16 01:07:42'),
(3190, 29, NULL, 24, 11, '2014-04-16 01:07:47'),
(3191, NULL, NULL, 33, 21, '2014-04-16 01:07:58'),
(3192, 29, 9, 32, 21, '2014-04-16 01:08:11'),
(3193, 29, 9, 0, 21, '2014-04-16 01:09:00'),
(3194, 29, 9, 37, 21, '2014-04-16 01:09:40'),
(3195, 29, 9, 0, 21, '2014-04-16 01:09:50'),
(3196, 29, NULL, 0, 12, '2014-04-16 01:10:05'),
(3197, 29, NULL, 31, 12, '2014-04-16 01:10:10'),
(3198, 29, NULL, 0, 11, '2014-04-16 01:10:54'),
(3199, 29, 9, 32, 21, '2014-04-16 01:11:02'),
(3200, 29, 9, 0, 21, '2014-04-16 01:11:13'),
(3201, 29, 9, 0, 21, '2014-04-16 01:11:34'),
(3202, 29, NULL, 0, 26, '2014-04-16 01:11:52'),
(3203, 29, NULL, 51, 26, '2014-04-16 01:11:56'),
(3204, 10, NULL, 0, 26, '2014-04-16 01:12:05'),
(3205, NULL, NULL, 33, 28, '2014-04-16 01:12:21'),
(3206, 29, NULL, 0, 28, '2014-04-16 01:12:34'),
(3207, 29, NULL, 55, 28, '2014-04-16 01:12:45'),
(3208, 29, NULL, 0, 28, '2014-04-16 01:12:57'),
(3209, 29, NULL, 0, 28, '2014-04-16 01:13:06'),
(3210, 29, NULL, 0, 28, '2014-04-16 01:13:20'),
(3211, 29, NULL, 0, 22, '2014-04-16 01:14:03'),
(3212, 29, NULL, 36, 22, '2014-04-16 01:14:11'),
(3213, 29, NULL, 0, 29, '2014-04-16 01:14:19'),
(3214, 29, NULL, 58, 29, '2014-04-16 01:14:25'),
(3215, 29, 9, 0, 15, '2014-04-16 01:14:39'),
(3216, NULL, NULL, 33, 21, '2014-04-16 01:15:15'),
(3217, 29, NULL, 24, 11, '2014-04-16 01:15:28'),
(3218, 29, 9, 0, 21, '2014-04-16 01:15:42'),
(3219, 29, NULL, 2, 1, '2014-04-16 01:30:24'),
(3220, 29, NULL, 2, 1, '2014-04-16 01:30:31'),
(3221, 29, NULL, 0, 1, '2014-04-16 08:09:20'),
(3222, 29, NULL, 0, 1, '2014-04-16 08:44:39'),
(3223, 29, NULL, 0, 1, '2014-04-16 08:47:22'),
(3224, 29, NULL, 0, 1, '2014-04-16 08:48:31'),
(3225, 29, NULL, 0, 1, '2014-04-16 08:49:15'),
(3226, 29, NULL, 0, 1, '2014-04-16 08:51:45'),
(3227, 29, NULL, 0, 1, '2014-04-16 08:54:41'),
(3228, 29, NULL, 0, 1, '2014-04-16 08:56:28'),
(3229, 29, NULL, 0, 1, '2014-04-16 08:57:51'),
(3230, 29, NULL, 0, 1, '2014-04-16 09:01:09'),
(3231, 29, NULL, 0, 1, '2014-04-16 09:06:56'),
(3232, 29, NULL, 0, 1, '2014-04-16 09:09:16'),
(3233, 29, NULL, 0, 1, '2014-04-16 09:11:14'),
(3234, 29, NULL, 0, 1, '2014-04-16 09:12:16'),
(3235, 29, NULL, 0, 1, '2014-04-16 09:17:30'),
(3236, 29, NULL, 0, 1, '2014-04-16 09:19:00'),
(3237, 29, NULL, 0, 1, '2014-04-16 09:25:11'),
(3238, 29, NULL, 0, 1, '2014-04-16 09:27:08'),
(3239, 29, NULL, 0, 1, '2014-04-16 09:27:58'),
(3240, 29, NULL, 0, 1, '2014-04-16 09:29:44'),
(3241, 29, NULL, 0, 1, '2014-04-16 09:31:28'),
(3242, 29, NULL, 0, 1, '2014-04-16 09:33:55'),
(3243, 29, NULL, 0, 1, '2014-04-16 09:35:36'),
(3244, 29, NULL, 0, 1, '2014-04-16 09:37:40'),
(3245, 29, NULL, 0, 1, '2014-04-16 09:38:32'),
(3246, 29, NULL, 0, 1, '2014-04-16 09:50:29'),
(3247, 29, NULL, 0, 1, '2014-04-16 09:57:53'),
(3248, 29, NULL, 0, 1, '2014-04-16 09:58:57'),
(3249, 29, NULL, 0, 1, '2014-04-16 10:04:04'),
(3250, 29, NULL, 0, 1, '2014-04-16 10:04:33'),
(3251, 29, NULL, 0, 1, '2014-04-16 10:04:42'),
(3252, 29, NULL, 0, 1, '2014-04-16 10:06:47'),
(3253, 29, NULL, 0, 1, '2014-04-16 10:06:59'),
(3254, 29, NULL, 0, 1, '2014-04-16 10:09:18'),
(3255, 29, NULL, 0, 1, '2014-04-16 10:09:37'),
(3256, 29, NULL, 0, 1, '2014-04-16 10:13:32'),
(3257, 29, NULL, 0, 1, '2014-04-16 10:14:22'),
(3258, 29, NULL, 0, 1, '2014-04-16 10:14:56'),
(3259, 29, NULL, 0, 1, '2014-04-16 10:15:32'),
(3260, 29, NULL, 0, 1, '2014-04-16 10:16:18'),
(3261, 29, NULL, 0, 1, '2014-04-16 10:16:55'),
(3262, 29, NULL, 0, 1, '2014-04-16 10:18:08'),
(3263, 29, NULL, 0, 1, '2014-04-16 10:19:22'),
(3264, 29, NULL, 0, 1, '2014-04-16 10:19:54'),
(3265, 29, NULL, 0, 1, '2014-04-16 10:20:27'),
(3266, 29, NULL, 0, 1, '2014-04-16 10:21:16'),
(3267, 29, NULL, 0, 1, '2014-04-16 10:23:55'),
(3268, 29, NULL, 0, 1, '2014-04-16 10:27:16'),
(3269, 29, NULL, 0, 1, '2014-04-16 10:28:54'),
(3270, 29, NULL, 0, 1, '2014-04-16 10:37:24'),
(3271, 29, NULL, 0, 1, '2014-04-16 10:39:28'),
(3272, 29, NULL, 0, 1, '2014-04-16 10:48:14'),
(3273, 29, NULL, 0, 1, '2014-04-16 10:49:40'),
(3274, 29, NULL, 0, 1, '2014-04-16 11:00:29'),
(3275, 29, NULL, 0, 1, '2014-04-16 11:11:15'),
(3276, 29, NULL, 0, 1, '2014-04-16 11:15:42'),
(3277, 29, NULL, 0, 1, '2014-04-16 11:18:10'),
(3278, 29, NULL, 0, 1, '2014-04-16 11:19:48'),
(3279, 29, NULL, 0, 1, '2014-04-16 11:21:20'),
(3280, 29, NULL, 0, 1, '2014-04-16 11:21:38'),
(3281, 29, NULL, 0, 1, '2014-04-16 11:32:01'),
(3282, 29, NULL, 0, 1, '2014-04-16 11:34:58'),
(3283, 29, NULL, 0, 1, '2014-04-16 11:37:49'),
(3284, 29, NULL, 0, 1, '2014-04-16 11:41:56'),
(3285, 29, NULL, 0, 1, '2014-04-16 11:44:22'),
(3286, 29, NULL, 0, 1, '2014-04-16 11:51:02'),
(3287, 29, NULL, 0, 1, '2014-04-16 11:51:38'),
(3288, 29, NULL, 0, 1, '2014-04-16 13:24:43'),
(3289, 29, NULL, 0, 1, '2014-04-16 13:26:32'),
(3290, 29, NULL, 0, 1, '2014-04-16 13:29:13'),
(3291, 29, NULL, 0, 1, '2014-04-16 13:31:31'),
(3292, 29, NULL, 0, 1, '2014-04-16 13:33:52'),
(3293, 29, NULL, 0, 1, '2014-04-16 13:36:01'),
(3294, 29, NULL, 0, 1, '2014-04-16 13:38:13'),
(3295, 29, NULL, 0, 1, '2014-04-16 13:39:13'),
(3296, 29, NULL, 0, 1, '2014-04-16 13:40:18'),
(3297, 29, NULL, 0, 1, '2014-04-16 13:44:31'),
(3298, 29, NULL, 0, 1, '2014-04-16 13:45:42'),
(3299, 0, NULL, 3, 1, '2014-04-16 13:46:34'),
(3300, 29, NULL, 0, 1, '2014-04-16 13:46:44'),
(3301, 29, NULL, 0, 1, '2014-04-16 13:47:10'),
(3302, 29, NULL, 0, 1, '2014-04-16 13:47:31'),
(3303, 29, NULL, 0, 1, '2014-04-16 13:49:16'),
(3304, 29, NULL, 0, 1, '2014-04-16 13:49:56'),
(3305, 29, NULL, 0, 1, '2014-04-16 13:51:14'),
(3306, 29, NULL, 0, 1, '2014-04-16 13:52:13'),
(3307, 29, NULL, 0, 1, '2014-04-16 14:03:04'),
(3308, 29, NULL, 0, 1, '2014-04-16 14:03:54'),
(3309, 29, NULL, 0, 1, '2014-04-16 14:07:18'),
(3310, 29, NULL, 0, 1, '2014-04-16 14:08:00'),
(3311, 29, NULL, 0, 1, '2014-04-16 14:10:21'),
(3312, 29, NULL, 0, 1, '2014-04-16 14:13:27'),
(3313, 29, NULL, 0, 1, '2014-04-16 14:15:02'),
(3314, 29, NULL, 0, 1, '2014-04-16 14:15:58'),
(3315, 29, NULL, 0, 1, '2014-04-16 14:18:49'),
(3316, 29, NULL, 2, 1, '2014-04-16 14:19:40'),
(3317, 29, NULL, 0, 1, '2014-04-16 14:20:24'),
(3318, 29, NULL, 0, 1, '2014-04-16 14:21:41'),
(3319, 29, NULL, 0, 1, '2014-04-16 14:22:29'),
(3320, 29, NULL, 0, 1, '2014-04-16 14:25:24'),
(3321, 29, NULL, 0, 1, '2014-04-16 14:26:55'),
(3322, 29, NULL, 0, 1, '2014-04-16 14:28:26'),
(3323, 29, NULL, 0, 1, '2014-04-16 14:30:00'),
(3324, 29, NULL, 0, 1, '2014-04-16 14:38:32'),
(3325, 29, NULL, 0, 1, '2014-04-16 14:41:49'),
(3326, 29, NULL, 0, 1, '2014-04-16 14:56:09'),
(3327, 29, NULL, 0, 1, '2014-04-16 14:58:32'),
(3328, 29, NULL, 0, 1, '2014-04-16 15:00:02'),
(3329, 29, NULL, 0, 1, '2014-04-16 15:00:28'),
(3330, 29, NULL, 0, 1, '2014-04-16 15:05:25'),
(3331, 29, NULL, 0, 1, '2014-04-16 15:05:31'),
(3332, 29, NULL, 0, 1, '2014-04-16 15:06:14'),
(3333, 29, NULL, 0, 1, '2014-04-16 15:06:23'),
(3334, 0, NULL, 3, 1, '2014-04-16 15:12:34'),
(3335, 103, NULL, 7, 3, '2014-04-16 15:12:42'),
(3336, 29, NULL, 0, 1, '2014-04-16 15:14:49'),
(3337, 29, NULL, 0, 1, '2014-04-16 15:19:19'),
(3338, 29, NULL, 0, 1, '2014-04-16 15:23:15'),
(3339, 29, NULL, 0, 1, '2014-04-16 15:28:15'),
(3340, 29, NULL, 0, 1, '2014-04-16 15:29:12'),
(3341, 29, NULL, 0, 1, '2014-04-16 15:31:32'),
(3342, 29, NULL, 0, 1, '2014-04-16 15:32:00'),
(3343, 29, NULL, 0, 1, '2014-04-16 15:42:19'),
(3344, 29, NULL, 0, 1, '2014-04-16 15:45:04'),
(3345, 29, NULL, 0, 1, '2014-04-16 15:51:00'),
(3346, 29, NULL, 0, 1, '2014-04-16 15:55:14'),
(3347, 29, NULL, 0, 1, '2014-04-16 15:58:05'),
(3348, 29, NULL, 0, 1, '2014-04-16 16:04:46'),
(3349, 29, NULL, 0, 1, '2014-04-16 16:08:51'),
(3350, 29, NULL, 0, 1, '2014-04-16 16:11:58'),
(3351, 29, NULL, 0, 1, '2014-04-16 16:12:48'),
(3352, 29, NULL, 0, 1, '2014-04-16 16:15:02'),
(3353, 29, NULL, 0, 1, '2014-04-16 16:25:00'),
(3354, 29, NULL, 0, 1, '2014-04-16 16:36:13'),
(3355, 29, NULL, 0, 1, '2014-04-16 16:38:27'),
(3356, 29, NULL, 0, 1, '2014-04-16 16:53:32'),
(3357, 29, NULL, 0, 1, '2014-04-16 16:54:43'),
(3358, 29, NULL, 0, 1, '2014-04-16 16:55:51'),
(3359, 29, NULL, 0, 1, '2014-04-16 16:57:22'),
(3360, 29, NULL, 0, 1, '2014-04-16 16:59:48'),
(3361, 29, NULL, 0, 1, '2014-04-16 17:03:23'),
(3362, 29, NULL, 0, 1, '2014-04-16 17:19:14'),
(3363, 29, NULL, 0, 1, '2014-04-16 17:19:42'),
(3364, 29, NULL, 0, 1, '2014-04-16 17:37:33'),
(3365, 29, NULL, 0, 1, '2014-04-16 17:40:38'),
(3366, 29, NULL, 0, 1, '2014-04-16 17:43:22'),
(3367, 29, NULL, 0, 1, '2014-04-16 17:45:48'),
(3368, 29, NULL, 0, 1, '2014-04-16 17:46:21'),
(3369, 29, NULL, 0, 1, '2014-04-16 17:46:58'),
(3370, 29, NULL, 0, 1, '2014-04-16 17:50:59'),
(3371, 29, NULL, 0, 1, '2014-04-16 17:54:08'),
(3372, 29, NULL, 0, 1, '2014-04-16 17:54:59'),
(3373, 29, NULL, 0, 1, '2014-04-16 17:55:25'),
(3374, 29, NULL, 0, 1, '2014-04-16 17:56:09'),
(3375, 29, NULL, 0, 1, '2014-04-16 18:01:05'),
(3376, 29, NULL, 0, 1, '2014-04-16 18:02:50'),
(3377, 29, NULL, 0, 1, '2014-04-16 18:04:18'),
(3378, 29, NULL, 0, 1, '2014-04-16 18:05:42'),
(3379, 29, NULL, 0, 1, '2014-04-16 18:06:49'),
(3380, 29, NULL, 0, 1, '2014-04-16 18:10:21'),
(3381, 29, NULL, 0, 1, '2014-04-16 18:11:54'),
(3382, 10, NULL, 0, 1, '2014-04-16 18:14:58'),
(3383, 10, NULL, 0, 1, '2014-04-16 18:18:03'),
(3384, 10, NULL, 0, 1, '2014-04-16 18:20:29'),
(3385, 10, NULL, 0, 1, '2014-04-16 18:28:04'),
(3386, 10, NULL, 0, 1, '2014-04-16 18:28:15'),
(3387, 10, NULL, 0, 1, '2014-04-16 18:31:54'),
(3388, 10, NULL, 0, 1, '2014-04-16 18:33:23'),
(3389, 0, NULL, 3, 1, '2014-04-16 20:39:09'),
(3390, 29, NULL, 0, 1, '2014-04-16 20:40:12'),
(3391, 29, NULL, 0, 1, '2014-04-16 20:44:04'),
(3392, 29, NULL, 0, 1, '2014-04-16 20:46:49'),
(3393, 29, NULL, 0, 1, '2014-04-16 20:49:40'),
(3394, 29, NULL, 0, 1, '2014-04-16 20:50:49'),
(3395, 29, NULL, 0, 1, '2014-04-16 20:52:32'),
(3396, 29, 9, 0, 14, '2014-04-16 20:56:09'),
(3397, 29, 9, 0, 14, '2014-04-16 20:56:15'),
(3398, 29, 9, 0, 14, '2014-04-16 20:56:24'),
(3399, 29, 9, 0, 14, '2014-04-16 20:56:39'),
(3400, 29, NULL, 0, 1, '2014-04-16 20:56:43'),
(3401, 29, NULL, 0, 1, '2014-04-16 21:24:05'),
(3402, 29, NULL, 0, 1, '2014-04-16 22:10:00'),
(3403, 29, NULL, 0, 1, '2014-04-16 22:12:47'),
(3404, 29, NULL, 0, 1, '2014-04-16 22:14:43'),
(3405, 29, NULL, 0, 1, '2014-04-16 23:19:27'),
(3406, 29, NULL, 0, 1, '2014-04-16 23:22:28'),
(3407, 29, 9, 0, 14, '2014-04-16 23:28:28'),
(3408, 29, NULL, 0, 1, '2014-04-16 23:28:46'),
(3409, 29, 9, 0, 14, '2014-04-16 23:30:06'),
(3410, 29, 9, 0, 14, '2014-04-16 23:30:26'),
(3411, 29, 9, 0, 14, '2014-04-16 23:30:49'),
(3412, 29, NULL, 0, 1, '2014-04-16 23:31:40'),
(3413, 29, NULL, 0, 11, '2014-04-16 23:32:52'),
(3414, 29, NULL, 24, 11, '2014-04-16 23:32:56'),
(3415, 29, 9, 32, 21, '2014-04-16 23:33:15'),
(3416, 29, 9, 32, 21, '2014-04-16 23:42:05'),
(3417, 29, 9, 0, 21, '2014-04-16 23:42:51'),
(3418, 29, 9, 0, 21, '2014-04-16 23:43:01'),
(3419, 29, 9, 37, 21, '2014-04-16 23:43:06'),
(3420, 29, 9, 0, 21, '2014-04-16 23:43:12'),
(3421, 29, 9, 0, 21, '2014-04-16 23:43:20'),
(3422, 29, NULL, 0, 1, '2014-04-16 23:43:29'),
(3423, 29, NULL, 0, 26, '2014-04-16 23:45:21'),
(3424, 29, 9, 0, 14, '2014-04-16 23:45:48'),
(3425, 29, 9, 0, 14, '2014-04-16 23:47:20'),
(3426, 29, 9, 0, 14, '2014-04-16 23:48:11'),
(3427, 29, 9, 0, 14, '2014-04-16 23:48:43'),
(3428, 29, NULL, 57, 28, '2014-04-16 23:49:18'),
(3429, 29, NULL, 57, 28, '2014-04-16 23:49:35'),
(3430, 29, NULL, 0, 28, '2014-04-16 23:50:03'),
(3431, 29, NULL, 0, 28, '2014-04-16 23:50:17'),
(3432, 29, NULL, 0, 28, '2014-04-16 23:50:26'),
(3433, 29, NULL, 0, 28, '2014-04-16 23:50:34'),
(3434, 29, NULL, 0, 1, '2014-04-16 23:50:42'),
(3435, 29, NULL, 0, 1, '2014-04-16 23:54:59'),
(3437, 29, 21, 0, 24, '2014-04-17 00:08:12'),
(3438, 29, 9, 63, 24, '2014-04-17 00:09:09'),
(3439, 29, NULL, 0, 1, '2014-04-17 00:09:44'),
(3440, 29, NULL, 0, 25, '2014-04-17 00:49:38'),
(3441, 29, NULL, 0, 25, '2014-04-17 00:49:42'),
(3442, 29, NULL, 47, 25, '2014-04-17 00:58:26'),
(3443, 29, NULL, 48, 25, '2014-04-17 01:01:31'),
(3444, 29, NULL, 48, 25, '2014-04-17 01:01:54'),
(3445, 29, NULL, 47, 25, '2014-04-17 01:03:54'),
(3446, 29, NULL, 0, 25, '2014-04-17 01:05:05'),
(3447, 29, NULL, 0, 25, '2014-04-17 01:06:41'),
(3448, 29, NULL, 47, 25, '2014-04-17 01:08:07'),
(3449, 29, NULL, 0, 25, '2014-04-17 01:10:09'),
(3450, 29, NULL, 47, 25, '2014-04-17 01:10:17'),
(3451, 29, NULL, 0, 25, '2014-04-17 01:10:33'),
(3452, 29, NULL, 0, 25, '2014-04-17 01:10:41'),
(3453, 29, NULL, 39, 30, '2014-04-17 01:12:38'),
(3454, 29, NULL, 0, 30, '2014-04-17 01:12:55'),
(3455, 29, NULL, 39, 30, '2014-04-17 01:13:03');
INSERT INTO `HISTORYACCESS` (`IDHISTORY`, `IDUSER`, `IDHOUSE`, `ERROR`, `FUNCT`, `DATESTAMP`) VALUES
(3456, 29, NULL, 39, 30, '2014-04-17 01:13:25'),
(3457, 29, NULL, 39, 30, '2014-04-17 01:13:32'),
(3458, 29, NULL, 0, 30, '2014-04-17 01:13:39'),
(3459, 29, NULL, 39, 30, '2014-04-17 01:13:46'),
(3460, 29, NULL, 39, 30, '2014-04-17 01:13:54'),
(3461, 29, NULL, 0, 30, '2014-04-17 01:14:00'),
(3462, 29, NULL, 0, 30, '2014-04-17 01:14:06'),
(3463, 29, NULL, 0, 30, '2014-04-17 01:14:24'),
(3464, 10, NULL, 0, 1, '2014-04-17 09:05:28'),
(3465, 10, NULL, 0, 1, '2014-04-17 09:07:03'),
(3466, 10, NULL, 0, 1, '2014-04-17 09:07:41'),
(3467, 10, NULL, 0, 1, '2014-04-17 09:09:52'),
(3468, 10, NULL, 0, 1, '2014-04-17 09:10:32'),
(3469, 10, NULL, 0, 1, '2014-04-17 09:11:53'),
(3470, 10, NULL, 0, 1, '2014-04-17 09:13:17'),
(3471, 10, NULL, 0, 1, '2014-04-17 09:13:47'),
(3472, 10, NULL, 0, 1, '2014-04-17 09:14:25'),
(3473, 10, NULL, 0, 1, '2014-04-17 09:14:53'),
(3474, 10, NULL, 0, 1, '2014-04-17 09:23:40'),
(3475, 10, NULL, 0, 25, '2014-04-17 09:48:37'),
(3476, 10, NULL, 0, 1, '2014-04-17 09:54:05'),
(3477, 29, NULL, 0, 1, '2014-04-17 09:54:57'),
(3478, 10, NULL, 2, 30, '2014-04-17 10:24:26'),
(3479, 10, NULL, 0, 30, '2014-04-17 10:24:44'),
(3480, 29, NULL, 0, 1, '2014-04-17 10:41:14'),
(3481, 29, NULL, 0, 1, '2014-04-17 10:43:38'),
(3482, 29, NULL, 0, 1, '2014-04-17 10:47:47'),
(3483, 10, NULL, 0, 25, '2014-04-17 10:48:45'),
(3484, 29, NULL, 0, 1, '2014-04-17 10:51:28'),
(3485, 29, NULL, 0, 1, '2014-04-17 10:56:58'),
(3486, 29, NULL, 0, 1, '2014-04-17 10:59:40'),
(3487, 29, NULL, 0, 1, '2014-04-17 11:03:50'),
(3488, 29, NULL, 0, 1, '2014-04-17 11:13:50'),
(3489, 29, NULL, 0, 1, '2014-04-17 11:14:19'),
(3490, 29, NULL, 0, 1, '2014-04-17 11:17:10'),
(3491, 10, NULL, 0, 25, '2014-04-17 11:17:18'),
(3492, 29, NULL, 0, 1, '2014-04-17 11:23:17'),
(3493, 0, NULL, 3, 1, '2014-04-17 11:23:43'),
(3494, 0, NULL, 3, 1, '2014-04-17 11:25:05'),
(3495, 29, NULL, 0, 1, '2014-04-17 11:28:43'),
(3496, 0, NULL, 3, 1, '2014-04-17 11:28:59'),
(3497, 29, NULL, 0, 1, '2014-04-17 11:30:38'),
(3498, 29, NULL, 0, 1, '2014-04-17 11:34:32'),
(3499, 29, NULL, 0, 1, '2014-04-17 11:39:04'),
(3500, 29, NULL, 0, 1, '2014-04-17 11:41:42'),
(3501, 29, NULL, 0, 1, '2014-04-17 11:46:06'),
(3502, 29, NULL, 0, 25, '2014-04-17 11:47:19'),
(3503, 29, NULL, 0, 1, '2014-04-17 11:48:25'),
(3504, 145, 2, 0, 31, '2014-04-17 12:05:05'),
(3505, 145, 2, 0, 31, '2014-04-17 12:05:32'),
(3506, 444, 2, 64, 31, '2014-04-17 12:05:59'),
(3507, 145, 5, 66, 31, '2014-04-17 12:09:23'),
(3508, 145, 15, 0, 31, '2014-04-17 12:09:35'),
(3509, 145, NULL, 0, 32, '2014-04-17 12:17:07'),
(3510, 145, NULL, 0, 32, '2014-04-17 12:17:14'),
(3511, 445, NULL, 64, 32, '2014-04-17 12:17:23'),
(3512, 144, NULL, 0, 32, '2014-04-17 12:17:32'),
(3513, 29, NULL, 0, 25, '2014-04-17 13:47:18'),
(3514, 86, NULL, 2, 1, '2014-04-17 14:07:42'),
(3515, 29, NULL, 2, 1, '2014-04-17 14:07:50'),
(3516, 29, NULL, 0, 1, '2014-04-17 14:08:17'),
(3517, 29, NULL, 0, 1, '2014-04-17 14:13:20'),
(3518, 29, NULL, 0, 1, '2014-04-17 14:14:37'),
(3519, 29, NULL, 0, 1, '2014-04-17 14:16:30'),
(3520, 154, 16, 0, 31, '2014-04-17 14:17:43'),
(3521, 29, NULL, 0, 1, '2014-04-17 14:17:49'),
(3522, 29, 10, 10, 14, '2014-04-17 14:35:42'),
(3523, 2, NULL, 0, 25, '2014-04-17 14:57:27'),
(3524, 2, NULL, 0, 1, '2014-04-17 14:57:36'),
(3525, 2, NULL, 0, 1, '2014-04-17 14:59:55'),
(3526, 167, 8, 0, 31, '2014-04-17 15:02:05'),
(3527, 168, 10, 0, 31, '2014-04-17 15:02:19'),
(3528, 165, 10, 0, 31, '2014-04-17 15:02:26'),
(3529, 164, 9, 0, 31, '2014-04-17 15:02:37'),
(3530, 166, 9, 0, 31, '2014-04-17 15:02:52'),
(3531, 164, 7, 0, 31, '2014-04-17 15:03:03'),
(3532, 2, NULL, 0, 1, '2014-04-17 15:03:09'),
(3533, 29, NULL, 0, 1, '2014-04-17 15:04:28'),
(3534, 29, NULL, 0, 1, '2014-04-17 15:06:51'),
(3535, 29, NULL, 0, 25, '2014-04-17 15:07:58'),
(3536, 29, NULL, 0, 25, '2014-04-17 15:08:04'),
(3537, 29, NULL, 0, 1, '2014-04-17 15:08:18'),
(3538, 29, NULL, 0, 1, '2014-04-17 15:11:29'),
(3539, 169, 1, 0, 31, '2014-04-17 15:13:56'),
(3540, 171, 1, 0, 31, '2014-04-17 15:14:06'),
(3541, 170, 1, 0, 31, '2014-04-17 15:14:14'),
(3542, 172, 1, 0, 31, '2014-04-17 15:14:22'),
(3543, 173, 1, 0, 31, '2014-04-17 15:14:29'),
(3544, 175, 3, 0, 31, '2014-04-17 15:14:38'),
(3545, 184, 3, 0, 31, '2014-04-17 15:14:49'),
(3546, 174, 2, 0, 31, '2014-04-17 15:14:59'),
(3547, 176, 2, 0, 31, '2014-04-17 15:15:08'),
(3548, 29, NULL, 0, 1, '2014-04-17 15:15:28'),
(3549, 29, NULL, 0, 11, '2014-04-17 15:18:23'),
(3550, 29, 10, 10, 14, '2014-04-17 15:19:14'),
(3551, 29, 9, 0, 14, '2014-04-17 15:19:37'),
(3552, 29, 9, 0, 14, '2014-04-17 15:19:53'),
(3553, 29, 9, 0, 14, '2014-04-17 15:20:22'),
(3554, 29, 9, 0, 14, '2014-04-17 15:20:31'),
(3555, 29, 10, 0, 14, '2014-04-17 15:21:40'),
(3556, 29, 10, 0, 14, '2014-04-17 15:21:48'),
(3557, 29, NULL, 0, 1, '2014-04-17 15:22:06'),
(3558, 29, 9, 0, 21, '2014-04-17 15:23:15'),
(3559, 29, 9, 0, 21, '2014-04-17 15:23:20'),
(3560, 29, 9, 0, 21, '2014-04-17 15:23:25'),
(3561, 29, 10, 0, 21, '2014-04-17 15:23:30'),
(3562, 29, 10, 0, 21, '2014-04-17 15:23:34'),
(3563, NULL, NULL, 33, 21, '2014-04-17 15:23:38'),
(3564, 29, NULL, 0, 1, '2014-04-17 15:23:53'),
(3565, 29, 9, 0, 21, '2014-04-17 15:24:41'),
(3566, 29, NULL, 0, 1, '2014-04-17 15:24:46'),
(3567, 29, 9, 0, 14, '2014-04-17 15:26:09'),
(3568, 29, 9, 0, 14, '2014-04-17 15:26:24'),
(3569, 29, 9, 0, 14, '2014-04-17 15:27:17'),
(3570, 29, 9, 0, 14, '2014-04-17 15:27:29'),
(3571, 29, NULL, 0, 26, '2014-04-17 15:28:03'),
(3572, 29, NULL, 57, 28, '2014-04-17 15:28:41'),
(3573, 29, NULL, 0, 28, '2014-04-17 15:28:50'),
(3574, 29, NULL, 0, 28, '2014-04-17 15:28:59'),
(3575, 29, NULL, 0, 28, '2014-04-17 15:29:07'),
(3576, 29, NULL, 0, 26, '2014-04-17 15:29:32'),
(3577, 29, 9, 0, 14, '2014-04-17 15:30:17'),
(3578, 29, 9, 0, 14, '2014-04-17 15:30:55'),
(3579, 29, 9, 0, 14, '2014-04-17 15:31:12'),
(3580, 29, 9, 0, 14, '2014-04-17 15:31:28'),
(3581, 29, 9, 0, 14, '2014-04-17 15:31:44'),
(3582, NULL, 9, 21, 14, '2014-04-17 15:32:05'),
(3583, 29, 9, 0, 14, '2014-04-17 15:32:19'),
(3584, 29, NULL, 0, 28, '2014-04-17 15:33:16'),
(3585, 29, NULL, 0, 28, '2014-04-17 15:33:24'),
(3586, 29, NULL, 0, 28, '2014-04-17 15:33:33'),
(3587, 29, NULL, 0, 28, '2014-04-17 15:33:40'),
(3588, 29, NULL, 0, 28, '2014-04-17 15:33:47'),
(3589, 29, NULL, 0, 28, '2014-04-17 15:33:55'),
(3590, NULL, NULL, 33, 28, '2014-04-17 15:34:02'),
(3591, 29, 9, 0, 14, '2014-04-17 15:35:00'),
(3592, 29, 9, 0, 14, '2014-04-17 15:35:23'),
(3593, 29, 9, 0, 14, '2014-04-17 15:35:30'),
(3594, 29, 9, 0, 14, '2014-04-17 15:35:34'),
(3595, 29, 9, 0, 14, '2014-04-17 15:35:38'),
(3596, 29, NULL, 60, 28, '2014-04-17 15:36:35'),
(3597, 29, NULL, 60, 28, '2014-04-17 15:37:00'),
(3598, 29, NULL, 0, 26, '2014-04-17 15:37:13'),
(3599, 29, NULL, 0, 28, '2014-04-17 15:37:20'),
(3600, 29, NULL, 0, 28, '2014-04-17 15:37:29'),
(3601, 29, NULL, 0, 28, '2014-04-17 15:37:38'),
(3602, 29, NULL, 0, 28, '2014-04-17 15:37:47'),
(3603, 29, NULL, 0, 28, '2014-04-17 15:37:56'),
(3604, NULL, NULL, 33, 28, '2014-04-17 15:38:04'),
(3605, 29, NULL, 0, 1, '2014-04-17 15:38:14'),
(3606, 0, NULL, 3, 1, '2014-04-17 17:29:58'),
(3607, 103, NULL, 7, 3, '2014-04-17 17:30:12'),
(3608, 0, NULL, 2, 1, '2014-04-17 17:31:53'),
(3609, 0, NULL, 0, 1, '2014-04-17 17:32:50'),
(3610, 102, NULL, 0, 1, '2014-04-17 17:37:25'),
(3611, NULL, NULL, 6, 3, '2014-04-17 18:22:04'),
(3612, NULL, NULL, 6, 3, '2014-04-17 18:22:29'),
(3613, NULL, NULL, 6, 3, '2014-04-17 18:28:05'),
(3614, NULL, NULL, 6, 3, '2014-04-17 18:28:51'),
(3615, NULL, NULL, 7, 3, '2014-04-17 18:29:03'),
(3616, NULL, NULL, 7, 3, '2014-04-17 18:29:43'),
(3617, NULL, NULL, 0, 3, '2014-04-17 18:29:52'),
(3618, 29, NULL, 0, 1, '2014-04-17 18:41:31'),
(3619, 29, NULL, 0, 1, '2014-04-17 18:41:43'),
(3620, 29, NULL, 0, 1, '2014-04-17 18:43:29'),
(3621, 29, NULL, 0, 1, '2014-04-17 18:44:06'),
(3622, 29, NULL, 0, 1, '2014-04-17 18:49:36'),
(3623, 29, NULL, 0, 1, '2014-04-17 18:50:57'),
(3624, 29, NULL, 0, 1, '2014-04-17 19:02:57'),
(3625, NULL, NULL, 6, 3, '2014-04-17 19:03:23'),
(3626, NULL, NULL, 7, 3, '2014-04-17 19:03:31'),
(3627, 29, NULL, 0, 1, '2014-04-17 19:04:28'),
(3628, NULL, NULL, 7, 3, '2014-04-17 19:05:42'),
(3629, NULL, NULL, 7, 3, '2014-04-17 19:08:20'),
(3630, NULL, NULL, 7, 3, '2014-04-17 19:08:24'),
(3631, NULL, NULL, 7, 3, '2014-04-17 19:10:49'),
(3632, NULL, NULL, 0, 3, '2014-04-17 19:11:15'),
(3633, 29, NULL, 0, 1, '2014-04-17 19:12:47'),
(3634, NULL, NULL, 0, 3, '2014-04-17 19:13:42'),
(3635, 29, NULL, 0, 1, '2014-04-17 19:19:50'),
(3636, 29, NULL, 0, 1, '2014-04-17 19:21:01'),
(3637, NULL, NULL, 6, 3, '2014-04-17 19:22:47'),
(3638, 29, NULL, 0, 1, '2014-04-17 19:23:26'),
(3639, 29, NULL, 0, 1, '2014-04-17 19:26:13'),
(3640, 29, NULL, 0, 1, '2014-04-17 19:26:35'),
(3641, NULL, NULL, 0, 3, '2014-04-17 19:33:06'),
(3642, 29, NULL, 0, 1, '2014-04-17 19:34:01');

-- --------------------------------------------------------

--
-- Estructura de tabla para la tabla `HISTORYACTION`
--
-- Creación: 15-04-2014 a las 19:51:13
--

DROP TABLE IF EXISTS `HISTORYACTION`;
CREATE TABLE IF NOT EXISTS `HISTORYACTION` (
  `IDHISTORYACTION` int(11) NOT NULL AUTO_INCREMENT,
  `IDACTION` int(11) NOT NULL,
  `IDPROGRAM` int(11) DEFAULT NULL,
  `IDUSER` int(11) DEFAULT NULL,
  `RETURNCODE` varchar(50) NOT NULL,
  `DATESTAMP` timestamp NOT NULL DEFAULT CURRENT_TIMESTAMP,
  PRIMARY KEY (`IDHISTORYACTION`)
) ENGINE=InnoDB  DEFAULT CHARSET=utf8 AUTO_INCREMENT=225 ;

--
-- RELACIONES PARA LA TABLA `HISTORYACTION`:
--   `IDACTION`
--       `ACTIONS` -> `IDACTION`
--   `IDUSER`
--       `USERS` -> `IDUSER`
--

--
-- Volcado de datos para la tabla `HISTORYACTION`
--

INSERT INTO `HISTORYACTION` (`IDHISTORYACTION`, `IDACTION`, `IDPROGRAM`, `IDUSER`, `RETURNCODE`, `DATESTAMP`) VALUES
(5, 1, NULL, 67, '016748655', '2014-03-27 21:47:03'),
(6, 0, NULL, 67, '1', '2014-03-27 21:50:08'),
(7, 0, NULL, 29, '', '2014-03-27 21:50:18'),
(8, 0, NULL, 29, '', '2014-03-27 21:50:24'),
(9, 0, NULL, 29, '', '2014-03-27 21:50:40'),
(10, 0, NULL, 67, '01', '2014-03-27 21:52:17'),
(11, 0, NULL, 67, '03', '2014-03-27 21:52:48'),
(12, 1, NULL, 67, '167486552', '2014-03-27 22:01:23'),
(13, 1, NULL, 67, '167486552', '2014-03-27 22:01:55'),
(14, 1, NULL, 10, '167486552', '2014-03-27 22:12:15'),
(15, 0, NULL, 10, '03', '2014-03-27 22:16:16'),
(16, 0, NULL, 10, '03', '2014-03-27 22:20:21'),
(17, 0, NULL, 10, '03', '2014-03-27 22:20:46'),
(18, 0, NULL, 10, '03', '2014-03-27 22:21:09'),
(19, 0, NULL, 10, '03', '2014-03-27 22:21:57'),
(20, 0, NULL, 10, '03', '2014-03-27 22:21:58'),
(21, 0, NULL, 10, '03', '2014-03-27 22:21:59'),
(22, 0, NULL, 10, '03', '2014-03-27 22:22:01'),
(23, 0, NULL, 10, '03', '2014-03-27 22:22:01'),
(24, 0, NULL, 10, '03', '2014-03-27 22:22:02'),
(25, 0, NULL, 10, '03', '2014-03-27 22:22:03'),
(26, 0, NULL, 10, '03', '2014-03-27 22:22:04'),
(27, 1, NULL, 10, '167486552', '2014-03-27 22:27:15'),
(28, 0, NULL, 10, '03', '2014-03-27 22:27:16'),
(29, 1, NULL, 10, '167486552', '2014-03-27 22:27:18'),
(30, 1, NULL, 10, '167486552', '2014-03-27 22:27:20'),
(31, 1, NULL, 10, '167588552', '2014-03-27 22:27:56'),
(32, 1, NULL, 10, '167588552', '2014-03-27 22:29:26'),
(33, 0, NULL, 10, '03', '2014-03-27 22:29:50'),
(34, 1, NULL, 10, '167221352', '2014-03-27 22:30:04'),
(35, 1, NULL, 10, '167221352', '2014-03-27 22:33:27'),
(36, 1, NULL, 10, '167221352', '2014-03-27 22:33:31'),
(37, 0, NULL, 10, '03', '2014-03-27 22:35:01'),
(38, 0, NULL, 10, '03', '2014-03-27 22:35:10'),
(39, 0, NULL, 10, '03', '2014-03-27 22:48:58'),
(40, 0, NULL, 10, '03', '2014-03-27 22:49:01'),
(41, 0, NULL, 10, '03', '2014-03-27 22:49:04'),
(42, 1, NULL, 10, '0132167221352', '2014-03-27 22:49:11'),
(43, 1, NULL, 10, '0132167221352', '2014-03-27 22:49:14'),
(44, 1, NULL, 10, '0132167221352', '2014-03-27 22:49:17'),
(45, 0, NULL, 10, '03', '2014-03-27 22:50:17'),
(46, 0, NULL, 10, '03', '2014-03-27 22:50:21'),
(47, 0, NULL, 10, '03', '2014-03-27 22:50:26'),
(48, 0, NULL, 10, '03', '2014-03-27 22:50:29'),
(49, 0, NULL, 10, '03', '2014-03-27 22:50:32'),
(50, 0, NULL, 10, '03', '2014-03-27 22:50:35'),
(51, 0, NULL, 10, '03', '2014-03-27 22:50:38'),
(52, 0, NULL, 10, '03', '2014-03-27 22:50:41'),
(53, 0, NULL, 10, '03', '2014-03-27 22:52:07'),
(54, 0, NULL, 10, '03', '2014-03-27 22:52:11'),
(55, 0, NULL, 10, '03', '2014-03-27 22:52:14'),
(56, 0, NULL, 10, '03', '2014-03-27 22:52:19'),
(57, 0, NULL, 10, '03', '2014-03-27 22:52:32'),
(58, 0, NULL, 10, '03', '2014-03-27 22:52:36'),
(59, 1, NULL, 10, '0132167221352', '2014-03-27 22:53:03'),
(60, 1, NULL, 10, '0132167486552', '2014-03-27 22:53:10'),
(61, 1, NULL, 10, '0132167506952', '2014-03-27 22:53:13'),
(62, 0, NULL, 10, '03', '2014-03-27 22:55:49'),
(63, 0, NULL, 10, '03', '2014-03-27 22:57:13'),
(64, 0, NULL, 10, '03', '2014-03-27 22:58:06'),
(65, 0, NULL, 10, '03', '2014-03-27 22:59:49'),
(66, 0, NULL, 10, '03', '2014-03-27 23:06:48'),
(67, 0, NULL, 10, '03', '2014-03-27 23:07:14'),
(68, 0, NULL, 10, '03', '2014-03-27 23:07:26'),
(69, 0, NULL, 10, '03', '2014-03-27 23:10:35'),
(70, 0, NULL, 10, '03', '2014-03-27 23:11:02'),
(71, 0, NULL, 10, '03', '2014-03-27 23:11:24'),
(72, 0, NULL, 10, '03', '2014-03-27 23:13:15'),
(73, 0, NULL, 10, '03', '2014-03-27 23:13:45'),
(74, 0, NULL, 10, '03', '2014-03-27 23:13:48'),
(75, 0, NULL, 10, '03', '2014-03-27 23:14:24'),
(76, 0, NULL, 10, '03', '2014-03-27 23:14:29'),
(77, 1, NULL, 10, '0132167221352', '2014-03-27 23:15:10'),
(78, 1, NULL, 10, '0132167221352', '2014-03-27 23:22:54'),
(79, 0, NULL, 10, '03', '2014-03-27 23:23:36'),
(80, 0, NULL, 10, '03', '2014-03-27 23:23:36'),
(81, 0, NULL, 10, '03', '2014-03-27 23:23:37'),
(82, 0, NULL, 10, '03', '2014-03-27 23:23:37'),
(83, 0, NULL, 10, '03', '2014-03-27 23:23:37'),
(84, 0, NULL, 10, '03', '2014-03-27 23:23:37'),
(85, 0, NULL, 10, '03', '2014-03-27 23:23:38'),
(86, 0, NULL, 10, '03', '2014-03-27 23:23:38'),
(87, 0, NULL, 10, '03', '2014-03-27 23:23:39'),
(88, 0, NULL, 10, '03', '2014-03-27 23:23:39'),
(89, 0, NULL, 10, '03', '2014-03-27 23:23:39'),
(90, 0, NULL, 10, '03', '2014-03-27 23:23:39'),
(91, 0, NULL, 10, '03', '2014-03-27 23:23:40'),
(92, 0, NULL, 10, '03', '2014-03-27 23:23:40'),
(93, 0, NULL, 10, '03', '2014-03-27 23:23:40'),
(94, 0, NULL, 10, '03', '2014-03-27 23:23:40'),
(95, 0, NULL, 10, '03', '2014-03-27 23:23:40'),
(96, 0, NULL, 10, '03', '2014-03-27 23:23:41'),
(97, 0, NULL, 10, '03', '2014-03-27 23:23:41'),
(98, 0, NULL, 10, '03', '2014-03-27 23:23:43'),
(99, 0, NULL, 10, '03', '2014-03-27 23:24:00'),
(100, 0, NULL, 10, '03', '2014-03-27 23:24:00'),
(101, 0, NULL, 10, '03', '2014-03-27 23:24:00'),
(102, 0, NULL, 10, '03', '2014-03-27 23:24:01'),
(103, 0, NULL, 10, '03', '2014-03-27 23:24:01'),
(104, 0, NULL, 10, '03', '2014-03-27 23:24:01'),
(105, 0, NULL, 10, '03', '2014-03-27 23:24:01'),
(106, 0, NULL, 10, '03', '2014-03-27 23:24:01'),
(107, 0, NULL, 10, '03', '2014-03-27 23:24:01'),
(108, 0, NULL, 10, '03', '2014-03-27 23:24:01'),
(109, 0, NULL, 10, '03', '2014-03-27 23:24:01'),
(110, 0, NULL, 10, '03', '2014-03-27 23:24:01'),
(111, 0, NULL, 10, '03', '2014-03-27 23:24:01'),
(112, 0, NULL, 10, '03', '2014-03-27 23:24:02'),
(113, 0, NULL, 10, '03', '2014-03-27 23:24:02'),
(114, 0, NULL, 10, '03', '2014-03-27 23:24:02'),
(115, 0, NULL, 10, '03', '2014-03-27 23:24:02'),
(116, 0, NULL, 10, '03', '2014-03-27 23:24:02'),
(117, 0, NULL, 10, '03', '2014-03-27 23:24:02'),
(118, 0, NULL, 10, '03', '2014-03-27 23:24:02'),
(119, 0, NULL, 10, '03', '2014-03-27 23:24:02'),
(120, 0, NULL, 10, '03', '2014-03-27 23:24:03'),
(121, 0, NULL, 10, '03', '2014-03-27 23:24:03'),
(122, 0, NULL, 10, '03', '2014-03-27 23:24:03'),
(123, 0, NULL, 10, '03', '2014-03-27 23:24:03'),
(124, 0, NULL, 10, '03', '2014-03-27 23:24:04'),
(125, 0, NULL, 10, '03', '2014-03-27 23:24:04'),
(126, 0, NULL, 10, '03', '2014-03-27 23:24:04'),
(127, 0, NULL, 10, '03', '2014-03-27 23:24:04'),
(128, 0, NULL, 10, '03', '2014-03-27 23:24:04'),
(129, 0, NULL, 10, '03', '2014-03-27 23:24:04'),
(130, 0, NULL, 10, '03', '2014-03-27 23:24:04'),
(131, 0, NULL, 10, '03', '2014-03-27 23:24:05'),
(132, 0, NULL, 10, '03', '2014-03-27 23:24:05'),
(133, 0, NULL, 10, '03', '2014-03-27 23:24:05'),
(134, 0, NULL, 10, '03', '2014-03-27 23:24:05'),
(135, 0, NULL, 10, '03', '2014-03-27 23:24:05'),
(136, 0, NULL, 10, '03', '2014-03-27 23:24:06'),
(137, 0, NULL, 10, '03', '2014-03-27 23:24:06'),
(138, 0, NULL, 10, '03', '2014-03-27 23:24:06'),
(139, 0, NULL, 10, '03', '2014-03-27 23:24:07'),
(140, 0, NULL, 10, '03', '2014-03-27 23:24:07'),
(141, 0, NULL, 10, '03', '2014-03-27 23:24:07'),
(142, 0, NULL, 10, '03', '2014-03-27 23:24:08'),
(143, 0, NULL, 10, '03', '2014-03-27 23:24:08'),
(144, 0, NULL, 10, '03', '2014-03-27 23:24:09'),
(145, 1, NULL, 10, '0132167221352', '2014-03-27 23:24:11'),
(146, 1, NULL, 10, '0132167221352', '2014-03-27 23:24:28'),
(147, 1, NULL, 10, '0132167221352', '2014-03-27 23:24:35'),
(148, 1, NULL, 10, '0132167221352', '2014-03-27 23:26:29'),
(149, 1, NULL, 10, '0132167486552', '2014-03-27 23:41:07'),
(150, 1, NULL, 10, '0132167221352', '2014-03-27 23:41:19'),
(151, 0, NULL, 10, '03', '2014-03-27 23:42:11'),
(152, 0, NULL, 10, '03', '2014-03-27 23:42:14'),
(153, 0, NULL, 10, '03', '2014-03-27 23:42:26'),
(154, 0, NULL, 10, '03', '2014-03-27 23:42:29'),
(155, 0, NULL, 67, '01', '2014-03-27 23:49:07'),
(156, 0, NULL, 67, '01', '2014-03-27 23:49:09'),
(157, 0, NULL, 67, '01', '2014-03-27 23:49:10'),
(158, 0, NULL, 10, '03', '2014-03-28 00:14:41'),
(159, 0, NULL, 10, '03', '2014-03-28 00:14:43'),
(160, 0, NULL, 10, '03', '2014-03-28 09:09:02'),
(161, 0, NULL, 10, '03', '2014-03-28 09:09:06'),
(162, 0, NULL, 10, '03', '2014-03-28 09:09:19'),
(163, 0, NULL, 10, '03', '2014-03-28 09:17:34'),
(164, 0, NULL, 10, '03', '2014-03-28 09:19:06'),
(165, 0, NULL, 10, '03', '2014-03-28 09:19:08'),
(166, 1, NULL, 10, '0132167221352', '2014-03-28 10:52:40'),
(167, 1, NULL, 67, '0132167221352', '2014-03-28 10:54:21'),
(168, 0, NULL, 10, '03', '2014-03-28 10:54:26'),
(169, 1, NULL, 10, '0132167486552', '2014-03-28 10:56:13'),
(170, 0, NULL, 10, '03', '2014-03-28 12:17:07'),
(171, 0, NULL, 10, '03', '2014-03-28 12:17:10'),
(172, 0, NULL, 10, '03', '2014-03-28 12:23:19'),
(173, 0, NULL, 10, '03', '2014-03-28 12:23:22'),
(174, 0, NULL, 10, '03', '2014-03-28 15:03:27'),
(175, 0, NULL, 10, '03', '2014-03-28 15:03:28'),
(176, 0, NULL, 10, '03', '2014-03-29 15:00:03'),
(177, 0, NULL, 10, '03', '2014-03-29 15:11:48'),
(178, 1, NULL, 10, '0132167221352', '2014-03-31 14:33:56'),
(179, 1, NULL, 10, '0132167486552', '2014-03-31 14:34:01'),
(180, 1, NULL, 10, '0132167690552', '2014-03-31 14:34:14'),
(181, 1, NULL, 10, '0132167328452', '2014-03-31 14:34:18'),
(182, 1, NULL, 10, '0132167716052', '2014-03-31 14:34:20'),
(183, 1, NULL, 10, '0132167450852', '2014-03-31 14:34:24'),
(184, 1, NULL, 10, '0132167221352', '2014-03-31 14:34:59'),
(185, 1, NULL, 10, '0132167221352', '2014-03-31 15:09:15'),
(186, 1, NULL, 10, '0132167690552', '2014-03-31 15:09:21'),
(187, 1, NULL, 10, '0132167486552', '2014-03-31 15:09:45'),
(188, 1, NULL, 10, '0132167588552', '2014-03-31 15:09:48'),
(189, 1, NULL, 10, '0132167751752', '2014-03-31 15:09:50'),
(190, 1, NULL, 10, '0132167710952', '2014-03-31 15:09:53'),
(191, 1, NULL, 10, '0132167450852', '2014-03-31 15:09:57'),
(192, 0, NULL, 10, '03', '2014-03-31 15:23:51'),
(193, 0, NULL, 10, '03', '2014-03-31 15:23:57'),
(194, 0, NULL, 10, '03', '2014-03-31 21:29:47'),
(195, 0, NULL, 10, '03', '2014-04-02 14:36:12'),
(196, 0, NULL, 10, '03', '2014-04-02 14:36:14'),
(197, 0, NULL, 10, '03', '2014-04-02 14:38:54'),
(198, 1, NULL, 10, '013212', '2014-04-02 15:15:09'),
(199, 1, NULL, 10, '013202', '2014-04-02 15:15:10'),
(200, 0, NULL, 10, '03', '2014-04-02 15:15:12'),
(201, 1, NULL, 10, '0132167588552', '2014-04-02 15:21:37'),
(202, 1, NULL, 10, '0132167588552', '2014-04-02 15:24:38'),
(203, 1, NULL, 10, '0132167486552', '2014-04-02 15:34:11'),
(204, 0, NULL, 10, '03', '2014-04-02 15:35:24'),
(205, 0, NULL, 10, '03', '2014-04-03 09:59:16'),
(206, 0, NULL, 10, '03', '2014-04-03 09:59:18'),
(207, 0, NULL, 10, '03', '2014-04-03 10:03:10'),
(208, 0, NULL, 10, '03', '2014-04-03 10:03:11'),
(209, 1, NULL, 10, '0132167588552', '2014-04-03 13:18:26'),
(210, 1, NULL, 10, '0132167751752', '2014-04-03 13:18:26'),
(211, 1, NULL, 10, '0132167670152', '2014-04-03 13:18:26'),
(212, 0, NULL, 10, '03', '2014-04-03 13:18:30'),
(213, 0, NULL, 10, '03', '2014-04-03 13:18:32'),
(214, 1, NULL, 29, '013216746615132', '2014-04-03 16:15:03'),
(215, 0, NULL, 10, '03', '2014-04-04 08:01:33'),
(216, 0, NULL, 10, '03', '2014-04-04 08:01:34'),
(217, 1, NULL, 29, '013216750695132', '2014-04-04 18:55:03'),
(218, 1, NULL, 29, '013216754775132', '2014-04-04 18:55:06'),
(219, 1, NULL, 29, '013216750695132', '2014-04-04 18:55:07'),
(220, 1, NULL, 29, '013216750695132', '2014-04-04 18:55:08'),
(221, 1, NULL, 29, '013216750695132', '2014-04-04 18:55:08'),
(222, 1, NULL, 29, '013216771095132', '2014-04-04 18:55:10'),
(223, 1, NULL, 29, '013216771095132', '2014-04-04 18:55:11'),
(224, 1, NULL, 29, '013216722135132', '2014-04-04 18:55:13');

-- --------------------------------------------------------

--
-- Estructura Stand-in para la vista `houseRoomServiceActionVIEW`
--
DROP VIEW IF EXISTS `houseRoomServiceActionVIEW`;
CREATE TABLE IF NOT EXISTS `houseRoomServiceActionVIEW` (
`IDHOUSE` int(11)
,`HOUSENAME` varchar(50)
,`IDROOM` int(11)
,`ROOMNAME` varchar(50)
,`IDSERVICE` int(11)
,`SERVICENAME` varchar(50)
,`IDACTION` int(11)
,`ACTIONNAME` varchar(50)
);
-- --------------------------------------------------------

--
-- Estructura de tabla para la tabla `HOUSES`
--
-- Creación: 16-04-2014 a las 00:24:52
--

DROP TABLE IF EXISTS `HOUSES`;
CREATE TABLE IF NOT EXISTS `HOUSES` (
  `IDHOUSE` int(11) NOT NULL AUTO_INCREMENT,
  `IDUSER` int(11) NOT NULL,
  `HOUSENAME` varchar(50) NOT NULL,
  `IDIMAGE` int(11) DEFAULT NULL,
  `CITY` varchar(50) DEFAULT NULL,
  `COUNTRY` varchar(50) DEFAULT NULL,
  `GPS` varchar(50) DEFAULT NULL,
  `DATEBEGIN` timestamp NOT NULL DEFAULT CURRENT_TIMESTAMP,
  PRIMARY KEY (`IDHOUSE`),
  UNIQUE KEY `HOUSENAME` (`HOUSENAME`)
) ENGINE=InnoDB  DEFAULT CHARSET=utf8 AUTO_INCREMENT=24 ;

--
-- RELACIONES PARA LA TABLA `HOUSES`:
--   `IDIMAGE`
--       `IMAGES` -> `IDIMAGE`
--   `IDUSER`
--       `USERS` -> `IDUSER`
--

--
-- Volcado de datos para la tabla `HOUSES`
--

INSERT INTO `HOUSES` (`IDHOUSE`, `IDUSER`, `HOUSENAME`, `IDIMAGE`, `CITY`, `COUNTRY`, `GPS`, `DATEBEGIN`) VALUES
(9, 29, 'casaBertoldo', 38, 'madrid', NULL, NULL, '2014-03-23 19:51:49'),
(10, 2, 'Mansión', 38, 'madrid', 'spain', NULL, '2014-03-25 21:39:22');

-- --------------------------------------------------------

--
-- Estructura de tabla para la tabla `IMAGES`
--
-- Creación: 15-04-2014 a las 19:52:15
--

DROP TABLE IF EXISTS `IMAGES`;
CREATE TABLE IF NOT EXISTS `IMAGES` (
  `IDIMAGE` int(11) NOT NULL AUTO_INCREMENT,
  `IMAGE` mediumblob,
  `URL` varchar(500) DEFAULT NULL,
  `TYPE` varchar(50) NOT NULL,
  PRIMARY KEY (`IDIMAGE`)
) ENGINE=InnoDB  DEFAULT CHARSET=utf8 AUTO_INCREMENT=54 ;

--
-- Volcado de datos para la tabla `IMAGES`
--

INSERT INTO `IMAGES` (`IDIMAGE`, `IMAGE`, `URL`, `TYPE`) VALUES
(36, NULL, 'images/buggy_SMG_carlos_sainz_6.jpg', 'image/jpeg'),
(37, NULL, 'images/design_DB.png', 'image/png'),
(38, NULL, 'images/logo.png', 'image/png'),
(39, NULL, 'images/mysqlslap_2.png', 'image/png'),
(42, NULL, 'images/mysqlslap_1.png', 'image/png'),
(43, NULL, 'images/', ''),
(44, NULL, 'images/', ''),
(45, NULL, 'images/', ''),
(46, NULL, 'images/', ''),
(47, NULL, 'images/', ''),
(48, NULL, 'images/', ''),
(49, NULL, 'images/5138761528977023028.jpg', 'image/jpeg'),
(50, NULL, 'images/-5071688982451818767.jpg', 'image/jpeg'),
(51, NULL, 'images/3702102233458977864.jpg', 'image/jpeg'),
(52, NULL, 'images/IMG-20140414-WA0002.jpg', 'image/jpeg'),
(53, NULL, 'images/IMG-20140415-WA0001.jpg', 'image/jpeg');

-- --------------------------------------------------------

--
-- Estructura de tabla para la tabla `IRCODES`
--
-- Creación: 15-04-2014 a las 19:52:36
--

DROP TABLE IF EXISTS `IRCODES`;
CREATE TABLE IF NOT EXISTS `IRCODES` (
  `IDCODE` int(11) NOT NULL AUTO_INCREMENT,
  `TYPE` varchar(50) NOT NULL,
  `POWER` int(11) DEFAULT NULL,
  `SETUP` int(11) DEFAULT NULL,
  `MUTE` int(11) DEFAULT NULL,
  `FUNCTION` int(11) DEFAULT NULL,
  `UNO` int(11) DEFAULT NULL,
  `DOS` int(11) DEFAULT NULL,
  `TRES` int(11) DEFAULT NULL,
  `CUATRO` int(11) DEFAULT NULL,
  `CINCO` int(11) DEFAULT NULL,
  `SEIS` int(11) DEFAULT NULL,
  `SIETE` int(11) DEFAULT NULL,
  `OCHO` int(11) DEFAULT NULL,
  `NUEVE` int(11) DEFAULT NULL,
  `CERO` int(11) DEFAULT NULL,
  `FAV` int(11) DEFAULT NULL,
  `UP` int(11) DEFAULT NULL,
  `LEFT` int(11) DEFAULT NULL,
  `PLAY` int(11) DEFAULT NULL,
  `RIGHT` int(11) DEFAULT NULL,
  PRIMARY KEY (`IDCODE`)
) ENGINE=InnoDB  DEFAULT CHARSET=utf8 AUTO_INCREMENT=2 ;

--
-- Volcado de datos para la tabla `IRCODES`
--

INSERT INTO `IRCODES` (`IDCODE`, `TYPE`, `POWER`, `SETUP`, `MUTE`, `FUNCTION`, `UNO`, `DOS`, `TRES`, `CUATRO`, `CINCO`, `SEIS`, `SIETE`, `OCHO`, `NUEVE`, `CERO`, `FAV`, `UP`, `LEFT`, `PLAY`, `RIGHT`) VALUES
(1, 'TV NPG', 16722135, 16771605, 16745085, NULL, 16748655, 16758855, 16775175, 16756815, 16750695, 16767015, 16746615, 16754775, 16771095, 16730295, 16732845, 16769055, 16718055, 16720605, 16773135);

-- --------------------------------------------------------

--
-- Estructura Stand-in para la vista `loginVIEW`
--
DROP VIEW IF EXISTS `loginVIEW`;
CREATE TABLE IF NOT EXISTS `loginVIEW` (
`IDUSER` int(11)
,`USERNAME` varchar(50)
,`PASSWORD` varchar(50)
,`IDHOUSE` int(11)
,`HOUSENAME` varchar(50)
,`URL` varchar(500)
,`IDROOM` int(11)
,`ROOMNAME` varchar(50)
,`IDSERVICE` int(11)
,`SERVICENAME` varchar(50)
,`STATUS` varchar(50)
,`SERVICEINTERFACE` int(11)
,`IDACTION` int(11)
,`ACTIONNAME` varchar(50)
,`ACCESSNUMBER` int(11)
,`PERMISSIONNUMBER` int(11)
,`IDDEVICE` int(11)
,`IPADDRESS` varchar(500)
,`CITY` varchar(50)
,`COUNTRY` varchar(50)
);
-- --------------------------------------------------------

--
-- Estructura de tabla para la tabla `PERMISSIONS`
--
-- Creación: 12-04-2014 a las 14:42:08
--

DROP TABLE IF EXISTS `PERMISSIONS`;
CREATE TABLE IF NOT EXISTS `PERMISSIONS` (
  `IDUSER` int(11) NOT NULL DEFAULT '0',
  `IDSERVICE` int(11) NOT NULL,
  `PERMISSIONNUMBER` int(11) NOT NULL,
  `DATEBEGIN` date DEFAULT NULL,
  PRIMARY KEY (`IDUSER`,`IDSERVICE`),
  KEY `IDSERVICE` (`IDSERVICE`)
) ENGINE=InnoDB DEFAULT CHARSET=utf8;

--
-- RELACIONES PARA LA TABLA `PERMISSIONS`:
--   `IDUSER`
--       `USERS` -> `IDUSER`
--   `IDSERVICE`
--       `SERVICES` -> `IDSERVICE`
--

--
-- Volcado de datos para la tabla `PERMISSIONS`
--

INSERT INTO `PERMISSIONS` (`IDUSER`, `IDSERVICE`, `PERMISSIONNUMBER`, `DATEBEGIN`) VALUES
(29, 168, 1, NULL);

-- --------------------------------------------------------

--
-- Estructura de tabla para la tabla `PROGRAMACTIONS`
--
-- Creación: 17-04-2014 a las 15:06:41
--

DROP TABLE IF EXISTS `PROGRAMACTIONS`;
CREATE TABLE IF NOT EXISTS `PROGRAMACTIONS` (
  `IDPROGRAM` int(11) NOT NULL AUTO_INCREMENT,
  `IDUSER` int(11) NOT NULL,
  `IDACTION` int(11) NOT NULL,
  `DATA` varchar(50) DEFAULT NULL,
  `STARTTIME` timestamp NULL DEFAULT NULL,
  `DATEBEGIN` timestamp NOT NULL DEFAULT CURRENT_TIMESTAMP,
  PRIMARY KEY (`IDPROGRAM`),
  KEY `IDACTION` (`IDACTION`)
) ENGINE=InnoDB  DEFAULT CHARSET=utf8 AUTO_INCREMENT=94 ;

--
-- RELACIONES PARA LA TABLA `PROGRAMACTIONS`:
--   `IDUSER`
--       `USERS` -> `IDUSER`
--   `IDACTION`
--       `ACTIONS` -> `IDACTION`
--

--
-- Volcado de datos para la tabla `PROGRAMACTIONS`
--

INSERT INTO `PROGRAMACTIONS` (`IDPROGRAM`, `IDUSER`, `IDACTION`, `DATA`, `STARTTIME`, `DATEBEGIN`) VALUES
(73, 29, 220, 'ON', '2014-04-16 07:00:00', '2014-04-17 15:19:37'),
(74, 29, 220, 'OFF', '2014-04-16 08:00:00', '2014-04-17 15:19:53'),
(75, 29, 204, 'ON', '2014-04-16 07:00:00', '2014-04-17 15:20:22'),
(76, 29, 204, 'ON', '2014-04-16 08:00:00', '2014-04-17 15:20:30'),
(77, 29, 188, 'ON', '2014-04-16 07:00:00', '2014-04-17 15:21:37'),
(78, 29, 188, 'ON', '2014-04-16 08:00:00', '2014-04-17 15:21:48'),
(79, 29, 200, 'UP', '0000-00-00 00:00:00', '2014-04-17 15:26:09'),
(80, 29, 200, 'UP', '2014-04-16 07:00:00', '2014-04-17 15:26:24'),
(81, 29, 190, 'POWER', '2014-04-16 07:00:00', '2014-04-17 15:27:17'),
(82, 29, 190, 'ONE', '2014-04-16 07:00:00', '2014-04-17 15:27:29'),
(83, 29, 190, 'POWER', '0000-00-00 00:00:00', '2014-04-17 15:30:16'),
(84, 29, 200, 'DOWN', '0000-00-00 00:00:00', '2014-04-17 15:30:55'),
(85, 29, 204, 'OFF', '0000-00-00 00:00:00', '2014-04-17 15:31:11'),
(86, 29, 220, 'OFF', '0000-00-00 00:00:00', '2014-04-17 15:31:28'),
(87, 29, 202, 'CLOSE', '0000-00-00 00:00:00', '2014-04-17 15:31:44'),
(88, 29, 196, 'OFF', '0000-00-00 00:00:00', '2014-04-17 15:32:19'),
(89, 29, 190, 'ON', '0000-00-00 00:00:00', '2014-04-17 15:34:59'),
(90, 29, 190, 'ONE', '0000-00-00 00:00:00', '2014-04-17 15:35:22'),
(91, 29, 190, 'VOL ', '0000-00-00 00:00:00', '2014-04-17 15:35:30'),
(92, 29, 190, 'VOL ', '0000-00-00 00:00:00', '2014-04-17 15:35:33'),
(93, 29, 190, 'VOL ', '0000-00-00 00:00:00', '2014-04-17 15:35:36');

-- --------------------------------------------------------

--
-- Estructura de tabla para la tabla `REGISTRATIONS`
--
-- Creación: 17-04-2014 a las 18:32:39
--

DROP TABLE IF EXISTS `REGISTRATIONS`;
CREATE TABLE IF NOT EXISTS `REGISTRATIONS` (
  `IDUSER` int(11) NOT NULL AUTO_INCREMENT,
  `USERNAME` varchar(50) NOT NULL,
  `PASSWORD` varchar(50) NOT NULL,
  `EMAIL` varchar(50) NOT NULL,
  `HINT` varchar(50) DEFAULT NULL,
  `DATEBEGIN` timestamp NULL DEFAULT CURRENT_TIMESTAMP,
  `CODECONFIRM` varchar(50) NOT NULL,
  PRIMARY KEY (`IDUSER`),
  UNIQUE KEY `USERNAME` (`USERNAME`),
  UNIQUE KEY `EMAIL` (`EMAIL`)
) ENGINE=InnoDB  DEFAULT CHARSET=utf8 AUTO_INCREMENT=6 ;

--
-- Volcado de datos para la tabla `REGISTRATIONS`
--

INSERT INTO `REGISTRATIONS` (`IDUSER`, `USERNAME`, `PASSWORD`, `EMAIL`, `HINT`, `DATEBEGIN`, `CODECONFIRM`) VALUES
(1, 'XX', '', 'f', NULL, '2014-04-17 18:15:21', ''),
(2, 'Xxx', '', 'fd', '', '2014-04-17 18:29:52', '');

-- --------------------------------------------------------

--
-- Estructura de tabla para la tabla `ROOMS`
--
-- Creación: 15-04-2014 a las 19:53:32
--

DROP TABLE IF EXISTS `ROOMS`;
CREATE TABLE IF NOT EXISTS `ROOMS` (
  `IDROOM` int(11) NOT NULL AUTO_INCREMENT,
  `IDHOUSE` int(11) DEFAULT NULL,
  `IDUSER` int(11) DEFAULT NULL,
  `ROOMNAME` varchar(50) NOT NULL,
  `DATEBEGIN` timestamp NULL DEFAULT CURRENT_TIMESTAMP,
  PRIMARY KEY (`IDROOM`),
  UNIQUE KEY `ROOMNAME` (`ROOMNAME`,`IDHOUSE`),
  KEY `IDHOUSE` (`IDHOUSE`)
) ENGINE=InnoDB  DEFAULT CHARSET=utf8 AUTO_INCREMENT=25 ;

--
-- RELACIONES PARA LA TABLA `ROOMS`:
--   `IDUSER`
--       `USERS` -> `IDUSER`
--   `IDHOUSE`
--       `HOUSES` -> `IDHOUSE`
--

--
-- Volcado de datos para la tabla `ROOMS`
--

INSERT INTO `ROOMS` (`IDROOM`, `IDHOUSE`, `IDUSER`, `ROOMNAME`, `DATEBEGIN`) VALUES
(1, 9, 29, 'cocina', '2014-03-23 20:00:53'),
(2, 9, 29, 'terraza', '2014-03-23 20:01:32'),
(3, 9, 29, 'desvan', '2014-04-15 14:20:36'),
(7, 10, 2, 'Livingroom', '2014-03-25 21:40:27'),
(8, 10, 2, 'Garage', '2014-03-25 21:41:04'),
(9, 10, 2, 'Kitchen', '2014-03-25 21:41:17'),
(10, 10, 2, 'Garden', '2014-03-25 21:41:31');

-- --------------------------------------------------------

--
-- Estructura Stand-in para la vista `scheduleVIEW`
--
DROP VIEW IF EXISTS `scheduleVIEW`;
CREATE TABLE IF NOT EXISTS `scheduleVIEW` (
`IDTASK` int(11)
,`TASKNAME` varchar(50)
,`IDPROGRAM` int(11)
,`IDACTION` int(11)
,`IDHOUSE` int(11)
,`HOUSENAME` varchar(50)
,`IDROOM` int(11)
,`ROOMNAME` varchar(50)
,`IDSERVICE` int(11)
,`SERVICENAME` varchar(50)
,`DATA` varchar(50)
,`STARTTIME` timestamp
);
-- --------------------------------------------------------

--
-- Estructura de tabla para la tabla `SERVICES`
--
-- Creación: 16-04-2014 a las 15:29:54
--

DROP TABLE IF EXISTS `SERVICES`;
CREATE TABLE IF NOT EXISTS `SERVICES` (
  `IDSERVICE` int(11) NOT NULL AUTO_INCREMENT,
  `IDROOM` int(11) DEFAULT NULL,
  `IDDEVICE` int(11) DEFAULT NULL,
  `SERVICENAME` varchar(50) NOT NULL,
  `SERVICEINTERFACE` int(11) NOT NULL,
  `STATUS` varchar(50) DEFAULT NULL,
  `ENGLISH` varchar(50) DEFAULT NULL,
  `SPANISH` varchar(50) DEFAULT NULL,
  PRIMARY KEY (`IDSERVICE`),
  UNIQUE KEY `UNQ_IDROOM_IDDEVICE_SERVICENAME` (`IDROOM`,`IDDEVICE`,`SERVICENAME`),
  KEY `IDDEVICE` (`IDDEVICE`)
) ENGINE=InnoDB  DEFAULT CHARSET=utf8 AUTO_INCREMENT=185 ;

--
-- RELACIONES PARA LA TABLA `SERVICES`:
--   `IDROOM`
--       `ROOMS` -> `IDROOM`
--   `IDDEVICE`
--       `DEVICES` -> `IDDEVICE`
--

--
-- Volcado de datos para la tabla `SERVICES`
--

INSERT INTO `SERVICES` (`IDSERVICE`, `IDROOM`, `IDDEVICE`, `SERVICENAME`, `SERVICEINTERFACE`, `STATUS`, `ENGLISH`, `SPANISH`) VALUES
(0, NULL, 0, 'TV', 1, '[0,0,0]', 'Universal remote for TV.', 'Mando universal para televición.'),
(1, NULL, 0, 'INTERCOM', 3, '[]', 'For intercom.', 'Para el telefonillo.'),
(2, NULL, 0, 'PLUG', 4, '[0]', 'Control strips.', 'Control de regletas.'),
(3, NULL, 0, 'AIRCONDITIONING', 5, '[0,0,0]', 'Control of air conditioning.', 'Control del aire acondicionado.'),
(4, NULL, 0, 'SENSOR', 6, '[0,0,0]', 'Sensors.', 'Sensores.'),
(5, NULL, 0, 'BLINDS', 7, '[0,0]', 'Blinds control.', 'Control de persianas.'),
(6, NULL, 0, 'DOOR', 8, '[0,0]', 'Control gates.', 'Control de puertas.'),
(7, NULL, 0, 'LIGHTS', 2, '[0,0]', 'Control of lights.', 'Control de luces.'),
(161, NULL, 43, 'TV', 1, '[0,0,0]', 'Universal remote for TV.', 'Mando universal para televición.'),
(162, NULL, 43, 'INTERCOM', 3, '[]', 'For intercom.', 'Para el telefonillo.'),
(163, NULL, 43, 'PLUG', 4, '[0]', 'Control strips.', 'Control de regletas.'),
(164, 7, 43, 'AIRCONDITIONING', 5, '[0,0,0]', 'Control of air conditioning.', 'Control del aire acondicionado.'),
(165, 10, 43, 'SENSOR', 6, '[0,0,0]', 'Sensors.', 'Sensores.'),
(166, 9, 43, 'BLINDS', 7, '[0,0]', 'Blinds control.', 'Control de persianas.'),
(167, 8, 43, 'DOOR', 8, '[0,0]', 'Control gates.', 'Control de puertas.'),
(168, 10, 43, 'LIGHTS', 2, '[0,0]', 'Control of lights.', 'Control de luces.'),
(169, 1, 44, 'TV', 1, '[0,0,0]', 'Universal remote for TV.', 'Mando universal para televición.'),
(170, 1, 44, 'INTERCOM', 3, '[]', 'For intercom.', 'Para el telefonillo.'),
(171, 1, 44, 'PLUG', 4, '[0]', 'Control strips.', 'Control de regletas.'),
(172, 1, 44, 'AIRCONDITIONING', 5, '[0,0,0]', 'Control of air conditioning.', 'Control del aire acondicionado.'),
(173, 1, 44, 'SENSOR', 6, '[0,0,0]', 'Sensors.', 'Sensores.'),
(174, 2, 44, 'BLINDS', 7, '[0,0]', 'Blinds control.', 'Control de persianas.'),
(175, 3, 44, 'DOOR', 8, '[0,0]', 'Control gates.', 'Control de puertas.'),
(176, 2, 44, 'LIGHTS', 2, '[0,0]', 'Control of lights.', 'Control de luces.'),
(177, NULL, 45, 'TV', 1, '[0,0,0]', 'Universal remote for TV.', 'Mando universal para televición.'),
(178, NULL, 45, 'INTERCOM', 3, '[]', 'For intercom.', 'Para el telefonillo.'),
(179, NULL, 45, 'PLUG', 4, '[0]', 'Control strips.', 'Control de regletas.'),
(180, NULL, 45, 'AIRCONDITIONING', 5, '[0,0,0]', 'Control of air conditioning.', 'Control del aire acondicionado.'),
(181, NULL, 45, 'SENSOR', 6, '[0,0,0]', 'Sensors.', 'Sensores.'),
(182, NULL, 45, 'BLINDS', 7, '[0,0]', 'Blinds control.', 'Control de persianas.'),
(183, NULL, 45, 'DOOR', 8, '[0,0]', 'Control gates.', 'Control de puertas.'),
(184, 3, 45, 'LIGHTS', 2, '[0,0]', 'Control of lights.', 'Control de luces.');

-- --------------------------------------------------------

--
-- Estructura Stand-in para la vista `singleProgramVIEW`
--
DROP VIEW IF EXISTS `singleProgramVIEW`;
CREATE TABLE IF NOT EXISTS `singleProgramVIEW` (
`IDUSER` int(11)
,`USERNAME` varchar(50)
,`IDPROGRAM` int(11)
,`DATA` varchar(50)
,`STARTTIME` timestamp
,`IDHOUSE` int(11)
,`HOUSENAME` varchar(50)
,`IDROOM` int(11)
,`ROOMNAME` varchar(50)
,`IDSERVICE` int(11)
,`SERVICENAME` varchar(50)
,`IDACTION` int(11)
,`ACTIONNAME` varchar(50)
);
-- --------------------------------------------------------

--
-- Estructura de tabla para la tabla `SOFTWARE`
--
-- Creación: 15-04-2014 a las 19:54:17
--

DROP TABLE IF EXISTS `SOFTWARE`;
CREATE TABLE IF NOT EXISTS `SOFTWARE` (
  `DEVICE` int(11) NOT NULL,
  `VERSION` int(11) NOT NULL,
  `URL` varchar(500) NOT NULL,
  UNIQUE KEY `DEVICE` (`DEVICE`,`VERSION`)
) ENGINE=InnoDB DEFAULT CHARSET=utf8;

-- --------------------------------------------------------

--
-- Estructura de tabla para la tabla `STADISTICS`
--
-- Creación: 12-04-2014 a las 14:42:06
--

DROP TABLE IF EXISTS `STADISTICS`;
CREATE TABLE IF NOT EXISTS `STADISTICS` (
  `Y` bigint(21) NOT NULL DEFAULT '0',
  `X` datetime DEFAULT NULL
) ENGINE=InnoDB DEFAULT CHARSET=utf8;

--
-- Volcado de datos para la tabla `STADISTICS`
--

INSERT INTO `STADISTICS` (`Y`, `X`) VALUES
(4, '2014-04-01 00:00:00'),
(8, '2014-04-01 01:00:00'),
(2, '2014-04-01 01:30:00'),
(2, '2014-04-01 02:00:00'),
(1, '2014-04-01 11:30:00'),
(1, '2014-04-02 10:30:00'),
(5, '2014-04-02 12:30:00'),
(2, '2014-04-02 16:00:00'),
(19, '2014-04-02 16:30:00'),
(16, '2014-04-02 17:00:00'),
(9, '2014-04-02 17:30:00'),
(4, '2014-04-02 18:00:00'),
(1, '2014-04-02 18:30:00'),
(5, '2014-04-03 11:00:00'),
(10, '2014-04-03 11:30:00'),
(10, '2014-04-03 12:00:00'),
(3, '2014-04-03 13:00:00'),
(11, '2014-04-03 13:30:00'),
(3, '2014-04-03 14:00:00'),
(6, '2014-04-03 15:00:00'),
(6, '2014-04-03 16:00:00'),
(8, '2014-04-03 16:30:00'),
(8, '2014-04-03 17:30:00'),
(3, '2014-04-03 18:00:00'),
(2, '2014-04-03 21:00:00'),
(9, '2014-04-03 22:00:00'),
(10, '2014-04-03 23:30:00'),
(7, '2014-04-04 00:00:00'),
(7, '2014-04-04 00:30:00'),
(2, '2014-04-04 01:00:00'),
(1, '2014-04-04 08:00:00'),
(4, '2014-04-04 10:00:00'),
(6, '2014-04-04 15:30:00'),
(7, '2014-04-04 16:00:00'),
(14, '2014-04-04 16:30:00'),
(11, '2014-04-04 17:00:00'),
(5, '2014-04-04 17:30:00'),
(2, '2014-04-04 19:00:00'),
(5, '2014-04-04 19:30:00'),
(1, '2014-04-04 20:00:00'),
(11, '2014-04-04 20:30:00'),
(27, '2014-04-04 22:00:00'),
(1, '2014-04-04 22:30:00'),
(1, '2014-04-04 23:00:00'),
(13, '2014-04-05 11:30:00'),
(9, '2014-04-05 12:00:00'),
(1, '2014-04-05 12:30:00'),
(5, '2014-04-05 13:00:00'),
(16, '2014-04-05 14:30:00'),
(6, '2014-04-05 15:00:00'),
(7, '2014-04-05 16:00:00'),
(1, '2014-04-05 16:30:00'),
(1, '2014-04-05 18:00:00');

-- --------------------------------------------------------

--
-- Estructura de tabla para la tabla `TASKPROGRAM`
--
-- Creación: 12-04-2014 a las 14:42:09
--

DROP TABLE IF EXISTS `TASKPROGRAM`;
CREATE TABLE IF NOT EXISTS `TASKPROGRAM` (
  `IDTASK` int(11) NOT NULL,
  `IDPROGRAM` int(11) NOT NULL,
  UNIQUE KEY `1_ACTION_1_TASK` (`IDTASK`,`IDPROGRAM`),
  KEY `IDPROGRAM` (`IDPROGRAM`)
) ENGINE=InnoDB DEFAULT CHARSET=utf8;

--
-- RELACIONES PARA LA TABLA `TASKPROGRAM`:
--   `IDTASK`
--       `TASKS` -> `IDTASK`
--   `IDPROGRAM`
--       `PROGRAMACTIONS` -> `IDPROGRAM`
--

--
-- Volcado de datos para la tabla `TASKPROGRAM`
--

INSERT INTO `TASKPROGRAM` (`IDTASK`, `IDPROGRAM`) VALUES
(24, 73),
(24, 74),
(24, 75),
(24, 76),
(24, 77),
(24, 78);

-- --------------------------------------------------------

--
-- Estructura de tabla para la tabla `TASKS`
--
-- Creación: 15-04-2014 a las 19:55:00
--

DROP TABLE IF EXISTS `TASKS`;
CREATE TABLE IF NOT EXISTS `TASKS` (
  `IDTASK` int(11) NOT NULL AUTO_INCREMENT,
  `TASKNAME` varchar(50) NOT NULL,
  `IDUSER` int(11) DEFAULT NULL,
  `DESCRIPTION` varchar(50) DEFAULT NULL,
  ` FREQUENCY` timestamp NULL DEFAULT NULL,
  `DATEBEGIN` timestamp NOT NULL DEFAULT CURRENT_TIMESTAMP,
  PRIMARY KEY (`IDTASK`),
  KEY `IDUSER` (`IDUSER`)
) ENGINE=InnoDB  DEFAULT CHARSET=utf8 AUTO_INCREMENT=25 ;

--
-- RELACIONES PARA LA TABLA `TASKS`:
--   `IDUSER`
--       `USERS` -> `IDUSER`
--

--
-- Volcado de datos para la tabla `TASKS`
--

INSERT INTO `TASKS` (`IDTASK`, `TASKNAME`, `IDUSER`, `DESCRIPTION`, ` FREQUENCY`, `DATEBEGIN`) VALUES
(22, 'LAVADORA', 29, '', '0000-00-00 00:00:00', '2014-04-16 01:10:54'),
(23, 'control de las persianas', 29, '', '0000-00-00 00:00:00', '2014-04-16 23:32:52'),
(24, 'control programado de luces', 29, '', '0000-00-00 00:00:00', '2014-04-17 15:18:23');

-- --------------------------------------------------------

--
-- Estructura Stand-in para la vista `taskVIEW`
--
DROP VIEW IF EXISTS `taskVIEW`;
CREATE TABLE IF NOT EXISTS `taskVIEW` (
`IDUSER` int(11)
,`USERNAME` varchar(50)
,`IDTASK` int(11)
,`TASKNAME` varchar(50)
,`DESCRIPTION` varchar(50)
,`STARTTIME` timestamp
,`IDPROGRAM` int(11)
,`IDHOUSE` int(11)
,`HOUSENAME` varchar(50)
,`IDROOM` int(11)
,`ROOMNAME` varchar(50)
,`IDSERVICE` int(11)
,`SERVICENAME` varchar(50)
,`IDACTION` int(11)
,`ACTIONNAME` varchar(50)
,`DATA` varchar(50)
);
-- --------------------------------------------------------

--
-- Estructura de tabla para la tabla `USERS`
--
-- Creación: 15-04-2014 a las 19:55:29
--

DROP TABLE IF EXISTS `USERS`;
CREATE TABLE IF NOT EXISTS `USERS` (
  `IDUSER` int(11) NOT NULL AUTO_INCREMENT,
  `USERNAME` varchar(50) NOT NULL,
  `PASSWORD` varchar(50) NOT NULL,
  `EMAIL` varchar(50) NOT NULL,
  `HINT` varchar(50) DEFAULT NULL,
  `DATEBEGIN` timestamp NULL DEFAULT CURRENT_TIMESTAMP,
  PRIMARY KEY (`IDUSER`),
  UNIQUE KEY `USERNAME` (`USERNAME`),
  UNIQUE KEY `EMAIL` (`EMAIL`)
) ENGINE=InnoDB  DEFAULT CHARSET=utf8 AUTO_INCREMENT=106 ;

--
-- Volcado de datos para la tabla `USERS`
--

INSERT INTO `USERS` (`IDUSER`, `USERNAME`, `PASSWORD`, `EMAIL`, `HINT`, `DATEBEGIN`) VALUES
(0, '', '®☺☻♪‼!!‼└┴ÝÛåõ­­¶ §○BAb96ÙÍ¸∟ÙAAıä÷☻M♀7☼1VY8ü♂b56‗', '', 'administrator register.', '2014-04-15 19:41:51'),
(1, 'alex', '9393cbd5cb36eb245c02b163d6ca969a', 'algcano@ucm.es', 'hint', '2014-03-11 04:00:00'),
(2, 'Colin Tirado', '87e2763c408e3dc4adc3e4177566b3b2', 'ctiradocaa@gmail.com', 'Adivina adivinanza.', '2014-03-25 21:36:35'),
(10, 'luis', '502ff82f7f1f8218dd41201fe4353687', 'luis@gmail.com', 'what about me?', '2014-11-13 05:00:00'),
(29, 'bertoldo', '6e1fd914c4532f9325e4107bd68e32c7', 'bertoldo@gmail.com', 'what about me?', '2014-03-23 04:00:01'),
(64, 'sobek', '69dafe8b5866478aea48f3df384820', 'Sergioprimo23@Gmail.com', NULL, '2014-03-27 15:17:28'),
(65, 'beaordepe', 'b32676f518207bc993997bf8b58adacc', 'beaordepe@gmail.com', NULL, '2014-03-27 15:58:12'),
(66, 'Ismael', 'e1adc3949ba59abbe56e057f2f883e', 'irequena@outlook.com', NULL, '2014-03-27 16:14:53'),
(67, 'example', '1a79a4d60de6718e8e5b326e338ae533', 'example@gmail.com', 'about me.', '2014-03-27 20:49:06'),
(68, 'asd', '7815696ecbf1c96e6894b779456d33e', 'asd@', '', '2014-03-28 12:15:55'),
(71, 'Sam', '332532dcfaa1cbf61e2a266bd723612c', 'sam@gmail.com', 'Remember me.', '2014-04-02 09:29:18'),
(75, 'd', 's', 'd', 'd', '2014-04-08 09:59:21'),
(77, 'beta', 'f', 'aasdf@asdf', 'hint', '2014-04-08 10:18:30'),
(80, 'dd', 'fgh', 'das', 'df', '2014-04-09 09:09:05'),
(83, 'x', '7815696ecbf1c96e6894b779456d330e', 'z@f', ' ', '2014-04-09 13:33:28'),
(97, 'alejandroladrondeguevara', '534b44a19bf18d20b71ecc4eb77c572f', 'alejandroladrondeguevara@gmail.com', 'about me.', '2014-04-15 10:45:56'),
(103, 'w', '84e13febc22182a56f123e2c1ddbc47f', 'g', '', '2014-04-15 23:58:11');

-- --------------------------------------------------------

--
-- Estructura para la vista `commandVIEW`
--
DROP TABLE IF EXISTS `commandVIEW`;

CREATE ALGORITHM=UNDEFINED DEFINER=`alex`@`localhost` SQL SECURITY DEFINER VIEW `commandVIEW` AS select `USERS`.`IDUSER` AS `IDUSER`,`USERS`.`USERNAME` AS `USERNAME`,`COMMANDS`.`IDCOMMAND` AS `IDCOMMAND`,`COMMANDS`.`COMMANDNAME` AS `COMMANDNAME`,`COMMAND_PROGRAM`.`POS` AS `POS`,`PROGRAMACTIONS`.`IDPROGRAM` AS `IDPROGRAM`,`HOUSES`.`IDHOUSE` AS `IDHOUSE`,`HOUSES`.`HOUSENAME` AS `HOUSENAME`,`ROOMS`.`IDROOM` AS `IDROOM`,`ROOMS`.`ROOMNAME` AS `ROOMNAME`,`SERVICES`.`IDSERVICE` AS `IDSERVICE`,`SERVICES`.`SERVICENAME` AS `SERVICENAME`,`ACTIONS`.`IDACTION` AS `IDACTION`,`ACTIONS`.`ACTIONNAME` AS `ACTIONNAME`,`PROGRAMACTIONS`.`DATA` AS `DATA` from (((((((`USERS` left join `COMMANDS` on((`USERS`.`IDUSER` = `COMMANDS`.`IDUSER`))) left join `COMMAND_PROGRAM` on((`COMMANDS`.`IDCOMMAND` = `COMMAND_PROGRAM`.`IDCOMMAND`))) left join `PROGRAMACTIONS` on((`COMMAND_PROGRAM`.`IDPROGRAM` = `PROGRAMACTIONS`.`IDPROGRAM`))) left join `ACTIONS` on((`PROGRAMACTIONS`.`IDACTION` = `ACTIONS`.`IDACTION`))) left join `SERVICES` on((`ACTIONS`.`IDSERVICE` = `SERVICES`.`IDSERVICE`))) left join `ROOMS` on((`SERVICES`.`IDROOM` = `ROOMS`.`IDROOM`))) left join `HOUSES` on((`ROOMS`.`IDHOUSE` = `HOUSES`.`IDHOUSE`))) order by `USERS`.`USERNAME`,`COMMANDS`.`COMMANDNAME`,`COMMAND_PROGRAM`.`POS`,`HOUSES`.`HOUSENAME`,`ROOMS`.`ROOMNAME`,`SERVICES`.`SERVICENAME`,`ACTIONS`.`ACTIONNAME`;

-- --------------------------------------------------------

--
-- Estructura para la vista `countHitsVIEW`
--
DROP TABLE IF EXISTS `countHitsVIEW`;

CREATE ALGORITHM=UNDEFINED DEFINER=`alex`@`localhost` SQL SECURITY DEFINER VIEW `countHitsVIEW` AS select `USERS`.`USERNAME` AS `USERNAME`,`FUNCTIONS`.`FUNCTION` AS `FUNCTION`,count(0) AS `TOTAL`,sum(if((`HISTORYACCESS`.`ERROR` = 0),1,0)) AS `SUCCESS`,sum(if((`HISTORYACCESS`.`ERROR` <> 0),1,0)) AS `ERROR`,sum(if((`HISTORYACCESS`.`ERROR` = 2),1,0)) AS `PASSWORD`,sum(if((`HISTORYACCESS`.`ERROR` = 4),1,0)) AS `INTEGRITY` from (((`USERS` left join `HISTORYACCESS` on((`USERS`.`IDUSER` = `HISTORYACCESS`.`IDUSER`))) left join `FUNCTIONS` on((`HISTORYACCESS`.`FUNCT` = `FUNCTIONS`.`FUNCT`))) join `ERRORS` on((`ERRORS`.`ERRORCODE` = `HISTORYACCESS`.`ERROR`))) group by `USERS`.`USERNAME`,`FUNCTIONS`.`FUNCTION` order by count(0) desc;

-- --------------------------------------------------------

--
-- Estructura para la vista `deviceVIEW`
--
DROP TABLE IF EXISTS `deviceVIEW`;

CREATE ALGORITHM=UNDEFINED DEFINER=`alex`@`localhost` SQL SECURITY DEFINER VIEW `deviceVIEW` AS select `USERS`.`IDUSER` AS `IDUSER`,`USERS`.`USERNAME` AS `USERNAME`,`DEVICES`.`IDDEVICE` AS `IDDEVICE`,`DEVICES`.`DEVICENAME` AS `DEVICENAME`,`DEVICES`.`IPADDRESS` AS `IPADDRESS`,`DEVICES`.`SERIAL` AS `SERIAL`,`DEVICES`.`ENGLISH` AS `ENGLISH`,`DEVICES`.`SPANISH` AS `SPANISH`,`SERVICES`.`IDSERVICE` AS `IDSERVICE`,`SERVICES`.`SERVICENAME` AS `SERVICENAME`,`SERVICES`.`IDROOM` AS `IDROOM`,`ROOMS`.`ROOMNAME` AS `ROOMNAME`,`HOUSES`.`IDHOUSE` AS `IDHOUSE`,`HOUSES`.`HOUSENAME` AS `HOUSENAME` from ((((`DEVICES` join `USERS` on((`DEVICES`.`IDUSER` = `USERS`.`IDUSER`))) left join `SERVICES` on((`DEVICES`.`IDDEVICE` = `SERVICES`.`IDDEVICE`))) left join `ROOMS` on((`SERVICES`.`IDROOM` = `ROOMS`.`IDROOM`))) left join `HOUSES` on((`ROOMS`.`IDHOUSE` = `HOUSES`.`IDHOUSE`))) order by `USERS`.`IDUSER`,`DEVICES`.`IDDEVICE`;

-- --------------------------------------------------------

--
-- Estructura para la vista `houseRoomServiceActionVIEW`
--
DROP TABLE IF EXISTS `houseRoomServiceActionVIEW`;

CREATE ALGORITHM=UNDEFINED DEFINER=`alex`@`localhost` SQL SECURITY DEFINER VIEW `houseRoomServiceActionVIEW` AS select `HOUSES`.`IDHOUSE` AS `IDHOUSE`,`HOUSES`.`HOUSENAME` AS `HOUSENAME`,`ROOMS`.`IDROOM` AS `IDROOM`,`ROOMS`.`ROOMNAME` AS `ROOMNAME`,`SERVICES`.`IDSERVICE` AS `IDSERVICE`,`SERVICES`.`SERVICENAME` AS `SERVICENAME`,`ACTIONS`.`IDACTION` AS `IDACTION`,`ACTIONS`.`ACTIONNAME` AS `ACTIONNAME` from (((`HOUSES` join `ROOMS` on((`HOUSES`.`IDHOUSE` = `ROOMS`.`IDHOUSE`))) join `SERVICES` on((`ROOMS`.`IDROOM` = `SERVICES`.`IDROOM`))) join `ACTIONS` on((`SERVICES`.`IDSERVICE` = `ACTIONS`.`IDSERVICE`))) order by `HOUSES`.`IDHOUSE`,`ROOMS`.`IDROOM`,`SERVICES`.`IDSERVICE`,`ACTIONS`.`IDACTION`;

-- --------------------------------------------------------

--
-- Estructura para la vista `loginVIEW`
--
DROP TABLE IF EXISTS `loginVIEW`;

CREATE ALGORITHM=UNDEFINED DEFINER=`alex`@`localhost` SQL SECURITY DEFINER VIEW `loginVIEW` AS select `USERS`.`IDUSER` AS `IDUSER`,`USERS`.`USERNAME` AS `USERNAME`,`USERS`.`PASSWORD` AS `PASSWORD`,`HOUSES`.`IDHOUSE` AS `IDHOUSE`,`HOUSES`.`HOUSENAME` AS `HOUSENAME`,`IMAGES`.`URL` AS `URL`,`ROOMS`.`IDROOM` AS `IDROOM`,`ROOMS`.`ROOMNAME` AS `ROOMNAME`,`SERVICES`.`IDSERVICE` AS `IDSERVICE`,`SERVICES`.`SERVICENAME` AS `SERVICENAME`,`SERVICES`.`STATUS` AS `STATUS`,`SERVICES`.`SERVICEINTERFACE` AS `SERVICEINTERFACE`,`ACTIONS`.`IDACTION` AS `IDACTION`,`ACTIONS`.`ACTIONNAME` AS `ACTIONNAME`,`ACCESSHOUSE`.`ACCESSNUMBER` AS `ACCESSNUMBER`,`PERMISSIONS`.`PERMISSIONNUMBER` AS `PERMISSIONNUMBER`,`DEVICES`.`IDDEVICE` AS `IDDEVICE`,`DEVICES`.`IPADDRESS` AS `IPADDRESS`,`HOUSES`.`CITY` AS `CITY`,`HOUSES`.`COUNTRY` AS `COUNTRY` from ((((((((`USERS` left join `ACCESSHOUSE` on((`USERS`.`IDUSER` = `ACCESSHOUSE`.`IDUSER`))) left join `HOUSES` on((`ACCESSHOUSE`.`IDHOUSE` = `HOUSES`.`IDHOUSE`))) left join `IMAGES` on((`HOUSES`.`IDIMAGE` = `IMAGES`.`IDIMAGE`))) left join `ROOMS` on((`ACCESSHOUSE`.`IDHOUSE` = `ROOMS`.`IDHOUSE`))) left join `SERVICES` on((`ROOMS`.`IDROOM` = `SERVICES`.`IDROOM`))) left join `DEVICES` on((`SERVICES`.`IDDEVICE` = `DEVICES`.`IDDEVICE`))) left join `ACTIONS` on((`SERVICES`.`IDSERVICE` = `ACTIONS`.`IDSERVICE`))) left join `PERMISSIONS` on(((`PERMISSIONS`.`IDUSER` = `USERS`.`IDUSER`) and (`PERMISSIONS`.`IDSERVICE` = `SERVICES`.`IDSERVICE`)))) where 1 order by `USERS`.`USERNAME`,`HOUSES`.`HOUSENAME`,`ROOMS`.`ROOMNAME`,`SERVICES`.`SERVICENAME`,`ACTIONS`.`ACTIONNAME` desc;

-- --------------------------------------------------------

--
-- Estructura para la vista `scheduleVIEW`
--
DROP TABLE IF EXISTS `scheduleVIEW`;

CREATE ALGORITHM=UNDEFINED DEFINER=`alex`@`localhost` SQL SECURITY DEFINER VIEW `scheduleVIEW` AS select `TASKS`.`IDTASK` AS `IDTASK`,`TASKS`.`TASKNAME` AS `TASKNAME`,`PROGRAMACTIONS`.`IDPROGRAM` AS `IDPROGRAM`,`PROGRAMACTIONS`.`IDACTION` AS `IDACTION`,`HOUSES`.`IDHOUSE` AS `IDHOUSE`,`HOUSES`.`HOUSENAME` AS `HOUSENAME`,`ROOMS`.`IDROOM` AS `IDROOM`,`ROOMS`.`ROOMNAME` AS `ROOMNAME`,`SERVICES`.`IDSERVICE` AS `IDSERVICE`,`SERVICES`.`SERVICENAME` AS `SERVICENAME`,`PROGRAMACTIONS`.`DATA` AS `DATA`,`PROGRAMACTIONS`.`STARTTIME` AS `STARTTIME` from (`ACTIONS` join ((((`PROGRAMACTIONS` left join (`TASKPROGRAM` join `TASKS`) on(((`TASKPROGRAM`.`IDPROGRAM` = `PROGRAMACTIONS`.`IDPROGRAM`) and (`TASKPROGRAM`.`IDTASK` = `TASKS`.`IDTASK`)))) join `SERVICES`) join `ROOMS` on((`ROOMS`.`IDROOM` = `SERVICES`.`IDROOM`))) join `HOUSES` on((`HOUSES`.`IDHOUSE` = `ROOMS`.`IDHOUSE`)))) where ((`ACTIONS`.`IDACTION` = `PROGRAMACTIONS`.`IDACTION`) and (`SERVICES`.`IDSERVICE` = `ACTIONS`.`IDSERVICE`)) order by `TASKS`.`TASKNAME` desc,`PROGRAMACTIONS`.`IDPROGRAM`;

-- --------------------------------------------------------

--
-- Estructura para la vista `singleProgramVIEW`
--
DROP TABLE IF EXISTS `singleProgramVIEW`;

CREATE ALGORITHM=UNDEFINED DEFINER=`alex`@`localhost` SQL SECURITY DEFINER VIEW `singleProgramVIEW` AS select `USERS`.`IDUSER` AS `IDUSER`,`USERS`.`USERNAME` AS `USERNAME`,`PROGRAMACTIONS`.`IDPROGRAM` AS `IDPROGRAM`,`PROGRAMACTIONS`.`DATA` AS `DATA`,`PROGRAMACTIONS`.`STARTTIME` AS `STARTTIME`,`HOUSES`.`IDHOUSE` AS `IDHOUSE`,`HOUSES`.`HOUSENAME` AS `HOUSENAME`,`ROOMS`.`IDROOM` AS `IDROOM`,`ROOMS`.`ROOMNAME` AS `ROOMNAME`,`SERVICES`.`IDSERVICE` AS `IDSERVICE`,`SERVICES`.`SERVICENAME` AS `SERVICENAME`,`ACTIONS`.`IDACTION` AS `IDACTION`,`ACTIONS`.`ACTIONNAME` AS `ACTIONNAME` from (((((((`USERS` join `PROGRAMACTIONS` on((`USERS`.`IDUSER` = `PROGRAMACTIONS`.`IDUSER`))) left join `TASKPROGRAM` on((`PROGRAMACTIONS`.`IDPROGRAM` = `TASKPROGRAM`.`IDPROGRAM`))) left join `COMMAND_PROGRAM` on((`PROGRAMACTIONS`.`IDPROGRAM` = `COMMAND_PROGRAM`.`IDPROGRAM`))) left join `ACTIONS` on((`PROGRAMACTIONS`.`IDACTION` = `ACTIONS`.`IDACTION`))) left join `SERVICES` on((`ACTIONS`.`IDSERVICE` = `SERVICES`.`IDSERVICE`))) left join `ROOMS` on((`SERVICES`.`IDROOM` = `ROOMS`.`IDROOM`))) left join `HOUSES` on((`ROOMS`.`IDHOUSE` = `HOUSES`.`IDHOUSE`))) where (isnull(`TASKPROGRAM`.`IDPROGRAM`) and isnull(`COMMAND_PROGRAM`.`IDPROGRAM`)) order by `USERS`.`USERNAME`,`PROGRAMACTIONS`.`IDPROGRAM`;

-- --------------------------------------------------------

--
-- Estructura para la vista `taskVIEW`
--
DROP TABLE IF EXISTS `taskVIEW`;

CREATE ALGORITHM=UNDEFINED DEFINER=`alex`@`localhost` SQL SECURITY DEFINER VIEW `taskVIEW` AS select `USERS`.`IDUSER` AS `IDUSER`,`USERS`.`USERNAME` AS `USERNAME`,`TASKS`.`IDTASK` AS `IDTASK`,`TASKS`.`TASKNAME` AS `TASKNAME`,`TASKS`.`DESCRIPTION` AS `DESCRIPTION`,`PROGRAMACTIONS`.`STARTTIME` AS `STARTTIME`,`PROGRAMACTIONS`.`IDPROGRAM` AS `IDPROGRAM`,`HOUSES`.`IDHOUSE` AS `IDHOUSE`,`HOUSES`.`HOUSENAME` AS `HOUSENAME`,`ROOMS`.`IDROOM` AS `IDROOM`,`ROOMS`.`ROOMNAME` AS `ROOMNAME`,`SERVICES`.`IDSERVICE` AS `IDSERVICE`,`SERVICES`.`SERVICENAME` AS `SERVICENAME`,`ACTIONS`.`IDACTION` AS `IDACTION`,`ACTIONS`.`ACTIONNAME` AS `ACTIONNAME`,`PROGRAMACTIONS`.`DATA` AS `DATA` from (((((((`USERS` left join `TASKS` on((`USERS`.`IDUSER` = `TASKS`.`IDUSER`))) left join `TASKPROGRAM` on((`TASKS`.`IDTASK` = `TASKPROGRAM`.`IDTASK`))) left join `PROGRAMACTIONS` on((`TASKPROGRAM`.`IDPROGRAM` = `PROGRAMACTIONS`.`IDPROGRAM`))) left join `ACTIONS` on((`PROGRAMACTIONS`.`IDACTION` = `ACTIONS`.`IDACTION`))) left join `SERVICES` on((`ACTIONS`.`IDSERVICE` = `SERVICES`.`IDSERVICE`))) left join `ROOMS` on((`SERVICES`.`IDROOM` = `ROOMS`.`IDROOM`))) left join `HOUSES` on((`ROOMS`.`IDHOUSE` = `HOUSES`.`IDHOUSE`))) order by `USERS`.`USERNAME`,`TASKS`.`TASKNAME`,`PROGRAMACTIONS`.`STARTTIME`,`HOUSES`.`HOUSENAME`,`ROOMS`.`ROOMNAME`,`SERVICES`.`SERVICENAME`,`ACTIONS`.`ACTIONNAME`;

--
-- Restricciones para tablas volcadas
--

--
-- Filtros para la tabla `ACCESSHOUSE`
--
ALTER TABLE `ACCESSHOUSE`
  ADD CONSTRAINT `ACCESSHOUSE_ibfk_3` FOREIGN KEY (`IDUSER`) REFERENCES `USERS` (`IDUSER`) ON DELETE CASCADE ON UPDATE CASCADE,
  ADD CONSTRAINT `ACCESSHOUSE_ibfk_4` FOREIGN KEY (`IDHOUSE`) REFERENCES `HOUSES` (`IDHOUSE`) ON DELETE CASCADE ON UPDATE CASCADE;

--
-- Filtros para la tabla `ACTIONMESSAGES`
--
ALTER TABLE `ACTIONMESSAGES`
  ADD CONSTRAINT `ACTIONMESSAGES_ibfk_2` FOREIGN KEY (`IDACTION`) REFERENCES `ACTIONS` (`IDACTION`) ON DELETE CASCADE ON UPDATE CASCADE;

--
-- Filtros para la tabla `ACTIONS`
--
ALTER TABLE `ACTIONS`
  ADD CONSTRAINT `ACTIONS_ibfk_2` FOREIGN KEY (`IDSERVICE`) REFERENCES `SERVICES` (`IDSERVICE`) ON DELETE CASCADE ON UPDATE CASCADE;

--
-- Filtros para la tabla `COMMANDS`
--
ALTER TABLE `COMMANDS`
  ADD CONSTRAINT `COMMANDS_ibfk_1` FOREIGN KEY (`IDUSER`) REFERENCES `USERS` (`IDUSER`) ON DELETE CASCADE ON UPDATE CASCADE;

--
-- Filtros para la tabla `COMMAND_PROGRAM`
--
ALTER TABLE `COMMAND_PROGRAM`
  ADD CONSTRAINT `COMMAND_PROGRAM_ibfk_2` FOREIGN KEY (`IDPROGRAM`) REFERENCES `PROGRAMACTIONS` (`IDPROGRAM`) ON DELETE CASCADE ON UPDATE CASCADE,
  ADD CONSTRAINT `COMMAND_PROGRAM_ibfk_3` FOREIGN KEY (`IDCOMMAND`) REFERENCES `COMMANDS` (`IDCOMMAND`) ON DELETE CASCADE ON UPDATE CASCADE;

--
-- Filtros para la tabla `DEVICES`
--
ALTER TABLE `DEVICES`
  ADD CONSTRAINT `DEVICES_ibfk_1` FOREIGN KEY (`IDUSER`) REFERENCES `USERS` (`IDUSER`) ON DELETE CASCADE ON UPDATE CASCADE;

--
-- Filtros para la tabla `HISTORYACCESS`
--
ALTER TABLE `HISTORYACCESS`
  ADD CONSTRAINT `HISTORYACCESS_ibfk_3` FOREIGN KEY (`ERROR`) REFERENCES `ERRORS` (`ERRORCODE`),
  ADD CONSTRAINT `HISTORYACCESS_ibfk_4` FOREIGN KEY (`FUNCT`) REFERENCES `FUNCTIONS` (`FUNCT`);

--
-- Filtros para la tabla `PERMISSIONS`
--
ALTER TABLE `PERMISSIONS`
  ADD CONSTRAINT `PERMISSIONS_ibfk_3` FOREIGN KEY (`IDUSER`) REFERENCES `USERS` (`IDUSER`) ON DELETE CASCADE ON UPDATE CASCADE,
  ADD CONSTRAINT `PERMISSIONS_ibfk_4` FOREIGN KEY (`IDSERVICE`) REFERENCES `SERVICES` (`IDSERVICE`) ON DELETE CASCADE ON UPDATE CASCADE;

--
-- Filtros para la tabla `PROGRAMACTIONS`
--
ALTER TABLE `PROGRAMACTIONS`
  ADD CONSTRAINT `PROGRAMACTIONS_ibfk_1` FOREIGN KEY (`IDACTION`) REFERENCES `ACTIONS` (`IDACTION`) ON DELETE CASCADE ON UPDATE CASCADE;

--
-- Filtros para la tabla `ROOMS`
--
ALTER TABLE `ROOMS`
  ADD CONSTRAINT `ROOMS_ibfk_2` FOREIGN KEY (`IDHOUSE`) REFERENCES `HOUSES` (`IDHOUSE`) ON DELETE CASCADE ON UPDATE CASCADE;

--
-- Filtros para la tabla `SERVICES`
--
ALTER TABLE `SERVICES`
  ADD CONSTRAINT `SERVICES_ibfk_3` FOREIGN KEY (`IDROOM`) REFERENCES `ROOMS` (`IDROOM`) ON DELETE CASCADE ON UPDATE CASCADE,
  ADD CONSTRAINT `SERVICES_ibfk_4` FOREIGN KEY (`IDDEVICE`) REFERENCES `DEVICES` (`IDDEVICE`) ON DELETE CASCADE ON UPDATE CASCADE;

--
-- Filtros para la tabla `TASKPROGRAM`
--
ALTER TABLE `TASKPROGRAM`
  ADD CONSTRAINT `TASKPROGRAM_ibfk_3` FOREIGN KEY (`IDTASK`) REFERENCES `TASKS` (`IDTASK`) ON DELETE CASCADE ON UPDATE CASCADE,
  ADD CONSTRAINT `TASKPROGRAM_ibfk_4` FOREIGN KEY (`IDPROGRAM`) REFERENCES `PROGRAMACTIONS` (`IDPROGRAM`) ON DELETE CASCADE ON UPDATE CASCADE;

--
-- Filtros para la tabla `TASKS`
--
ALTER TABLE `TASKS`
  ADD CONSTRAINT `TASKS_ibfk_2` FOREIGN KEY (`IDUSER`) REFERENCES `USERS` (`IDUSER`) ON DELETE CASCADE ON UPDATE CASCADE;

/*!40101 SET CHARACTER_SET_CLIENT=@OLD_CHARACTER_SET_CLIENT */;
/*!40101 SET CHARACTER_SET_RESULTS=@OLD_CHARACTER_SET_RESULTS */;
/*!40101 SET COLLATION_CONNECTION=@OLD_COLLATION_CONNECTION */;
