-- phpMyAdmin SQL Dump
-- version 3.4.10.1deb1
-- http://www.phpmyadmin.net
--
-- Servidor: localhost
-- Tiempo de generación: 05-04-2014 a las 10:25:49
-- Versión del servidor: 5.5.35
-- Versión de PHP: 5.3.10-1ubuntu3.10

SET SQL_MODE="NO_AUTO_VALUE_ON_ZERO";
SET time_zone = "+00:00";


/*!40101 SET @OLD_CHARACTER_SET_CLIENT=@@CHARACTER_SET_CLIENT */;
/*!40101 SET @OLD_CHARACTER_SET_RESULTS=@@CHARACTER_SET_RESULTS */;
/*!40101 SET @OLD_COLLATION_CONNECTION=@@COLLATION_CONNECTION */;
/*!40101 SET NAMES utf8 */;

--
-- Base de datos: `ehcontrol`
--

DELIMITER $$
--
-- Procedimientos
--
CREATE DEFINER=`alex`@`localhost` PROCEDURE `loginJSON`( in u VARCHAR(15))
begin

SELECT *
FROM  USERS
LEFT JOIN ACCESSHOUSE ON ( ACCESSHOUSE.IDUSER = USERS.IDUSER )
LEFT JOIN HOUSES ON ( ACCESSHOUSE.IDHOUSE = HOUSES.IDHOUSE )
LEFT JOIN ROOMS ON ( HOUSES.IDHOUSE = ROOMS.IDHOUSE )
LEFT JOIN SERVICES ON ( ROOMS.IDROOM = SERVICES.IDROOM )
LEFT JOIN ACTIONS ON ( SERVICES.IDSERVICE = ACTIONS.IDSERVICE )
WHERE USERS.USERNAME = u 
ORDER BY USERNAME, HOUSENAME, ROOMNAME, SERVICENAME, ACTIONNAME DESC;

end$$

CREATE DEFINER=`alex`@`localhost` PROCEDURE `ProG`()
begin 
SELECT * FROM USERS;
end$$

CREATE DEFINER=`alex`@`localhost` PROCEDURE `selectiduser`( in u VARCHAR(20), out id integer)
BEGIN
DECLARE idu INTEGER;
SELECT IDUSER into idu FROM USERS WHERE USERNAME=u;
set id = idu;
END$$

CREATE DEFINER=`alex`@`localhost` PROCEDURE `userexist`(u VARCHAR(15), p VARCHAR(40), error INTEGER)
BEGIN 
declare pass varchar(40);
SELECT PASSWORD INTO pass FROM USERS WHERE USERNAME=u;
IF (pass <> p) THEN 
  set error = 2;
ELSE 
SET error = 0;
END IF;



END$$

DELIMITER ;

-- --------------------------------------------------------

--
-- Estructura de tabla para la tabla `ACCESSHOUSE`
--

CREATE TABLE IF NOT EXISTS `ACCESSHOUSE` (
  `IDUSER` int(11) NOT NULL DEFAULT '0',
  `IDHOUSE` int(11) NOT NULL DEFAULT '0',
  `ACCESSNUMBER` int(11) DEFAULT NULL,
  `DATEBEGIN` timestamp NOT NULL DEFAULT CURRENT_TIMESTAMP,
  PRIMARY KEY (`IDUSER`,`IDHOUSE`),
  KEY `IDHOUSE` (`IDHOUSE`)
) ENGINE=InnoDB DEFAULT CHARSET=latin1;

--
-- Volcado de datos para la tabla `ACCESSHOUSE`
--

INSERT INTO `ACCESSHOUSE` (`IDUSER`, `IDHOUSE`, `ACCESSNUMBER`, `DATEBEGIN`) VALUES
(0, 11, 1, '2014-03-25 21:39:58'),
(0, 12, 1, '2014-03-23 19:56:06'),
(0, 13, 1, '2014-03-23 19:56:06'),
(0, 14, 1, '2014-03-23 19:56:06'),
(0, 15, 1, '2014-03-23 19:56:06'),
(2, 10, 1, '2014-03-25 21:39:58'),
(10, 13, 1, '2014-03-25 21:39:58'),
(10, 16, 1, '2014-03-23 19:56:06'),
(29, 9, 2, '2014-03-25 21:39:58'),
(29, 10, 3, '2014-04-05 10:16:17'),
(67, 12, 1, '2014-03-23 19:56:06'),
(67, 13, 1, '2014-03-23 19:56:06'),
(67, 14, 1, '2014-03-23 19:56:06'),
(67, 15, 1, '2014-03-23 19:56:06'),
(71, 16, 1, '2014-03-23 19:56:06');

-- --------------------------------------------------------

--
-- Estructura de tabla para la tabla `ACTIONMESSAGES`
--

CREATE TABLE IF NOT EXISTS `ACTIONMESSAGES` (
  `IDMESSAGE` int(11) NOT NULL AUTO_INCREMENT,
  `IDACTION` int(11) NOT NULL,
  `RETURNCODE` varchar(20) NOT NULL,
  `EXIT` tinyint(1) NOT NULL,
  `ENGLISH` varchar(50) DEFAULT NULL,
  `SPANISH` varchar(50) DEFAULT NULL,
  PRIMARY KEY (`IDMESSAGE`),
  UNIQUE KEY `IDACTION_RETURNCODE` (`IDACTION`,`RETURNCODE`)
) ENGINE=InnoDB  DEFAULT CHARSET=latin1 AUTO_INCREMENT=22 ;

--
-- Volcado de datos para la tabla `ACTIONMESSAGES`
--

INSERT INTO `ACTIONMESSAGES` (`IDMESSAGE`, `IDACTION`, `RETURNCODE`, `EXIT`, `ENGLISH`, `SPANISH`) VALUES
(2, 0, '0', 0, 'Service off.', 'Servicio apagado.'),
(3, 0, '1', 1, 'Conexion error.', 'Error de conexión.'),
(4, 0, '2', 1, 'Device out of conection.', 'Dispositivo fuera de conexión.'),
(5, 0, '4', 1, 'The function have a bug.', 'La función tiene un bug.'),
(6, 1, '0', 0, 'Reset success.', 'Reseteo satisfactorio.'),
(7, 1, '1', 1, 'Conection failure.', 'Fallo de conexión.'),
(8, 1, '2', 1, 'Connection out.', 'Fuera de conexión.'),
(9, 2, '0', 0, 'Service on.', 'Servicio encendido.'),
(10, 2, '1', 1, 'Service can''t be on.', 'El servicio no puede encenderse.'),
(11, 2, '2', 1, 'Service without battery.', 'Servicio sin batería.'),
(12, 3, '0', 0, 'Proper Shipping.', 'Envío correcto.'),
(13, 3, '1', 1, 'Send failure.', 'Fallo en el envío.'),
(15, 3, '3', 1, 'Shipping unanswered.', 'Envío sin respuesta.'),
(16, 4, '0', 0, 'Data received.', 'Datos recibidos.'),
(17, 4, '1', 1, ' Incorrect data.', 'Datos incorrectos'),
(18, 4, '3', 1, ' Failed connection.', 'Conexión fallida.'),
(19, 5, '0', 0, ' Updated configuration.', 'Configuración actualizada.'),
(20, 5, '2', 1, 'Denial of permission.', 'Denegación de permiso.'),
(21, 5, '1', 1, ' The device does not respond.', 'El dispositivo no responde.');

-- --------------------------------------------------------

--
-- Estructura de tabla para la tabla `ACTIONS`
--

CREATE TABLE IF NOT EXISTS `ACTIONS` (
  `IDACTION` int(11) NOT NULL AUTO_INCREMENT,
  `IDSERVICE` int(11) DEFAULT NULL,
  `ACTIONNAME` varchar(10) NOT NULL,
  `ENGLISH` varchar(50) NOT NULL,
  `SPANISH` varchar(50) NOT NULL,
  `FCODE` varchar(20) NOT NULL,
  PRIMARY KEY (`IDACTION`),
  UNIQUE KEY `UNQ_ACTIONKEY` (`IDSERVICE`,`ACTIONNAME`)
) ENGINE=InnoDB  DEFAULT CHARSET=latin1 AUTO_INCREMENT=93 ;

--
-- Volcado de datos para la tabla `ACTIONS`
--

INSERT INTO `ACTIONS` (`IDACTION`, `IDSERVICE`, `ACTIONNAME`, `ENGLISH`, `SPANISH`, `FCODE`) VALUES
(0, NULL, 'APAGAR', 'OFF', 'APAGAR', '0x002443'),
(1, NULL, 'RESETEAR', 'RESET', 'RESETEAR', '0x002221'),
(2, NULL, 'ENCENDER', 'ON', 'ENCENDER', '0x002314'),
(3, NULL, 'ENVIAR', 'SEND', 'ENVIAR', '0'),
(4, NULL, 'RECIBIR', 'RECIVE', 'RECIBIR', '0x002456'),
(5, NULL, 'CONFIGURAR', 'CONFIGURE', 'CONFIGURAR', '0x002787'),
(24, 0, 'APAGAR', 'OFF', 'APAGAR', '0x002443'),
(25, 0, 'RESETEAR', 'RESET', 'RESETEAR', '0x002221'),
(26, 0, 'ENCENDER', 'ON', 'ENCENDER', '0x002314'),
(27, 0, 'ENVIAR', 'SEND', 'ENVIAR', '0'),
(28, 0, 'CONFIGURAR', 'CONFIGURE', 'CONFIGURAR', '0x002334'),
(29, 1, 'APAGAR', 'OFF', 'APAGAR', '0x002443'),
(30, 1, 'ENCENDER', 'ON', 'ENCENDER', '0x002314'),
(31, 1, 'CONFIGURAR', 'CONFIGURE', 'CONFIGURAR', '0x002787'),
(32, 2, 'APAGAR', 'OFF', 'APAGAR', '0x118000'),
(33, 2, 'RESETEAR', 'RESET', 'RESETEAR', '0x180001'),
(34, 2, 'ENCENDER', 'ON', 'ENCENDER', '0x002300'),
(35, 2, 'ENVIAR', 'SEND', 'ENVIAR', '0'),
(36, 2, 'RECIBIR', 'RECIVE', 'RECIBIR', '0x002456'),
(37, 2, 'CONFIGURAR', 'CONFIGURE', 'CONFIGURAR', '0x002787'),
(38, 3, 'APAGAR', 'OFF', 'APAGAR', '0x002443'),
(39, 3, 'ENCENDER', 'ON', 'ENCENDER', '0x002314'),
(40, 4, 'APAGAR', 'OFF', 'APAGAR', '0x002443'),
(41, 4, 'RESETEAR', 'RESET', 'RESETEAR', '0x002221'),
(42, 4, 'ENCENDER', 'ON', 'ENCENDER', '0x002314'),
(43, 4, 'ENVIAR', 'SEND', 'ENVIAR', '0'),
(44, 4, 'CONFIGURAR', 'CONFIGURE', 'CONFIGURAR', '0x002787'),
(45, 4, 'RECIBIR', 'RECIVE', 'RECIBIR', '0x002456'),
(46, 5, 'APAGAR', 'OFF', 'APAGAR', '0x002443'),
(49, 5, 'ENCENDER', 'ON', 'ENCENDER', '0x002314'),
(50, 5, 'ENVIAR', 'SEND', 'ENVIAR', '0'),
(51, 13, 'APAGAR', 'OFF', 'APAGAR', '0x002443'),
(52, 13, 'ENCENDER', 'ON', 'ENCENDER', '0x002314'),
(53, 14, 'APAGAR', 'OFF', 'APAGAR', '0x002443'),
(54, 14, 'ENCENDER', 'ON', 'ENCENDER', '0x002314'),
(55, 14, 'ENVIAR', 'SEND', 'ENVIAR', '0'),
(56, 15, 'APAGAR', 'OFF', 'APAGAR', '0x002443'),
(57, 15, 'RESETEAR', 'RESET', 'RESETEAR', '0x002221'),
(58, 15, 'ENCENDER', 'ON', 'ENCENDER', '0x002314'),
(59, 15, 'ENVIAR', 'SEND', 'ENVIAR', '0'),
(60, 15, 'CONFIGURAR', 'CONFIGURE', 'CONFIGURAR', '0x002334'),
(61, 16, 'APAGAR', 'OFF', 'APAGAR', '0x002443'),
(62, 16, 'RESETEAR', 'RESET', 'RESETEAR', '0x002221'),
(63, 16, 'ENCENDER', 'ON', 'ENCENDER', '0x002314'),
(64, 16, 'ENVIAR', 'SEND', 'ENVIAR', '0'),
(65, 16, 'CONFIGURAR', 'CONFIGURE', 'CONFIGURAR', '0x002787'),
(66, 16, 'RECIBIR', 'RECIVE', 'RECIBIR', '0x002456'),
(69, 52, 'ENVIAR', 'SEND', 'ENVIAR', '0'),
(70, 53, 'ENVIAR', 'SEND', 'ENVIAR', '0'),
(71, 54, 'ENVIAR', 'SEND', 'ENVIAR', '0'),
(72, 55, 'ENVIAR', 'SEND', 'ENVIAR', '0'),
(73, 56, 'ENVIAR', 'SEND', 'ENVIAR', '0'),
(74, 57, 'ENVIAR', 'SEND', 'ENVIAR', '0'),
(75, 58, 'ENVIAR', 'SEND', 'ENVIAR', '0'),
(76, 59, 'ENVIAR', 'SEND', 'ENVIAR', '0'),
(77, NULL, 'APAGAR', 'qaz', 'wsz', '0az'),
(79, 60, 'ENVIAR', 'SEND', 'ENVIAR', '0'),
(81, 34, 'ENVIAR', '', '', ''),
(82, 35, 'ENVIAR', '', '', ''),
(83, 37, 'ENVIAR', '', '', ''),
(84, 39, 'ENVIAR', '', '', ''),
(85, 40, 'ENVIAR', '', '', ''),
(86, 41, 'ENVIAR', '', '', ''),
(87, 43, 'ENVIAR', '', '', ''),
(88, 45, 'ENVIAR', '', '', ''),
(89, 46, 'ENVIAR', '', '', ''),
(90, 42, 'ENVIAR', '', '', ''),
(91, 44, 'ENVIAR', '', '', ''),
(92, 36, 'ENVIAR', '', '', '');

-- --------------------------------------------------------

--
-- Estructura de tabla para la tabla `DEVICES`
--

CREATE TABLE IF NOT EXISTS `DEVICES` (
  `IDDEVICE` int(11) NOT NULL AUTO_INCREMENT,
  `IPADDRESS` varchar(20) DEFAULT NULL,
  `SERIAL` varchar(20) DEFAULT NULL,
  `NAME` varchar(20) DEFAULT NULL,
  `ENGLISH` varchar(500) DEFAULT NULL,
  `SPANISH` varchar(500) DEFAULT NULL,
  `DATE` timestamp NOT NULL DEFAULT CURRENT_TIMESTAMP,
  `VERSION` int(11) NOT NULL,
  PRIMARY KEY (`IDDEVICE`),
  UNIQUE KEY `SERIAL` (`SERIAL`)
) ENGINE=InnoDB  DEFAULT CHARSET=latin1 AUTO_INCREMENT=16 ;

--
-- Volcado de datos para la tabla `DEVICES`
--

INSERT INTO `DEVICES` (`IDDEVICE`, `IPADDRESS`, `SERIAL`, `NAME`, `ENGLISH`, `SPANISH`, `DATE`, `VERSION`) VALUES
(0, NULL, NULL, 'Arduino UNO', '{"Microcontroller":"ATmega328",\n    "Operating Voltage":"5V",\n    "Input Voltage (recommended)":"7-12V",\n    "Input Voltage (limits)":"6-20V",\n    "Digital I/O Pins":"14 (of which 6 provide PWM output)",\n    "Analog Input Pins":"6",\n    "DC Current per I/O Pin":"40 mA",\n    "DC Current for 3.3V Pin":"50 mA",\n    "Flash Memory":"32 KB (ATmega328) of which 0.5 KB used by bootloader",\n    "SRAM":"2 KB (ATmega328)",\n    "EEPROM":"1 KB (ATmega328)",\n    "Clock Speed":"16 MHz"}', '{"Microcontroller":"ATmega328",\n    "Operating Voltage":"5V",\n    "Input Voltage (recommended)":"7-12V",\n    "Input Voltage (limits)":"6-20V",\n    "Digital I/O Pins":"14 (of which 6 provide PWM output)",\n    "Analog Input Pins":"6",\n    "DC Current per I/O Pin":"40 mA",\n    "DC Current for 3.3V Pin":"50 mA",\n    "Flash Memory":"32 KB (ATmega328) of which 0.5 KB used by bootloader",\n    "SRAM":"2 KB (ATmega328)",\n    "EEPROM":"1 KB (ATmega328)",\n    "Clock Speed":"16 MHz"}', '2014-03-23 21:21:42', 1),
(1, NULL, NULL, 'Arduino DUO', '{"Microcontroller":"AT91SAM3X8E","Operating Voltage":"3.3V","Input Voltage (recommended)":"7-12V","Input Voltage (limits)":"6-16V","Digital I/O Pins":"54 (of which 12 provide PWM output)","Analog Input Pins":"12","Analog Outputs Pins":"2 (DAC)","Total DC Output Current on all I/O lines":"130 mA","DC Current for 3.3V Pin":"800 mA","DC Current for 5V Pin":"800 mA","Flash Memory":"512 KB all available for the user applications","SRAM":"96 KB (two banks: 64KB and 32KB)","Clock Speed":"84 MHz"}', '{"Microcontroller":"AT91SAM3X8E","Operating Voltage":"3.3V","Input Voltage (recommended)":"7-12V","Input Voltage (limits)":"6-16V","Digital I/O Pins":"54 (of which 12 provide PWM output)","Analog Input Pins":"12","Analog Outputs Pins":"2 (DAC)","Total DC Output Current on all I/O lines":"130 mA","DC Current for 3.3V Pin":"800 mA","DC Current for 5V Pin":"800 mA","Flash Memory":"512 KB all available for the user applications","SRAM":"96 KB (two banks: 64KB and 32KB)","Clock Speed":"84 MHz"}', '2014-03-23 21:35:50', 1),
(9, '12.45.34.123', '5', 'Arduino UNO', '{"Microcontroller":"ATmega328",\n    "Operating Voltage":"5V",\n    "Input Voltage (recommended)":"7-12V",\n    "Input Voltage (limits)":"6-20V",\n    "Digital I/O Pins":"14 (of which 6 provide PWM output)",\n    "Analog Input Pins":"6",\n    "DC Current per I/O Pin":"40 mA",\n    "DC Current for 3.3V Pin":"50 mA",\n    "Flash Memory":"32 KB (ATmega328) of which 0.5 KB used by bootloader",\n    "SRAM":"2 KB (ATmega328)",\n    "EEPROM":"1 KB (ATmega328)",\n    "Clock Speed":"16 MHz"}', '{"Microcontroller":"ATmega328",\n    "Operating Voltage":"5V",\n    "Input Voltage (recommended)":"7-12V",\n    "Input Voltage (limits)":"6-20V",\n    "Digital I/O Pins":"14 (of which 6 provide PWM output)",\n    "Analog Input Pins":"6",\n    "DC Current per I/O Pin":"40 mA",\n    "DC Current for 3.3V Pin":"50 mA",\n    "Flash Memory":"32 KB (ATmega328) of which 0.5 KB used by bootloader",\n    "SRAM":"2 KB (ATmega328)",\n    "EEPROM":"1 KB (ATmega328)",\n    "Clock Speed":"16 MHz"}', '2014-03-23 21:21:42', 1),
(10, '12.45.34.123', '52.33PL', 'Arduino UNO', '{"Microcontroller":"ATmega328",\r\n    "Operating Voltage":"5V",\r\n    "Input Voltage (recommended)":"7-12V",\r\n    "Input Voltage (limits)":"6-20V",\r\n    "Digital I/O Pins":"14 (of which 6 provide PWM output)",\r\n    "Analog Input Pins":"6",\r\n    "DC Current per I/O Pin":"40 mA",\r\n    "DC Current for 3.3V Pin":"50 mA",\r\n    "Flash Memory":"32 KB (ATmega328) of which 0.5 KB used by bootloader",\r\n    "SRAM":"2 KB (ATmega328)",\r\n    "EEPROM":"1 KB (ATmega328)",\r\n    "Clock Speed":"16 MHz"}', '{"Microcontroller":"ATmega328",\r\n    "Operating Voltage":"5V",\r\n    "Input Voltage (recommended)":"7-12V",\r\n    "Input Voltage (limits)":"6-20V",\r\n    "Digital I/O Pins":"14 (of which 6 provide PWM output)",\r\n    "Analog Input Pins":"6",\r\n    "DC Current per I/O Pin":"40 mA",\r\n    "DC Current for 3.3V Pin":"50 mA",\r\n    "Flash Memory":"32 KB (ATmega328) of which 0.5 KB used by bootloader",\r\n    "SRAM":"2 KB (ATmega328)",\r\n    "EEPROM":"1 KB (ATmega328)",\r\n    "Clock Speed":"16 MHz"}', '2014-03-23 21:21:42', 1),
(11, '12.45.34.123', '0', 'Arduino UNO', '{"Microcontroller":"ATmega328",\n    "Operating Voltage":"5V",\n    "Input Voltage (recommended)":"7-12V",\n    "Input Voltage (limits)":"6-20V",\n    "Digital I/O Pins":"14 (of which 6 provide PWM output)",\n    "Analog Input Pins":"6",\n    "DC Current per I/O Pin":"40 mA",\n    "DC Current for 3.3V Pin":"50 mA",\n    "Flash Memory":"32 KB (ATmega328) of which 0.5 KB used by bootloader",\n    "SRAM":"2 KB (ATmega328)",\n    "EEPROM":"1 KB (ATmega328)",\n    "Clock Speed":"16 MHz"}', '{"Microcontroller":"ATmega328",\n    "Operating Voltage":"5V",\n    "Input Voltage (recommended)":"7-12V",\n    "Input Voltage (limits)":"6-20V",\n    "Digital I/O Pins":"14 (of which 6 provide PWM output)",\n    "Analog Input Pins":"6",\n    "DC Current per I/O Pin":"40 mA",\n    "DC Current for 3.3V Pin":"50 mA",\n    "Flash Memory":"32 KB (ATmega328) of which 0.5 KB used by bootloader",\n    "SRAM":"2 KB (ATmega328)",\n    "EEPROM":"1 KB (ATmega328)",\n    "Clock Speed":"16 MHz"}', '2014-03-23 21:21:42', 1),
(12, '12.45.34.123', '1', 'Arduino UNO', '{"Microcontroller":"ATmega328",\n    "Operating Voltage":"5V",\n    "Input Voltage (recommended)":"7-12V",\n    "Input Voltage (limits)":"6-20V",\n    "Digital I/O Pins":"14 (of which 6 provide PWM output)",\n    "Analog Input Pins":"6",\n    "DC Current per I/O Pin":"40 mA",\n    "DC Current for 3.3V Pin":"50 mA",\n    "Flash Memory":"32 KB (ATmega328) of which 0.5 KB used by bootloader",\n    "SRAM":"2 KB (ATmega328)",\n    "EEPROM":"1 KB (ATmega328)",\n    "Clock Speed":"16 MHz"}', '{"Microcontroller":"ATmega328",\n    "Operating Voltage":"5V",\n    "Input Voltage (recommended)":"7-12V",\n    "Input Voltage (limits)":"6-20V",\n    "Digital I/O Pins":"14 (of which 6 provide PWM output)",\n    "Analog Input Pins":"6",\n    "DC Current per I/O Pin":"40 mA",\n    "DC Current for 3.3V Pin":"50 mA",\n    "Flash Memory":"32 KB (ATmega328) of which 0.5 KB used by bootloader",\n    "SRAM":"2 KB (ATmega328)",\n    "EEPROM":"1 KB (ATmega328)",\n    "Clock Speed":"16 MHz"}', '2014-03-23 21:21:42', 1),
(13, '12.45.34.123', '2', 'Arduino UNO', '{"Microcontroller":"ATmega328",\n    "Operating Voltage":"5V",\n    "Input Voltage (recommended)":"7-12V",\n    "Input Voltage (limits)":"6-20V",\n    "Digital I/O Pins":"14 (of which 6 provide PWM output)",\n    "Analog Input Pins":"6",\n    "DC Current per I/O Pin":"40 mA",\n    "DC Current for 3.3V Pin":"50 mA",\n    "Flash Memory":"32 KB (ATmega328) of which 0.5 KB used by bootloader",\n    "SRAM":"2 KB (ATmega328)",\n    "EEPROM":"1 KB (ATmega328)",\n    "Clock Speed":"16 MHz"}', '{"Microcontroller":"ATmega328",\n    "Operating Voltage":"5V",\n    "Input Voltage (recommended)":"7-12V",\n    "Input Voltage (limits)":"6-20V",\n    "Digital I/O Pins":"14 (of which 6 provide PWM output)",\n    "Analog Input Pins":"6",\n    "DC Current per I/O Pin":"40 mA",\n    "DC Current for 3.3V Pin":"50 mA",\n    "Flash Memory":"32 KB (ATmega328) of which 0.5 KB used by bootloader",\n    "SRAM":"2 KB (ATmega328)",\n    "EEPROM":"1 KB (ATmega328)",\n    "Clock Speed":"16 MHz"}', '2014-03-23 21:21:42', 1),
(14, '12.45.34.123', '3', 'Arduino UNO', '{"Microcontroller":"ATmega328",\n    "Operating Voltage":"5V",\n    "Input Voltage (recommended)":"7-12V",\n    "Input Voltage (limits)":"6-20V",\n    "Digital I/O Pins":"14 (of which 6 provide PWM output)",\n    "Analog Input Pins":"6",\n    "DC Current per I/O Pin":"40 mA",\n    "DC Current for 3.3V Pin":"50 mA",\n    "Flash Memory":"32 KB (ATmega328) of which 0.5 KB used by bootloader",\n    "SRAM":"2 KB (ATmega328)",\n    "EEPROM":"1 KB (ATmega328)",\n    "Clock Speed":"16 MHz"}', '{"Microcontroller":"ATmega328",\n    "Operating Voltage":"5V",\n    "Input Voltage (recommended)":"7-12V",\n    "Input Voltage (limits)":"6-20V",\n    "Digital I/O Pins":"14 (of which 6 provide PWM output)",\n    "Analog Input Pins":"6",\n    "DC Current per I/O Pin":"40 mA",\n    "DC Current for 3.3V Pin":"50 mA",\n    "Flash Memory":"32 KB (ATmega328) of which 0.5 KB used by bootloader",\n    "SRAM":"2 KB (ATmega328)",\n    "EEPROM":"1 KB (ATmega328)",\n    "Clock Speed":"16 MHz"}', '2014-03-23 21:21:42', 1),
(15, '12.45.34.123', '12', 'Arduino UNO', '{"Microcontroller":"ATmega328",\r\n    "Operating Voltage":"5V",\r\n    "Input Voltage (recommended)":"7-12V",\r\n    "Input Voltage (limits)":"6-20V",\r\n    "Digital I/O Pins":"14 (of which 6 provide PWM output)",\r\n    "Analog Input Pins":"6",\r\n    "DC Current per I/O Pin":"40 mA",\r\n    "DC Current for 3.3V Pin":"50 mA",\r\n    "Flash Memory":"32 KB (ATmega328) of which 0.5 KB used by bootloader",\r\n    "SRAM":"2 KB (ATmega328)",\r\n    "EEPROM":"1 KB (ATmega328)",\r\n    "Clock Speed":"16 MHz"}', '{"Microcontroller":"ATmega328",\r\n    "Operating Voltage":"5V",\r\n    "Input Voltage (recommended)":"7-12V",\r\n    "Input Voltage (limits)":"6-20V",\r\n    "Digital I/O Pins":"14 (of which 6 provide PWM output)",\r\n    "Analog Input Pins":"6",\r\n    "DC Current per I/O Pin":"40 mA",\r\n    "DC Current for 3.3V Pin":"50 mA",\r\n    "Flash Memory":"32 KB (ATmega328) of which 0.5 KB used by bootloader",\r\n    "SRAM":"2 KB (ATmega328)",\r\n    "EEPROM":"1 KB (ATmega328)",\r\n    "Clock Speed":"16 MHz"}', '2014-03-23 21:21:42', 1);

-- --------------------------------------------------------

--
-- Estructura de tabla para la tabla `ERRORS`
--

CREATE TABLE IF NOT EXISTS `ERRORS` (
  `ERRORCODE` int(11) NOT NULL AUTO_INCREMENT,
  `ENGLISH` varchar(50) NOT NULL,
  `SPANISH` varchar(50) NOT NULL,
  PRIMARY KEY (`ERRORCODE`)
) ENGINE=InnoDB  DEFAULT CHARSET=latin1 AUTO_INCREMENT=22 ;

--
-- Volcado de datos para la tabla `ERRORS`
--

INSERT INTO `ERRORS` (`ERRORCODE`, `ENGLISH`, `SPANISH`) VALUES
(0, 'SUCCESS', 'CORRECTO'),
(1, 'Insert abort.', 'Inserción abortada.'),
(2, 'Incorrect password.', 'La contraseña es incorrecta.'),
(3, 'This user does not exist.', 'Este usuario no existe.'),
(4, 'Database integrity break.', 'Integridad de la base de datos rota.'),
(5, 'The action or service does not exist.', 'La acción o servicio no existe.'),
(6, 'This user already exists.', 'Este usuario ya existe.'),
(7, 'This email already has an account associated.', 'Este email ya tiene una cuenta asociada.'),
(8, 'This house does not exist.', 'La casa no existe.'),
(9, 'This room does not exist in the house.', 'Esta habitación no existe en la casa.'),
(10, 'Requires permission.', 'Necesita permisos.'),
(11, 'Requires access.', 'Necesita acceso.'),
(12, 'Email password recovery sent.', 'Correo de recuperacion de contraseña enviado.'),
(13, 'Create new user.', 'Nuevo usuario creado.'),
(14, 'Deleted user.', 'Usuario eliminado.'),
(15, 'User modified.', 'Usuario modificado.'),
(16, 'Action sent.', 'Acción enviada.'),
(17, 'Create new house.', 'Nueva casa creada.'),
(18, 'You have not access to this house.', 'No tiene acceso a la casa.'),
(19, 'House deleted.', 'Casa eliminada.'),
(20, 'This service does not exist for the room.', 'Este servicio no existe para la habitación.'),
(21, 'This action does not exist for this service.', 'Esta acción no existe para este servicio.');

-- --------------------------------------------------------

--
-- Estructura de tabla para la tabla `FUNCTIONS`
--

CREATE TABLE IF NOT EXISTS `FUNCTIONS` (
  `FUNCT` int(11) NOT NULL AUTO_INCREMENT,
  `FUNCTION` varchar(20) NOT NULL,
  PRIMARY KEY (`FUNCT`)
) ENGINE=InnoDB  DEFAULT CHARSET=latin1 AUTO_INCREMENT=11 ;

--
-- Volcado de datos para la tabla `FUNCTIONS`
--

INSERT INTO `FUNCTIONS` (`FUNCT`, `FUNCTION`) VALUES
(0, '----'),
(1, 'login'),
(2, 'lostpass'),
(3, 'createuser'),
(4, 'deleteuser'),
(5, 'modifyuser'),
(6, 'doaction'),
(7, 'createhouse'),
(8, 'ipcheck'),
(9, 'deletehouse'),
(10, 'getweather');

-- --------------------------------------------------------

--
-- Estructura de tabla para la tabla `HISTORYACCESS`
--

CREATE TABLE IF NOT EXISTS `HISTORYACCESS` (
  `IDHISTORY` int(11) NOT NULL AUTO_INCREMENT,
  `IDUSER` int(11) NOT NULL,
  `IDHOUSE` int(11) DEFAULT NULL,
  `ERROR` int(11) NOT NULL,
  `FUNCT` int(11) NOT NULL,
  `DATESTAMP` timestamp NOT NULL DEFAULT CURRENT_TIMESTAMP,
  PRIMARY KEY (`IDHISTORY`),
  KEY `ERROR` (`ERROR`),
  KEY `FUNCT` (`FUNCT`)
) ENGINE=InnoDB  DEFAULT CHARSET=latin1 AUTO_INCREMENT=1524 ;

--
-- Volcado de datos para la tabla `HISTORYACCESS`
--

INSERT INTO `HISTORYACCESS` (`IDHISTORY`, `IDUSER`, `IDHOUSE`, `ERROR`, `FUNCT`, `DATESTAMP`) VALUES
(92, 10, NULL, 0, 1, '2014-03-25 22:06:30'),
(93, 60, NULL, 0, 3, '2014-03-25 22:08:02'),
(94, 60, NULL, 6, 3, '2014-03-25 22:08:31'),
(95, 10, NULL, 0, 1, '2014-03-25 22:11:18'),
(96, 10, NULL, 0, 1, '2014-03-25 22:19:22'),
(97, 10, NULL, 0, 1, '2014-03-25 22:24:34'),
(98, 10, NULL, 0, 1, '2014-03-25 22:30:12'),
(99, 10, NULL, 0, 1, '2014-03-25 22:30:39'),
(100, 10, NULL, 0, 1, '2014-03-25 22:32:39'),
(101, 10, NULL, 0, 1, '2014-03-25 22:34:47'),
(102, 10, NULL, 0, 1, '2014-03-25 22:36:07'),
(103, 10, NULL, 0, 1, '2014-03-25 22:38:39'),
(104, 10, NULL, 0, 1, '2014-03-25 22:48:38'),
(105, 10, NULL, 0, 1, '2014-03-25 22:54:38'),
(106, 10, NULL, 0, 1, '2014-03-25 22:57:18'),
(107, 1, NULL, 0, 1, '2014-03-25 22:59:22'),
(108, 10, NULL, 0, 1, '2014-03-25 23:01:04'),
(109, 1, NULL, 0, 1, '2014-03-25 23:01:47'),
(110, 10, NULL, 0, 1, '2014-03-25 23:04:06'),
(111, 10, NULL, 0, 1, '2014-03-25 23:08:58'),
(112, 10, NULL, 0, 1, '2014-03-25 23:12:21'),
(113, 1, NULL, 0, 1, '2014-03-25 23:36:33'),
(114, 1, NULL, 0, 1, '2014-03-25 23:39:46'),
(115, 1, NULL, 0, 1, '2014-03-25 23:41:13'),
(116, 1, NULL, 0, 1, '2014-03-25 23:42:24'),
(117, 1, NULL, 0, 1, '2014-03-25 23:43:27'),
(118, 1, NULL, 0, 1, '2014-03-25 23:44:48'),
(119, 1, NULL, 0, 1, '2014-03-25 23:44:58'),
(120, 1, NULL, 0, 1, '2014-03-25 23:48:48'),
(121, 1, NULL, 0, 1, '2014-03-25 23:53:45'),
(122, 1, NULL, 0, 1, '2014-03-25 23:57:38'),
(123, 1, NULL, 0, 1, '2014-03-25 23:57:58'),
(124, 1, NULL, 0, 1, '2014-03-25 23:58:35'),
(125, 1, NULL, 0, 1, '2014-03-26 00:20:23'),
(126, 1, NULL, 0, 1, '2014-03-26 00:22:09'),
(127, 1, NULL, 0, 1, '2014-03-26 00:24:04'),
(128, 1, NULL, 0, 1, '2014-03-26 00:29:04'),
(129, 1, NULL, 0, 1, '2014-03-26 00:32:02'),
(130, 1, NULL, 0, 1, '2014-03-26 00:32:54'),
(131, 1, NULL, 0, 1, '2014-03-26 00:33:33'),
(132, 1, NULL, 0, 1, '2014-03-26 00:36:30'),
(133, 1, NULL, 0, 1, '2014-03-26 00:40:25'),
(134, 1, NULL, 0, 1, '2014-03-26 00:41:34'),
(135, 1, NULL, 0, 1, '2014-03-26 00:46:48'),
(136, 1, NULL, 0, 1, '2014-03-26 00:48:11'),
(137, 1, NULL, 0, 1, '2014-03-26 00:49:32'),
(138, 1, NULL, 0, 1, '2014-03-26 00:56:34'),
(139, 1, NULL, 0, 1, '2014-03-26 01:13:20'),
(140, 1, NULL, 0, 1, '2014-03-26 01:16:24'),
(141, 1, NULL, 0, 1, '2014-03-26 01:18:10'),
(142, 1, NULL, 0, 1, '2014-03-26 01:21:49'),
(143, 1, NULL, 0, 1, '2014-03-26 01:23:02'),
(144, 1, NULL, 0, 1, '2014-03-26 01:25:54'),
(145, 1, NULL, 0, 1, '2014-03-26 01:28:31'),
(146, 1, NULL, 0, 1, '2014-03-26 01:29:56'),
(147, 1, NULL, 0, 5, '2014-03-26 01:30:11'),
(148, 1, NULL, 0, 1, '2014-03-26 08:12:14'),
(149, 1, NULL, 0, 1, '2014-03-26 08:24:48'),
(150, 1, NULL, 0, 1, '2014-03-26 08:38:07'),
(151, 1, NULL, 0, 5, '2014-03-26 08:38:28'),
(152, 1, NULL, 2, 1, '2014-03-26 08:56:10'),
(153, 1, NULL, 2, 1, '2014-03-26 08:56:13'),
(154, 1, NULL, 2, 1, '2014-03-26 08:56:28'),
(155, 1, NULL, 2, 1, '2014-03-26 08:57:54'),
(156, 10, NULL, 0, 1, '2014-03-26 08:59:01'),
(157, 1, NULL, 0, 1, '2014-03-26 08:59:41'),
(158, 2, NULL, 2, 1, '2014-03-26 09:00:43'),
(159, 2, NULL, 2, 1, '2014-03-26 09:02:52'),
(160, 2, NULL, 2, 1, '2014-03-26 09:03:57'),
(161, 10, NULL, 0, 1, '2014-03-26 09:05:34'),
(162, 10, NULL, 0, 1, '2014-03-26 09:11:03'),
(163, 10, NULL, 0, 1, '2014-03-26 09:11:21'),
(164, 10, NULL, 0, 1, '2014-03-26 09:12:01'),
(165, 10, NULL, 0, 1, '2014-03-26 09:13:04'),
(166, 10, NULL, 0, 1, '2014-03-26 09:13:47'),
(167, 10, NULL, 0, 1, '2014-03-26 09:16:00'),
(168, 10, NULL, 0, 1, '2014-03-26 09:18:48'),
(169, 10, NULL, 0, 1, '2014-03-26 09:23:29'),
(170, 2, NULL, 2, 1, '2014-03-26 09:24:46'),
(171, 2, NULL, 2, 1, '2014-03-26 09:26:05'),
(172, 2, NULL, 2, 1, '2014-03-26 09:26:50'),
(173, 2, NULL, 2, 1, '2014-03-26 09:27:57'),
(174, 2, NULL, 2, 1, '2014-03-26 09:29:14'),
(175, 2, NULL, 2, 1, '2014-03-26 09:33:21'),
(176, 2, NULL, 2, 1, '2014-03-26 09:34:44'),
(177, 2, NULL, 2, 1, '2014-03-26 09:36:23'),
(178, 2, NULL, 2, 1, '2014-03-26 09:36:45'),
(179, 2, NULL, 2, 1, '2014-03-26 09:38:19'),
(180, 2, NULL, 2, 1, '2014-03-26 09:39:15'),
(181, 10, NULL, 0, 1, '2014-03-26 09:45:43'),
(182, 10, NULL, 0, 1, '2014-03-26 09:50:26'),
(183, 10, NULL, 0, 1, '2014-03-26 09:51:42'),
(184, 10, NULL, 0, 1, '2014-03-26 09:53:51'),
(185, 10, NULL, 0, 1, '2014-03-26 09:57:23'),
(186, 2, NULL, 2, 1, '2014-03-26 09:59:57'),
(187, 2, NULL, 2, 1, '2014-03-26 10:00:37'),
(188, 2, NULL, 2, 1, '2014-03-26 10:00:53'),
(189, 2, NULL, 0, 1, '2014-03-26 10:01:53'),
(190, 2, NULL, 0, 1, '2014-03-26 10:03:52'),
(191, 2, NULL, 0, 1, '2014-03-26 10:05:33'),
(192, 2, NULL, 0, 1, '2014-03-26 10:07:33'),
(193, 2, NULL, 0, 1, '2014-03-26 10:09:22'),
(194, 2, NULL, 0, 1, '2014-03-26 10:12:01'),
(195, 2, NULL, 0, 1, '2014-03-26 10:13:29'),
(196, 2, NULL, 0, 1, '2014-03-26 10:14:56'),
(197, 2, NULL, 0, 1, '2014-03-26 10:15:32'),
(198, 2, NULL, 0, 1, '2014-03-26 10:16:36'),
(199, 2, NULL, 0, 1, '2014-03-26 10:19:47'),
(200, 2, NULL, 0, 1, '2014-03-26 10:26:48'),
(201, 2, NULL, 0, 1, '2014-03-26 10:31:12'),
(202, 2, NULL, 0, 1, '2014-03-26 10:31:56'),
(203, 2, NULL, 0, 1, '2014-03-26 10:33:25'),
(204, 2, NULL, 0, 1, '2014-03-26 10:34:02'),
(205, 2, NULL, 0, 1, '2014-03-26 10:35:04'),
(206, 2, NULL, 0, 1, '2014-03-26 10:36:38'),
(207, 2, NULL, 0, 1, '2014-03-26 10:43:11'),
(208, 2, NULL, 0, 1, '2014-03-26 10:44:28'),
(209, 2, NULL, 0, 1, '2014-03-26 10:44:55'),
(210, 2, NULL, 0, 1, '2014-03-26 10:47:14'),
(211, 2, NULL, 0, 1, '2014-03-26 10:48:40'),
(212, 2, NULL, 0, 1, '2014-03-26 10:50:17'),
(213, 2, NULL, 0, 1, '2014-03-26 10:51:06'),
(214, 2, NULL, 0, 1, '2014-03-26 10:51:26'),
(215, 2, NULL, 0, 1, '2014-03-26 10:52:16'),
(216, 2, NULL, 0, 1, '2014-03-26 10:52:50'),
(217, 2, NULL, 0, 1, '2014-03-26 10:53:52'),
(218, 2, NULL, 0, 1, '2014-03-26 10:55:18'),
(219, 2, NULL, 0, 1, '2014-03-26 10:55:33'),
(220, 2, NULL, 0, 1, '2014-03-26 10:55:45'),
(221, 2, NULL, 0, 1, '2014-03-26 10:56:01'),
(222, 2, NULL, 0, 1, '2014-03-26 10:56:36'),
(223, 2, NULL, 0, 1, '2014-03-26 10:58:12'),
(224, 2, NULL, 0, 1, '2014-03-26 11:03:34'),
(225, 2, NULL, 0, 1, '2014-03-26 11:04:01'),
(226, 2, NULL, 0, 1, '2014-03-26 11:04:27'),
(227, 2, NULL, 0, 1, '2014-03-26 11:07:24'),
(228, 2, NULL, 0, 1, '2014-03-26 11:08:37'),
(229, 2, NULL, 0, 1, '2014-03-26 11:09:12'),
(230, 2, NULL, 0, 1, '2014-03-26 11:09:53'),
(231, 61, NULL, 0, 3, '2014-03-26 11:11:56'),
(232, 2, NULL, 0, 1, '2014-03-26 11:12:13'),
(233, 61, NULL, 0, 1, '2014-03-26 11:13:20'),
(234, 61, NULL, 0, 1, '2014-03-26 11:14:28'),
(235, 61, NULL, 2, 1, '2014-03-26 11:18:12'),
(236, 1, NULL, 2, 1, '2014-03-26 11:18:29'),
(237, 61, NULL, 6, 3, '2014-03-26 11:19:18'),
(238, 1, NULL, 6, 3, '2014-03-26 11:21:39'),
(239, 61, NULL, 2, 1, '2014-03-26 11:22:12'),
(240, 61, NULL, 2, 1, '2014-03-26 11:22:42'),
(241, 61, NULL, 0, 1, '2014-03-26 11:22:53'),
(242, 61, NULL, 0, 5, '2014-03-26 11:23:44'),
(243, 61, NULL, 0, 1, '2014-03-26 11:23:58'),
(244, 61, NULL, 0, 1, '2014-03-26 11:25:03'),
(245, 1, NULL, 2, 1, '2014-03-26 11:34:57'),
(246, 1, NULL, 2, 1, '2014-03-26 11:35:00'),
(247, 1, NULL, 2, 1, '2014-03-26 11:35:02'),
(248, 10, NULL, 0, 1, '2014-03-26 11:35:20'),
(249, 10, NULL, 0, 1, '2014-03-26 11:36:38'),
(250, 10, NULL, 0, 1, '2014-03-26 11:38:52'),
(251, 10, NULL, 0, 1, '2014-03-26 11:39:37'),
(252, 10, NULL, 0, 1, '2014-03-26 11:50:24'),
(253, 10, NULL, 0, 1, '2014-03-26 12:28:47'),
(254, 10, NULL, 0, 1, '2014-03-26 13:08:18'),
(255, 10, NULL, 0, 1, '2014-03-26 14:02:35'),
(256, 10, NULL, 0, 1, '2014-03-26 14:20:42'),
(257, 10, NULL, 0, 1, '2014-03-26 14:41:08'),
(258, 10, NULL, 0, 1, '2014-03-26 14:42:17'),
(259, 10, NULL, 0, 1, '2014-03-26 14:43:20'),
(260, 10, NULL, 0, 1, '2014-03-26 14:46:10'),
(261, 10, NULL, 0, 1, '2014-03-26 14:51:47'),
(262, 10, NULL, 0, 1, '2014-03-26 14:57:38'),
(263, 10, NULL, 0, 1, '2014-03-26 15:21:15'),
(264, 10, NULL, 2, 1, '2014-03-26 15:29:47'),
(265, 10, NULL, 2, 1, '2014-03-26 15:32:46'),
(266, 0, NULL, 3, 1, '2014-03-26 15:32:57'),
(267, 10, NULL, 2, 1, '2014-03-26 15:33:03'),
(268, 10, NULL, 0, 1, '2014-03-26 15:33:07'),
(269, 10, NULL, 2, 1, '2014-03-26 15:33:58'),
(270, 10, NULL, 2, 1, '2014-03-26 15:36:51'),
(271, 10, NULL, 0, 1, '2014-03-26 15:36:58'),
(272, 0, NULL, 0, 3, '2014-03-26 15:38:49'),
(273, 10, NULL, 0, 1, '2014-03-26 15:39:24'),
(274, 10, NULL, 0, 1, '2014-03-26 15:46:14'),
(275, 10, NULL, 0, 1, '2014-03-26 15:46:27'),
(276, 29, NULL, 0, 1, '2014-03-26 15:47:18'),
(277, 29, NULL, 2, 1, '2014-03-26 15:47:49'),
(278, 0, NULL, 3, 1, '2014-03-26 15:48:01'),
(279, 29, NULL, 0, 1, '2014-03-26 15:48:16'),
(280, 10, NULL, 0, 1, '2014-03-26 15:55:04'),
(281, 0, NULL, 3, 1, '2014-03-26 16:25:00'),
(282, 0, NULL, 3, 1, '2014-03-26 16:25:03'),
(283, 0, NULL, 3, 1, '2014-03-26 16:25:14'),
(284, 10, NULL, 0, 1, '2014-03-26 16:26:59'),
(285, 0, NULL, 3, 1, '2014-03-26 16:36:57'),
(286, 0, NULL, 3, 1, '2014-03-26 16:37:08'),
(287, 10, NULL, 0, 1, '2014-03-26 16:37:23'),
(288, 29, NULL, 0, 1, '2014-03-26 16:45:07'),
(289, 10, NULL, 0, 1, '2014-03-26 16:48:26'),
(290, 10, NULL, 0, 1, '2014-03-26 16:57:12'),
(291, 28, NULL, 2, 1, '2014-03-26 16:57:57'),
(292, 29, NULL, 0, 1, '2014-03-26 17:20:54'),
(293, 29, NULL, 0, 1, '2014-03-26 17:23:55'),
(294, 0, NULL, 3, 1, '2014-03-26 17:26:53'),
(295, 29, NULL, 0, 1, '2014-03-26 17:27:29'),
(296, 10, NULL, 0, 1, '2014-03-26 17:30:06'),
(297, 10, NULL, 0, 1, '2014-03-26 17:32:21'),
(298, 0, NULL, 3, 1, '2014-03-26 17:34:03'),
(299, 29, NULL, 0, 1, '2014-03-26 17:34:19'),
(300, 29, NULL, 0, 1, '2014-03-26 17:37:06'),
(301, 29, NULL, 0, 1, '2014-03-26 17:39:03'),
(302, 29, NULL, 0, 1, '2014-03-26 17:42:31'),
(303, 29, NULL, 0, 1, '2014-03-26 17:44:57'),
(304, 29, NULL, 0, 1, '2014-03-26 17:47:57'),
(305, 29, NULL, 0, 1, '2014-03-26 17:51:15'),
(306, 29, NULL, 0, 1, '2014-03-26 17:52:16'),
(307, 29, NULL, 0, 1, '2014-03-26 17:54:56'),
(308, 29, NULL, 0, 1, '2014-03-26 17:55:55'),
(309, 0, NULL, 3, 1, '2014-03-26 17:56:45'),
(310, 29, NULL, 0, 1, '2014-03-26 17:56:56'),
(311, 29, NULL, 0, 1, '2014-03-26 17:58:11'),
(312, 10, NULL, 0, 1, '2014-03-26 18:14:58'),
(313, 10, NULL, 0, 1, '2014-03-26 18:47:29'),
(314, 29, NULL, 0, 1, '2014-03-26 18:48:29'),
(315, 10, NULL, 0, 1, '2014-03-26 19:47:07'),
(316, 29, NULL, 0, 1, '2014-03-26 20:28:16'),
(317, 29, NULL, 0, 1, '2014-03-26 20:30:23'),
(318, 29, NULL, 0, 1, '2014-03-26 20:33:24'),
(319, 29, NULL, 0, 1, '2014-03-26 20:40:17'),
(320, 29, NULL, 0, 1, '2014-03-26 20:41:34'),
(321, 29, NULL, 0, 1, '2014-03-26 20:43:50'),
(322, 29, NULL, 0, 1, '2014-03-26 20:45:43'),
(323, 29, NULL, 0, 1, '2014-03-26 20:47:48'),
(324, 29, NULL, 0, 1, '2014-03-26 20:49:42'),
(325, 29, NULL, 0, 1, '2014-03-26 20:51:54'),
(326, 29, NULL, 0, 1, '2014-03-26 20:54:48'),
(327, 29, NULL, 0, 1, '2014-03-26 21:00:19'),
(328, 10, NULL, 0, 1, '2014-03-26 21:04:58'),
(329, 0, NULL, 3, 1, '2014-03-26 21:36:42'),
(330, 29, NULL, 0, 1, '2014-03-26 21:37:06'),
(331, 29, NULL, 0, 1, '2014-03-26 21:44:40'),
(332, 29, NULL, 0, 1, '2014-03-26 21:44:41'),
(333, 2, NULL, 2, 1, '2014-03-26 21:45:27'),
(334, 2, NULL, 0, 1, '2014-03-26 21:45:47'),
(335, 0, NULL, 3, 1, '2014-03-26 22:02:14'),
(336, 0, NULL, 0, 3, '2014-03-26 22:02:48'),
(337, 0, NULL, 3, 1, '2014-03-26 22:02:52'),
(338, 0, NULL, 3, 1, '2014-03-26 22:03:03'),
(339, 0, NULL, 0, 3, '2014-03-26 22:03:54'),
(340, 0, NULL, 3, 1, '2014-03-26 22:03:57'),
(341, 10, NULL, 0, 1, '2014-03-26 22:04:23'),
(342, 0, NULL, 0, 3, '2014-03-26 22:07:37'),
(343, 0, NULL, 3, 1, '2014-03-26 22:07:47'),
(344, 10, NULL, 0, 1, '2014-03-26 22:10:27'),
(345, 29, NULL, 0, 1, '2014-03-26 22:23:14'),
(346, 29, NULL, 0, 1, '2014-03-26 22:33:34'),
(347, 29, NULL, 0, 1, '2014-03-26 22:45:07'),
(348, 29, NULL, 5, 6, '2014-03-26 22:45:07'),
(349, 29, NULL, 0, 1, '2014-03-26 22:47:19'),
(350, 29, NULL, 5, 6, '2014-03-26 22:47:20'),
(351, 29, NULL, 0, 1, '2014-03-26 22:49:41'),
(352, 29, NULL, 5, 6, '2014-03-26 22:49:42'),
(353, 29, NULL, 0, 1, '2014-03-26 22:50:56'),
(354, 29, NULL, 5, 6, '2014-03-26 22:50:57'),
(355, 29, NULL, 0, 1, '2014-03-26 22:59:27'),
(356, 29, NULL, 5, 6, '2014-03-26 22:59:28'),
(357, 29, NULL, 0, 1, '2014-03-26 23:01:45'),
(358, 29, NULL, 5, 6, '2014-03-26 23:01:46'),
(359, 29, NULL, 0, 1, '2014-03-26 23:06:28'),
(360, 29, NULL, 5, 6, '2014-03-26 23:06:29'),
(361, 29, NULL, 0, 1, '2014-03-26 23:23:24'),
(362, 29, NULL, 5, 6, '2014-03-26 23:23:25'),
(363, 29, NULL, 5, 6, '2014-03-26 23:23:33'),
(364, 29, NULL, 5, 6, '2014-03-26 23:27:22'),
(365, 29, NULL, 0, 1, '2014-03-26 23:31:18'),
(366, 29, NULL, 5, 6, '2014-03-26 23:31:19'),
(367, 29, NULL, 0, 5, '2014-03-26 23:32:17'),
(368, 29, NULL, 0, 5, '2014-03-26 23:33:02'),
(369, 29, NULL, 0, 5, '2014-03-26 23:33:07'),
(370, 29, NULL, 0, 1, '2014-03-26 23:38:09'),
(371, 29, NULL, 5, 6, '2014-03-26 23:38:10'),
(372, 29, NULL, 0, 5, '2014-03-26 23:38:43'),
(373, 29, NULL, 0, 5, '2014-03-26 23:38:49'),
(374, 29, NULL, 0, 5, '2014-03-26 23:38:55'),
(375, 29, NULL, 0, 6, '2014-03-26 23:39:00'),
(376, 29, NULL, 0, 1, '2014-03-26 23:40:19'),
(377, 29, NULL, 0, 6, '2014-03-26 23:40:21'),
(378, 29, NULL, 0, 5, '2014-03-26 23:40:44'),
(379, 29, NULL, 0, 1, '2014-03-26 23:42:09'),
(380, 29, NULL, 0, 6, '2014-03-26 23:42:10'),
(381, 29, NULL, 0, 6, '2014-03-26 23:42:28'),
(382, 29, NULL, 0, 1, '2014-03-26 23:45:38'),
(383, 29, NULL, 0, 6, '2014-03-26 23:45:40'),
(384, 29, NULL, 0, 1, '2014-03-26 23:59:38'),
(385, 29, NULL, 0, 6, '2014-03-26 23:59:39'),
(386, 10, NULL, 0, 1, '2014-03-27 02:04:29'),
(387, 0, NULL, 0, 3, '2014-03-27 02:05:06'),
(388, 0, NULL, 3, 1, '2014-03-27 02:05:19'),
(389, 61, NULL, 2, 1, '2014-03-27 02:17:57'),
(390, 61, NULL, 2, 1, '2014-03-27 02:18:06'),
(391, 61, NULL, 0, 1, '2014-03-27 02:18:12'),
(392, 29, NULL, 0, 1, '2014-03-27 08:33:42'),
(393, 29, NULL, 0, 6, '2014-03-27 08:33:46'),
(394, 29, NULL, 0, 1, '2014-03-27 08:38:36'),
(395, 29, NULL, 0, 6, '2014-03-27 08:38:39'),
(396, 29, NULL, 0, 1, '2014-03-27 08:44:05'),
(397, 29, NULL, 0, 6, '2014-03-27 08:44:08'),
(398, 29, NULL, 0, 1, '2014-03-27 08:45:20'),
(399, 29, NULL, 0, 6, '2014-03-27 08:45:23'),
(400, 29, NULL, 0, 1, '2014-03-27 08:49:12'),
(401, 29, NULL, 0, 6, '2014-03-27 08:49:15'),
(402, 29, NULL, 0, 1, '2014-03-27 08:53:09'),
(403, 29, NULL, 0, 6, '2014-03-27 08:53:13'),
(404, 29, NULL, 0, 1, '2014-03-27 08:56:26'),
(405, 29, NULL, 0, 6, '2014-03-27 08:56:33'),
(406, 29, NULL, 0, 1, '2014-03-27 09:01:42'),
(407, 29, NULL, 0, 6, '2014-03-27 09:01:46'),
(408, 29, NULL, 0, 1, '2014-03-27 09:03:47'),
(409, 29, NULL, 0, 6, '2014-03-27 09:03:50'),
(410, 29, NULL, 0, 1, '2014-03-27 09:09:02'),
(411, 29, NULL, 0, 6, '2014-03-27 09:09:05'),
(412, 29, NULL, 0, 1, '2014-03-27 09:12:39'),
(413, 29, NULL, 0, 6, '2014-03-27 09:12:42'),
(414, 29, NULL, 0, 1, '2014-03-27 09:14:41'),
(415, 29, NULL, 0, 6, '2014-03-27 09:14:44'),
(416, 29, NULL, 0, 1, '2014-03-27 09:18:19'),
(417, 29, NULL, 0, 6, '2014-03-27 09:18:23'),
(418, 29, NULL, 0, 1, '2014-03-27 09:21:23'),
(419, 29, NULL, 0, 6, '2014-03-27 09:21:26'),
(420, 29, NULL, 0, 1, '2014-03-27 09:24:47'),
(421, 29, NULL, 0, 6, '2014-03-27 09:24:50'),
(422, 29, NULL, 0, 1, '2014-03-27 09:31:27'),
(423, 29, NULL, 0, 6, '2014-03-27 09:31:30'),
(424, 29, NULL, 0, 1, '2014-03-27 09:33:36'),
(425, 29, NULL, 0, 6, '2014-03-27 09:33:40'),
(426, 29, NULL, 0, 1, '2014-03-27 09:35:13'),
(427, 29, NULL, 0, 6, '2014-03-27 09:35:16'),
(428, 29, NULL, 0, 1, '2014-03-27 09:37:31'),
(429, 29, NULL, 0, 6, '2014-03-27 09:37:34'),
(430, 29, NULL, 0, 1, '2014-03-27 09:43:40'),
(431, 29, NULL, 0, 6, '2014-03-27 09:43:43'),
(432, 29, NULL, 0, 1, '2014-03-27 09:46:22'),
(433, 29, NULL, 0, 6, '2014-03-27 09:46:26'),
(434, 29, NULL, 0, 1, '2014-03-27 09:52:16'),
(435, 29, NULL, 0, 6, '2014-03-27 09:52:19'),
(436, 0, NULL, 3, 2, '2014-03-27 09:55:59'),
(437, 0, NULL, 3, 2, '2014-03-27 09:56:09'),
(438, 0, NULL, 3, 2, '2014-03-27 09:56:14'),
(439, 0, NULL, 3, 2, '2014-03-27 09:56:36'),
(440, 0, NULL, 3, 2, '2014-03-27 09:58:59'),
(441, 0, NULL, 3, 2, '2014-03-27 09:59:08'),
(442, 29, NULL, 0, 1, '2014-03-27 10:13:44'),
(443, 29, NULL, 0, 1, '2014-03-27 10:14:06'),
(444, 29, NULL, 0, 1, '2014-03-27 10:14:33'),
(445, 10, NULL, 0, 1, '2014-03-27 10:15:04'),
(446, 0, NULL, 0, 2, '2014-03-27 10:16:51'),
(447, 29, NULL, 0, 1, '2014-03-27 10:17:07'),
(448, 29, NULL, 0, 6, '2014-03-27 10:17:09'),
(449, 29, NULL, 0, 1, '2014-03-27 10:18:54'),
(450, 29, NULL, 0, 6, '2014-03-27 10:18:57'),
(451, 29, NULL, 0, 1, '2014-03-27 10:23:07'),
(452, 29, NULL, 0, 6, '2014-03-27 10:23:11'),
(453, 29, NULL, 0, 1, '2014-03-27 10:26:35'),
(454, 29, NULL, 0, 6, '2014-03-27 10:26:37'),
(455, 29, NULL, 0, 1, '2014-03-27 10:35:49'),
(456, 29, NULL, 9, 6, '2014-03-27 10:35:52'),
(457, 29, NULL, 9, 6, '2014-03-27 10:37:18'),
(458, 29, NULL, 9, 6, '2014-03-27 10:37:45'),
(459, 29, NULL, 9, 6, '2014-03-27 10:37:56'),
(460, 29, NULL, 0, 1, '2014-03-27 10:38:38'),
(461, 29, NULL, 9, 6, '2014-03-27 10:38:41'),
(462, 29, NULL, 0, 1, '2014-03-27 10:40:06'),
(463, 29, NULL, 9, 6, '2014-03-27 10:40:11'),
(464, 29, NULL, 4, 6, '2014-03-27 10:42:45'),
(465, 29, NULL, 11, 6, '2014-03-27 10:43:57'),
(466, 2, NULL, 11, 6, '2014-03-27 10:44:14'),
(467, 0, NULL, 0, 8, '2014-03-27 10:44:38'),
(468, 29, NULL, 11, 6, '2014-03-27 10:44:50'),
(469, 0, NULL, 0, 8, '2014-03-27 10:45:00'),
(470, 29, NULL, 0, 6, '2014-03-27 10:46:31'),
(471, 0, NULL, 0, 8, '2014-03-27 10:46:39'),
(472, 2, NULL, 11, 6, '2014-03-27 10:46:42'),
(473, 2, NULL, 8, 6, '2014-03-27 10:46:47'),
(474, 2, NULL, 8, 6, '2014-03-27 10:46:54'),
(475, 2, NULL, 9, 6, '2014-03-27 10:47:03'),
(476, 2, NULL, 11, 6, '2014-03-27 10:47:12'),
(477, 29, NULL, 0, 1, '2014-03-27 10:47:25'),
(478, 29, NULL, 11, 6, '2014-03-27 10:47:29'),
(479, 2, NULL, 9, 6, '2014-03-27 10:49:29'),
(480, 2, NULL, 9, 6, '2014-03-27 10:51:52'),
(481, 2, NULL, 20, 6, '2014-03-27 10:52:05'),
(482, 10, NULL, 0, 1, '2014-03-27 10:52:38'),
(483, 2, NULL, 20, 6, '2014-03-27 10:52:42'),
(484, 0, NULL, 3, 1, '2014-03-27 10:53:35'),
(485, 10, NULL, 0, 1, '2014-03-27 10:53:50'),
(486, 2, NULL, 20, 6, '2014-03-27 10:54:45'),
(487, 29, NULL, 20, 6, '2014-03-27 10:55:05'),
(488, 2, NULL, 20, 6, '2014-03-27 10:56:24'),
(489, 2, NULL, 21, 6, '2014-03-27 10:58:28'),
(490, 29, NULL, 21, 6, '2014-03-27 10:58:46'),
(491, 29, NULL, 21, 6, '2014-03-27 10:59:04'),
(492, 29, NULL, 0, 6, '2014-03-27 11:00:24'),
(493, 2, NULL, 11, 6, '2014-03-27 11:00:33'),
(494, 29, NULL, 0, 1, '2014-03-27 11:02:16'),
(495, 29, NULL, 0, 6, '2014-03-27 11:02:18'),
(496, 29, NULL, 0, 1, '2014-03-27 11:14:24'),
(497, 29, NULL, 0, 6, '2014-03-27 11:14:28'),
(501, 0, NULL, 0, 8, '2014-03-27 11:28:42'),
(503, 0, NULL, 0, 8, '2014-03-27 11:29:30'),
(504, 0, NULL, 0, 8, '2014-03-27 11:29:32'),
(511, 29, NULL, 0, 1, '2014-03-27 11:34:07'),
(512, 29, NULL, 0, 6, '2014-03-27 11:34:10'),
(514, 29, NULL, 0, 1, '2014-03-27 12:01:15'),
(515, 29, NULL, 0, 6, '2014-03-27 12:01:17'),
(516, 29, NULL, 0, 1, '2014-03-27 12:04:48'),
(517, 29, NULL, 0, 6, '2014-03-27 12:04:52'),
(518, 0, NULL, 3, 1, '2014-03-27 12:05:59'),
(519, 0, NULL, 3, 1, '2014-03-27 12:06:15'),
(520, 29, NULL, 0, 1, '2014-03-27 12:07:44'),
(521, 29, NULL, 0, 6, '2014-03-27 12:07:46'),
(522, 0, NULL, 3, 1, '2014-03-27 12:10:08'),
(523, 29, NULL, 0, 1, '2014-03-27 12:13:54'),
(524, 0, NULL, 3, 1, '2014-03-27 12:23:21'),
(525, 29, NULL, 0, 1, '2014-03-27 12:23:40'),
(526, 0, NULL, 0, 3, '2014-03-27 12:26:27'),
(527, 0, NULL, 3, 1, '2014-03-27 12:26:51'),
(528, 0, NULL, 3, 1, '2014-03-27 12:27:17'),
(529, 0, NULL, 0, 3, '2014-03-27 12:29:38'),
(530, 0, NULL, 3, 1, '2014-03-27 12:29:58'),
(531, 0, NULL, 3, 1, '2014-03-27 12:30:17'),
(532, 29, NULL, 0, 1, '2014-03-27 12:33:17'),
(533, 29, NULL, 0, 1, '2014-03-27 12:35:09'),
(534, 29, NULL, 0, 1, '2014-03-27 12:37:05'),
(535, 29, NULL, 0, 1, '2014-03-27 12:38:33'),
(536, 29, NULL, 20, 6, '2014-03-27 12:38:44'),
(537, 29, NULL, 20, 6, '2014-03-27 12:38:53'),
(538, 29, NULL, 20, 6, '2014-03-27 12:38:56'),
(539, 29, NULL, 0, 1, '2014-03-27 12:41:46'),
(540, 29, NULL, 20, 6, '2014-03-27 12:41:58'),
(541, 29, NULL, 20, 6, '2014-03-27 12:42:03'),
(542, 29, NULL, 0, 1, '2014-03-27 12:45:46'),
(543, 29, NULL, 0, 6, '2014-03-27 12:45:56'),
(544, 29, NULL, 0, 6, '2014-03-27 12:45:59'),
(545, 29, NULL, 0, 1, '2014-03-27 12:46:33'),
(546, 29, NULL, 0, 6, '2014-03-27 12:46:43'),
(547, 29, NULL, 0, 6, '2014-03-27 12:46:44'),
(548, 29, NULL, 0, 1, '2014-03-27 12:47:25'),
(549, 29, NULL, 20, 6, '2014-03-27 12:47:35'),
(550, 29, NULL, 20, 6, '2014-03-27 12:47:38'),
(551, 29, NULL, 0, 1, '2014-03-27 12:48:50'),
(552, 29, NULL, 20, 6, '2014-03-27 12:49:00'),
(553, 29, NULL, 20, 6, '2014-03-27 12:49:03'),
(554, 29, NULL, 0, 1, '2014-03-27 12:50:05'),
(555, 29, NULL, 20, 6, '2014-03-27 12:50:15'),
(556, 29, NULL, 0, 1, '2014-03-27 12:52:31'),
(557, 29, NULL, 20, 6, '2014-03-27 12:52:43'),
(558, 29, NULL, 20, 6, '2014-03-27 12:52:53'),
(559, 29, NULL, 0, 1, '2014-03-27 12:53:48'),
(560, 29, NULL, 20, 6, '2014-03-27 12:53:58'),
(561, 29, NULL, 0, 1, '2014-03-27 12:55:15'),
(562, 29, NULL, 20, 6, '2014-03-27 12:55:25'),
(563, 29, NULL, 20, 6, '2014-03-27 12:55:27'),
(564, 29, NULL, 0, 1, '2014-03-27 12:56:21'),
(565, 29, NULL, 0, 6, '2014-03-27 12:56:31'),
(566, 29, NULL, 0, 6, '2014-03-27 12:56:32'),
(567, 29, NULL, 0, 1, '2014-03-27 12:57:32'),
(568, 29, NULL, 0, 1, '2014-03-27 13:02:19'),
(569, 29, NULL, 0, 6, '2014-03-27 13:02:28'),
(570, 29, NULL, 0, 6, '2014-03-27 13:02:29'),
(571, 0, NULL, 0, 3, '2014-03-27 13:12:31'),
(572, 0, NULL, 3, 1, '2014-03-27 13:12:45'),
(573, 0, NULL, 3, 1, '2014-03-27 13:12:55'),
(574, 0, NULL, 0, 3, '2014-03-27 13:26:21'),
(575, 0, NULL, 3, 1, '2014-03-27 13:26:32'),
(576, 0, NULL, 0, 3, '2014-03-27 13:27:39'),
(577, 29, NULL, 0, 1, '2014-03-27 13:30:43'),
(578, 29, NULL, 0, 5, '2014-03-27 13:31:23'),
(579, 29, NULL, 0, 1, '2014-03-27 13:31:42'),
(580, 0, NULL, 3, 1, '2014-03-27 13:35:11'),
(581, 29, NULL, 2, 1, '2014-03-27 13:36:54'),
(582, 29, NULL, 0, 1, '2014-03-27 13:37:08'),
(583, 29, NULL, 0, 5, '2014-03-27 13:37:32'),
(584, 0, NULL, 3, 1, '2014-03-27 14:07:12'),
(585, 29, NULL, 0, 1, '2014-03-27 14:07:31'),
(586, 29, NULL, 0, 6, '2014-03-27 14:07:40'),
(587, 29, NULL, 0, 6, '2014-03-27 14:07:41'),
(588, 29, NULL, 0, 1, '2014-03-27 14:13:06'),
(589, 10, NULL, 6, 3, '2014-03-27 14:15:38'),
(590, 0, NULL, 0, 3, '2014-03-27 14:16:37'),
(591, 0, NULL, 3, 1, '2014-03-27 14:16:53'),
(592, 10, NULL, 0, 1, '2014-03-27 14:17:22'),
(593, 2, NULL, 2, 1, '2014-03-27 14:17:59'),
(594, 2, NULL, 0, 1, '2014-03-27 14:18:24'),
(595, 29, NULL, 0, 1, '2014-03-27 14:19:24'),
(596, 0, NULL, 3, 1, '2014-03-27 14:20:07'),
(597, 1, NULL, 2, 1, '2014-03-27 14:20:45'),
(598, 0, NULL, 0, 3, '2014-03-27 14:21:25'),
(599, 0, NULL, 3, 1, '2014-03-27 14:21:41'),
(600, 0, NULL, 0, 3, '2014-03-27 14:22:23'),
(601, 0, NULL, 3, 1, '2014-03-27 14:22:37'),
(602, 0, NULL, 3, 1, '2014-03-27 14:25:51'),
(603, 29, NULL, 0, 1, '2014-03-27 14:26:08'),
(604, 62, NULL, 0, 3, '2014-03-27 14:35:36'),
(605, 62, NULL, 0, 1, '2014-03-27 14:35:45'),
(606, 0, NULL, 3, 1, '2014-03-27 14:38:36'),
(607, 0, NULL, 3, 1, '2014-03-27 14:38:46'),
(608, 29, NULL, 0, 1, '2014-03-27 14:39:12'),
(609, 0, NULL, 3, 1, '2014-03-27 14:39:24'),
(610, 0, NULL, 3, 1, '2014-03-27 14:39:38'),
(611, 29, NULL, 0, 1, '2014-03-27 14:42:01'),
(612, 0, NULL, 0, 3, '2014-03-27 14:45:47'),
(613, 29, NULL, 0, 1, '2014-03-27 15:09:12'),
(614, 29, NULL, 0, 1, '2014-03-27 15:15:24'),
(615, 29, NULL, 21, 6, '2014-03-27 15:16:10'),
(616, 29, NULL, 4, 6, '2014-03-27 15:16:17'),
(617, 29, NULL, 0, 1, '2014-03-27 15:17:00'),
(618, 29, NULL, 4, 6, '2014-03-27 15:17:13'),
(619, 29, NULL, 4, 6, '2014-03-27 15:17:24'),
(620, 29, NULL, 4, 6, '2014-03-27 15:17:25'),
(621, 64, NULL, 0, 3, '2014-03-27 15:17:28'),
(622, 64, NULL, 0, 1, '2014-03-27 15:18:03'),
(623, 29, NULL, 4, 6, '2014-03-27 15:18:09'),
(624, 29, NULL, 0, 1, '2014-03-27 15:22:19'),
(625, 29, NULL, 4, 6, '2014-03-27 15:22:44'),
(626, 0, NULL, 0, 10, '2014-03-27 15:22:56'),
(627, 0, NULL, 0, 10, '2014-03-27 15:23:07'),
(628, 0, NULL, 0, 10, '2014-03-27 15:23:17'),
(629, 29, NULL, 0, 6, '2014-03-27 15:25:21'),
(630, 29, NULL, 0, 6, '2014-03-27 15:25:55'),
(631, 29, NULL, 0, 1, '2014-03-27 15:26:21'),
(632, 29, NULL, 0, 6, '2014-03-27 15:27:06'),
(633, 0, NULL, 0, 10, '2014-03-27 15:37:03'),
(634, 0, NULL, 0, 10, '2014-03-27 15:37:12'),
(635, 0, NULL, 0, 10, '2014-03-27 15:37:33'),
(636, 0, NULL, 0, 10, '2014-03-27 15:37:41'),
(637, 0, NULL, 0, 10, '2014-03-27 15:39:05'),
(638, 0, NULL, 0, 10, '2014-03-27 15:39:23'),
(639, 0, NULL, 0, 10, '2014-03-27 15:39:56'),
(640, 0, NULL, 0, 10, '2014-03-27 15:41:04'),
(641, 0, NULL, 0, 10, '2014-03-27 15:41:11'),
(642, 0, NULL, 0, 10, '2014-03-27 15:41:32'),
(643, 0, NULL, 0, 10, '2014-03-27 15:41:47'),
(644, 29, NULL, 0, 1, '2014-03-27 15:46:31'),
(645, 29, NULL, 0, 1, '2014-03-27 15:51:22'),
(646, 0, NULL, 0, 10, '2014-03-27 15:53:50'),
(647, 0, NULL, 0, 10, '2014-03-27 15:54:00'),
(648, 0, NULL, 0, 10, '2014-03-27 15:54:28'),
(649, 29, NULL, 0, 1, '2014-03-27 15:54:41'),
(650, 0, NULL, 3, 6, '2014-03-27 15:54:48'),
(651, 29, NULL, 0, 6, '2014-03-27 15:55:03'),
(652, 0, NULL, 0, 10, '2014-03-27 15:55:22'),
(653, 0, NULL, 0, 10, '2014-03-27 15:55:25'),
(654, 0, NULL, 0, 10, '2014-03-27 15:55:40'),
(655, 64, NULL, 0, 1, '2014-03-27 15:56:28'),
(656, 29, NULL, 0, 1, '2014-03-27 15:57:10'),
(657, 0, NULL, 3, 1, '2014-03-27 15:57:24'),
(658, 65, NULL, 0, 3, '2014-03-27 15:58:12'),
(659, 65, NULL, 2, 1, '2014-03-27 15:58:19'),
(660, 65, NULL, 2, 1, '2014-03-27 15:58:32'),
(661, 65, NULL, 0, 1, '2014-03-27 15:58:47'),
(662, 29, NULL, 0, 1, '2014-03-27 15:59:23'),
(663, 0, NULL, 0, 10, '2014-03-27 16:00:38'),
(664, 0, NULL, 0, 10, '2014-03-27 16:00:57'),
(665, 29, NULL, 0, 1, '2014-03-27 16:02:34'),
(666, 29, NULL, 0, 6, '2014-03-27 16:04:58'),
(667, 29, NULL, 0, 1, '2014-03-27 16:05:53'),
(668, 29, NULL, 0, 1, '2014-03-27 16:08:33'),
(669, 29, NULL, 0, 1, '2014-03-27 16:10:08'),
(670, 0, NULL, 0, 10, '2014-03-27 16:12:32'),
(671, 66, NULL, 0, 3, '2014-03-27 16:14:53'),
(672, 66, NULL, 0, 1, '2014-03-27 16:15:07'),
(673, 0, NULL, 0, 10, '2014-03-27 16:23:08'),
(674, 29, NULL, 0, 1, '2014-03-27 16:27:40'),
(675, 29, NULL, 0, 1, '2014-03-27 16:45:02'),
(676, 29, NULL, 0, 1, '2014-03-27 17:15:23'),
(677, 10, NULL, 0, 1, '2014-03-27 17:15:56'),
(678, 0, NULL, 3, 1, '2014-03-27 17:26:27'),
(679, 29, NULL, 0, 1, '2014-03-27 19:21:00'),
(680, 29, NULL, 0, 1, '2014-03-27 20:04:50'),
(681, 29, NULL, 2, 1, '2014-03-27 20:06:45'),
(682, 29, NULL, 0, 1, '2014-03-27 20:06:53'),
(683, 29, NULL, 0, 1, '2014-03-27 20:08:57'),
(684, 29, NULL, 0, 1, '2014-03-27 20:12:26'),
(685, 29, NULL, 0, 1, '2014-03-27 20:13:06'),
(686, 29, NULL, 0, 1, '2014-03-27 20:15:02'),
(687, 29, NULL, 0, 1, '2014-03-27 20:19:44'),
(688, 29, NULL, 0, 1, '2014-03-27 20:28:34'),
(689, 29, NULL, 0, 1, '2014-03-27 20:33:23'),
(690, 29, NULL, 0, 1, '2014-03-27 20:34:56'),
(691, 0, NULL, 0, 10, '2014-03-27 21:03:54'),
(692, 67, NULL, 8, 6, '2014-03-27 21:24:25'),
(693, 67, NULL, 21, 6, '2014-03-27 21:24:54'),
(694, 67, NULL, 21, 6, '2014-03-27 21:25:52'),
(695, 67, NULL, 0, 6, '2014-03-27 21:27:40'),
(696, 67, NULL, 0, 6, '2014-03-27 21:29:08'),
(697, 67, NULL, 0, 6, '2014-03-27 21:37:52'),
(698, 67, NULL, 0, 6, '2014-03-27 21:40:11'),
(699, 67, NULL, 0, 6, '2014-03-27 21:40:43'),
(700, 67, NULL, 0, 6, '2014-03-27 21:47:03'),
(701, 29, NULL, 0, 1, '2014-03-27 21:50:05'),
(702, 67, NULL, 0, 6, '2014-03-27 21:50:09'),
(703, 29, NULL, 0, 6, '2014-03-27 21:50:19'),
(704, 29, NULL, 0, 6, '2014-03-27 21:50:25'),
(705, 29, NULL, 0, 6, '2014-03-27 21:50:41'),
(706, 67, NULL, 0, 6, '2014-03-27 21:52:17'),
(707, 67, NULL, 0, 6, '2014-03-27 21:52:48'),
(708, 29, NULL, 0, 1, '2014-03-27 21:54:27'),
(709, 67, NULL, 2, 1, '2014-03-27 21:55:34'),
(710, 67, NULL, 2, 1, '2014-03-27 21:55:48'),
(711, 67, NULL, 2, 1, '2014-03-27 21:58:07'),
(712, 67, NULL, 2, 1, '2014-03-27 21:59:05'),
(713, 67, NULL, 2, 1, '2014-03-27 22:00:25'),
(714, 67, NULL, 2, 1, '2014-03-27 22:00:35'),
(715, 10, NULL, 0, 1, '2014-03-27 22:01:11'),
(716, 67, NULL, 0, 6, '2014-03-27 22:01:23'),
(717, 29, NULL, 0, 1, '2014-03-27 22:01:36'),
(718, 67, NULL, 0, 6, '2014-03-27 22:01:55'),
(719, 67, NULL, 2, 1, '2014-03-27 22:02:19'),
(720, 29, NULL, 0, 1, '2014-03-27 22:03:36'),
(721, 10, NULL, 0, 1, '2014-03-27 22:04:17'),
(722, 10, NULL, 9, 6, '2014-03-27 22:04:25'),
(723, 10, NULL, 9, 6, '2014-03-27 22:04:42'),
(724, 10, NULL, 0, 1, '2014-03-27 22:06:34'),
(725, 10, NULL, 9, 6, '2014-03-27 22:06:54'),
(726, 67, NULL, 21, 6, '2014-03-27 22:09:44'),
(727, 10, NULL, 0, 1, '2014-03-27 22:10:39'),
(728, 10, NULL, 9, 6, '2014-03-27 22:10:48'),
(729, 10, NULL, 0, 6, '2014-03-27 22:12:16'),
(730, 10, NULL, 0, 1, '2014-03-27 22:12:47'),
(731, 10, NULL, 9, 6, '2014-03-27 22:12:56'),
(732, 10, NULL, 0, 1, '2014-03-27 22:14:40'),
(733, 10, NULL, 11, 6, '2014-03-27 22:14:47'),
(734, 10, NULL, 11, 6, '2014-03-27 22:15:10'),
(735, 10, NULL, 0, 1, '2014-03-27 22:16:10'),
(736, 10, NULL, 0, 6, '2014-03-27 22:16:16'),
(737, 10, NULL, 0, 6, '2014-03-27 22:20:21'),
(738, 10, NULL, 0, 6, '2014-03-27 22:20:52'),
(739, 10, NULL, 0, 6, '2014-03-27 22:21:10'),
(740, 10, NULL, 0, 6, '2014-03-27 22:21:58'),
(741, 10, NULL, 0, 6, '2014-03-27 22:21:58'),
(742, 10, NULL, 0, 6, '2014-03-27 22:21:59'),
(743, 10, NULL, 0, 6, '2014-03-27 22:22:01'),
(744, 10, NULL, 0, 6, '2014-03-27 22:22:01'),
(745, 10, NULL, 0, 6, '2014-03-27 22:22:02'),
(746, 10, NULL, 0, 6, '2014-03-27 22:22:03'),
(747, 10, NULL, 0, 6, '2014-03-27 22:22:04'),
(748, 10, NULL, 0, 6, '2014-03-27 22:27:15'),
(749, 10, NULL, 0, 6, '2014-03-27 22:27:16'),
(750, 10, NULL, 0, 6, '2014-03-27 22:27:18'),
(751, 10, NULL, 0, 6, '2014-03-27 22:27:20'),
(752, 29, NULL, 0, 1, '2014-03-27 22:27:54'),
(753, 10, NULL, 0, 6, '2014-03-27 22:27:56'),
(754, 29, NULL, 0, 1, '2014-03-27 22:28:49'),
(755, 10, NULL, 0, 6, '2014-03-27 22:29:26'),
(756, 29, NULL, 0, 1, '2014-03-27 22:29:38'),
(757, 10, NULL, 0, 6, '2014-03-27 22:29:50'),
(758, 10, NULL, 0, 6, '2014-03-27 22:30:05'),
(759, 29, NULL, 0, 1, '2014-03-27 22:31:13'),
(760, 10, NULL, 0, 1, '2014-03-27 22:32:19'),
(761, 10, NULL, 8, 6, '2014-03-27 22:32:36'),
(762, 10, NULL, 8, 6, '2014-03-27 22:32:38'),
(763, 29, NULL, 0, 1, '2014-03-27 22:33:02'),
(764, 10, NULL, 0, 6, '2014-03-27 22:33:27'),
(765, 10, NULL, 0, 6, '2014-03-27 22:33:31'),
(766, 29, NULL, 0, 1, '2014-03-27 22:33:38'),
(767, 10, NULL, 0, 1, '2014-03-27 22:33:39'),
(768, 10, NULL, 9, 6, '2014-03-27 22:33:47'),
(769, 29, NULL, 0, 1, '2014-03-27 22:34:42'),
(770, 10, NULL, 0, 6, '2014-03-27 22:35:02'),
(771, 10, NULL, 0, 6, '2014-03-27 22:35:10'),
(772, 10, NULL, 9, 6, '2014-03-27 22:35:33'),
(773, 10, NULL, 0, 1, '2014-03-27 22:37:50'),
(774, 10, NULL, 9, 6, '2014-03-27 22:41:06'),
(775, 10, NULL, 0, 6, '2014-03-27 22:48:58'),
(776, 10, NULL, 0, 6, '2014-03-27 22:49:01'),
(777, 10, NULL, 0, 6, '2014-03-27 22:49:04'),
(778, 10, NULL, 0, 6, '2014-03-27 22:49:11'),
(779, 10, NULL, 0, 6, '2014-03-27 22:49:14'),
(780, 10, NULL, 0, 6, '2014-03-27 22:49:17'),
(781, 10, NULL, 0, 6, '2014-03-27 22:50:17'),
(782, 10, NULL, 0, 6, '2014-03-27 22:50:21'),
(783, 10, NULL, 0, 6, '2014-03-27 22:50:26'),
(784, 10, NULL, 0, 6, '2014-03-27 22:50:29'),
(785, 10, NULL, 0, 6, '2014-03-27 22:50:32'),
(786, 10, NULL, 0, 6, '2014-03-27 22:50:35'),
(787, 10, NULL, 0, 6, '2014-03-27 22:50:38'),
(788, 10, NULL, 0, 6, '2014-03-27 22:50:42'),
(789, 10, NULL, 0, 1, '2014-03-27 22:50:53'),
(790, 10, NULL, 0, 6, '2014-03-27 22:52:07'),
(791, 10, NULL, 0, 6, '2014-03-27 22:52:11'),
(792, 10, NULL, 0, 6, '2014-03-27 22:52:14'),
(793, 29, NULL, 0, 1, '2014-03-27 22:52:15'),
(794, 10, NULL, 0, 6, '2014-03-27 22:52:19'),
(795, 10, NULL, 0, 6, '2014-03-27 22:52:32'),
(796, 10, NULL, 0, 6, '2014-03-27 22:52:36'),
(797, 10, NULL, 0, 6, '2014-03-27 22:53:03'),
(798, 10, NULL, 0, 6, '2014-03-27 22:53:10'),
(799, 10, NULL, 0, 6, '2014-03-27 22:53:13'),
(800, 10, NULL, 0, 6, '2014-03-27 22:55:49'),
(801, 10, NULL, 0, 6, '2014-03-27 22:57:13'),
(802, 29, NULL, 0, 1, '2014-03-27 22:57:24'),
(803, 10, NULL, 0, 1, '2014-03-27 22:57:59'),
(804, 10, NULL, 0, 6, '2014-03-27 22:58:06'),
(805, 29, NULL, 0, 1, '2014-03-27 22:58:55'),
(806, 29, NULL, 0, 1, '2014-03-27 22:59:37'),
(807, 10, NULL, 0, 1, '2014-03-27 22:59:42'),
(808, 10, NULL, 0, 6, '2014-03-27 22:59:50'),
(809, 29, NULL, 0, 1, '2014-03-27 23:04:30'),
(810, 29, NULL, 0, 1, '2014-03-27 23:05:53'),
(811, 10, NULL, 0, 6, '2014-03-27 23:06:48'),
(812, 10, NULL, 0, 6, '2014-03-27 23:07:14'),
(813, 10, NULL, 0, 6, '2014-03-27 23:07:26'),
(814, 29, NULL, 0, 1, '2014-03-27 23:09:32'),
(815, 29, NULL, 0, 1, '2014-03-27 23:10:24'),
(816, 10, NULL, 0, 6, '2014-03-27 23:10:36'),
(817, 10, NULL, 0, 1, '2014-03-27 23:10:52'),
(818, 29, NULL, 0, 1, '2014-03-27 23:11:01'),
(819, 10, NULL, 0, 6, '2014-03-27 23:11:02'),
(820, 10, NULL, 0, 6, '2014-03-27 23:11:25'),
(821, 29, NULL, 0, 1, '2014-03-27 23:12:34'),
(822, 29, NULL, 0, 1, '2014-03-27 23:12:46'),
(823, 10, NULL, 0, 6, '2014-03-27 23:13:15'),
(824, 10, NULL, 0, 6, '2014-03-27 23:13:45'),
(825, 10, NULL, 0, 6, '2014-03-27 23:13:48'),
(826, 10, NULL, 0, 6, '2014-03-27 23:14:24'),
(827, 10, NULL, 0, 6, '2014-03-27 23:14:29'),
(828, 10, NULL, 0, 6, '2014-03-27 23:15:10'),
(829, 29, NULL, 0, 1, '2014-03-27 23:18:45'),
(830, 29, NULL, 0, 1, '2014-03-27 23:19:02'),
(831, 29, NULL, 0, 1, '2014-03-27 23:19:13'),
(832, 29, NULL, 0, 1, '2014-03-27 23:20:25'),
(833, 29, NULL, 0, 1, '2014-03-27 23:21:12'),
(834, 0, NULL, 0, 10, '2014-03-27 23:22:06'),
(835, 10, NULL, 0, 1, '2014-03-27 23:22:53'),
(836, 10, NULL, 0, 6, '2014-03-27 23:22:54'),
(837, 10, NULL, 0, 6, '2014-03-27 23:23:36'),
(838, 10, NULL, 0, 6, '2014-03-27 23:23:36'),
(839, 10, NULL, 0, 6, '2014-03-27 23:23:37'),
(840, 10, NULL, 0, 6, '2014-03-27 23:23:37'),
(841, 10, NULL, 0, 6, '2014-03-27 23:23:37'),
(842, 10, NULL, 0, 6, '2014-03-27 23:23:37'),
(843, 10, NULL, 0, 6, '2014-03-27 23:23:38'),
(844, 10, NULL, 0, 6, '2014-03-27 23:23:38'),
(845, 10, NULL, 0, 6, '2014-03-27 23:23:39'),
(846, 10, NULL, 0, 6, '2014-03-27 23:23:39'),
(847, 10, NULL, 0, 6, '2014-03-27 23:23:39'),
(848, 10, NULL, 0, 6, '2014-03-27 23:23:39'),
(849, 10, NULL, 0, 6, '2014-03-27 23:23:40'),
(850, 10, NULL, 0, 6, '2014-03-27 23:23:40'),
(851, 10, NULL, 0, 6, '2014-03-27 23:23:40'),
(852, 10, NULL, 0, 6, '2014-03-27 23:23:40'),
(853, 10, NULL, 0, 6, '2014-03-27 23:23:40'),
(854, 10, NULL, 0, 6, '2014-03-27 23:23:41'),
(855, 10, NULL, 0, 6, '2014-03-27 23:23:41'),
(856, 10, NULL, 0, 6, '2014-03-27 23:23:43'),
(857, 10, NULL, 0, 6, '2014-03-27 23:24:00'),
(858, 10, NULL, 0, 6, '2014-03-27 23:24:00'),
(859, 10, NULL, 0, 6, '2014-03-27 23:24:00'),
(860, 10, NULL, 0, 6, '2014-03-27 23:24:01'),
(861, 10, NULL, 0, 6, '2014-03-27 23:24:01'),
(862, 10, NULL, 0, 6, '2014-03-27 23:24:01'),
(863, 10, NULL, 0, 6, '2014-03-27 23:24:01'),
(864, 10, NULL, 0, 6, '2014-03-27 23:24:01'),
(865, 10, NULL, 0, 6, '2014-03-27 23:24:01'),
(866, 10, NULL, 0, 6, '2014-03-27 23:24:01'),
(867, 10, NULL, 0, 6, '2014-03-27 23:24:01'),
(868, 10, NULL, 0, 6, '2014-03-27 23:24:01'),
(869, 10, NULL, 0, 6, '2014-03-27 23:24:01'),
(870, 10, NULL, 0, 6, '2014-03-27 23:24:02'),
(871, 10, NULL, 0, 6, '2014-03-27 23:24:02'),
(872, 10, NULL, 0, 6, '2014-03-27 23:24:02'),
(873, 10, NULL, 0, 6, '2014-03-27 23:24:02'),
(874, 10, NULL, 0, 6, '2014-03-27 23:24:02'),
(875, 10, NULL, 0, 6, '2014-03-27 23:24:02'),
(876, 10, NULL, 0, 6, '2014-03-27 23:24:02'),
(877, 10, NULL, 0, 6, '2014-03-27 23:24:02'),
(878, 10, NULL, 0, 6, '2014-03-27 23:24:03'),
(879, 10, NULL, 0, 6, '2014-03-27 23:24:03'),
(880, 10, NULL, 0, 6, '2014-03-27 23:24:03'),
(881, 10, NULL, 0, 6, '2014-03-27 23:24:03'),
(882, 10, NULL, 0, 6, '2014-03-27 23:24:04'),
(883, 10, NULL, 0, 6, '2014-03-27 23:24:04'),
(884, 10, NULL, 0, 6, '2014-03-27 23:24:04'),
(885, 10, NULL, 0, 6, '2014-03-27 23:24:04'),
(886, 10, NULL, 0, 6, '2014-03-27 23:24:04'),
(887, 10, NULL, 0, 6, '2014-03-27 23:24:04'),
(888, 10, NULL, 0, 6, '2014-03-27 23:24:04'),
(889, 10, NULL, 0, 6, '2014-03-27 23:24:05'),
(890, 10, NULL, 0, 6, '2014-03-27 23:24:05'),
(891, 10, NULL, 0, 6, '2014-03-27 23:24:05'),
(892, 10, NULL, 0, 6, '2014-03-27 23:24:05'),
(893, 10, NULL, 0, 6, '2014-03-27 23:24:05'),
(894, 10, NULL, 0, 6, '2014-03-27 23:24:06'),
(895, 10, NULL, 0, 6, '2014-03-27 23:24:06'),
(896, 10, NULL, 0, 6, '2014-03-27 23:24:06'),
(897, 10, NULL, 0, 6, '2014-03-27 23:24:07'),
(898, 10, NULL, 0, 6, '2014-03-27 23:24:07'),
(899, 10, NULL, 0, 6, '2014-03-27 23:24:07'),
(900, 10, NULL, 0, 6, '2014-03-27 23:24:08'),
(901, 10, NULL, 0, 6, '2014-03-27 23:24:08'),
(902, 10, NULL, 0, 6, '2014-03-27 23:24:09'),
(903, 10, NULL, 0, 1, '2014-03-27 23:24:09'),
(904, 10, NULL, 0, 6, '2014-03-27 23:24:11'),
(905, 10, NULL, 0, 1, '2014-03-27 23:24:27'),
(906, 10, NULL, 0, 6, '2014-03-27 23:24:28'),
(907, 10, NULL, 0, 1, '2014-03-27 23:24:33'),
(908, 10, NULL, 0, 6, '2014-03-27 23:24:35'),
(909, 29, NULL, 0, 1, '2014-03-27 23:24:52'),
(910, 0, NULL, 0, 10, '2014-03-27 23:26:01'),
(911, 0, NULL, 0, 10, '2014-03-27 23:26:06'),
(912, 0, NULL, 0, 10, '2014-03-27 23:26:19'),
(913, 10, NULL, 0, 1, '2014-03-27 23:26:28'),
(914, 10, NULL, 0, 6, '2014-03-27 23:26:29'),
(915, 0, NULL, 0, 10, '2014-03-27 23:26:34'),
(916, 29, NULL, 0, 1, '2014-03-27 23:28:48'),
(917, 29, NULL, 0, 1, '2014-03-27 23:37:43'),
(918, 10, NULL, 0, 1, '2014-03-27 23:39:21'),
(919, 10, NULL, 8, 6, '2014-03-27 23:39:31'),
(920, 10, NULL, 4, 6, '2014-03-27 23:40:38'),
(921, 10, NULL, 0, 6, '2014-03-27 23:41:10'),
(922, 10, NULL, 0, 6, '2014-03-27 23:41:19'),
(923, 10, NULL, 0, 1, '2014-03-27 23:41:21'),
(924, 10, NULL, 8, 6, '2014-03-27 23:41:30'),
(925, 10, NULL, 8, 6, '2014-03-27 23:41:33'),
(926, 10, NULL, 0, 1, '2014-03-27 23:42:03'),
(927, 10, NULL, 0, 6, '2014-03-27 23:42:11'),
(928, 10, NULL, 0, 6, '2014-03-27 23:42:15'),
(929, 10, NULL, 0, 6, '2014-03-27 23:42:26'),
(930, 10, NULL, 0, 6, '2014-03-27 23:42:30'),
(931, 10, NULL, 0, 1, '2014-03-27 23:44:15'),
(932, 67, NULL, 0, 1, '2014-03-27 23:44:45'),
(933, 67, NULL, 2, 1, '2014-03-27 23:45:19'),
(934, 67, NULL, 2, 1, '2014-03-27 23:46:20'),
(935, 67, NULL, 0, 1, '2014-03-27 23:47:13'),
(936, 67, NULL, 0, 1, '2014-03-27 23:48:51'),
(937, 67, NULL, 0, 1, '2014-03-27 23:48:51'),
(938, 67, NULL, 2, 1, '2014-03-27 23:48:57'),
(939, 67, NULL, 0, 6, '2014-03-27 23:49:07'),
(940, 67, NULL, 0, 6, '2014-03-27 23:49:09'),
(941, 67, NULL, 0, 6, '2014-03-27 23:49:10'),
(942, 29, NULL, 0, 1, '2014-03-27 23:51:39'),
(943, 29, NULL, 0, 1, '2014-03-27 23:53:47'),
(944, 67, NULL, 2, 1, '2014-03-27 23:53:55'),
(945, 67, NULL, 2, 1, '2014-03-27 23:55:52'),
(946, 29, NULL, 0, 1, '2014-03-27 23:56:34'),
(947, 10, NULL, 0, 1, '2014-03-28 00:14:26'),
(948, 10, NULL, 0, 6, '2014-03-28 00:14:41'),
(949, 10, NULL, 0, 6, '2014-03-28 00:14:43'),
(950, 0, NULL, 3, 1, '2014-03-28 00:23:18'),
(951, 29, NULL, 0, 1, '2014-03-28 00:23:30'),
(952, 10, NULL, 0, 1, '2014-03-28 00:41:08'),
(953, 29, NULL, 0, 1, '2014-03-28 00:43:27'),
(954, 0, NULL, 3, 1, '2014-03-28 00:43:56'),
(955, 29, NULL, 2, 1, '2014-03-28 00:44:11'),
(956, 29, NULL, 0, 1, '2014-03-28 00:44:18'),
(957, 10, NULL, 0, 1, '2014-03-28 00:47:07'),
(958, 29, NULL, 0, 1, '2014-03-28 00:48:47'),
(959, 10, NULL, 0, 1, '2014-03-28 01:00:11'),
(960, 10, NULL, 0, 1, '2014-03-28 01:18:24'),
(961, 10, NULL, 0, 1, '2014-03-28 01:20:03'),
(962, 0, NULL, 3, 1, '2014-03-28 01:22:13'),
(963, 29, NULL, 0, 1, '2014-03-28 01:22:23'),
(964, 10, NULL, 0, 1, '2014-03-28 01:23:04'),
(965, 0, NULL, 3, 1, '2014-03-28 02:39:44'),
(966, 29, NULL, 2, 1, '2014-03-28 02:39:54'),
(967, 29, NULL, 0, 1, '2014-03-28 02:40:01'),
(968, 0, NULL, 3, 1, '2014-03-28 02:41:32'),
(969, 29, NULL, 2, 1, '2014-03-28 02:41:55'),
(970, 29, NULL, 0, 1, '2014-03-28 02:42:18'),
(971, 29, NULL, 0, 1, '2014-03-28 02:43:44'),
(972, 29, NULL, 0, 1, '2014-03-28 02:45:54'),
(973, 29, NULL, 0, 1, '2014-03-28 02:46:43'),
(974, 29, NULL, 0, 1, '2014-03-28 02:52:10'),
(975, 29, NULL, 0, 1, '2014-03-28 02:55:45'),
(976, 29, NULL, 0, 1, '2014-03-28 02:58:08'),
(977, 29, NULL, 0, 1, '2014-03-28 03:00:07'),
(978, 29, NULL, 0, 1, '2014-03-28 03:17:28'),
(979, 29, NULL, 0, 1, '2014-03-28 03:18:29'),
(980, 29, NULL, 0, 1, '2014-03-28 03:19:41'),
(981, 29, NULL, 0, 1, '2014-03-28 03:21:06'),
(982, 10, NULL, 0, 1, '2014-03-28 09:08:52'),
(983, 10, NULL, 0, 6, '2014-03-28 09:09:03'),
(984, 10, NULL, 0, 6, '2014-03-28 09:09:07'),
(985, 10, NULL, 0, 6, '2014-03-28 09:09:19'),
(986, 10, NULL, 0, 1, '2014-03-28 09:16:59'),
(987, 10, NULL, 0, 6, '2014-03-28 09:17:34'),
(988, 10, NULL, 0, 1, '2014-03-28 09:18:57'),
(989, 10, NULL, 0, 6, '2014-03-28 09:19:06'),
(990, 10, NULL, 0, 6, '2014-03-28 09:19:08'),
(991, 10, NULL, 0, 1, '2014-03-28 09:20:19'),
(992, 10, NULL, 0, 1, '2014-03-28 09:26:15'),
(993, 10, NULL, 0, 6, '2014-03-28 10:52:40'),
(994, 10, NULL, 0, 1, '2014-03-28 10:53:52'),
(995, 67, NULL, 0, 6, '2014-03-28 10:54:22'),
(996, 10, NULL, 0, 6, '2014-03-28 10:54:26'),
(997, 10, NULL, 0, 6, '2014-03-28 10:56:13'),
(998, 60, NULL, 6, 3, '2014-03-28 12:15:33'),
(999, 68, NULL, 0, 3, '2014-03-28 12:15:56'),
(1000, 68, NULL, 0, 1, '2014-03-28 12:16:08'),
(1001, 10, NULL, 0, 1, '2014-03-28 12:16:47'),
(1002, 10, NULL, 0, 6, '2014-03-28 12:17:08'),
(1003, 10, NULL, 0, 6, '2014-03-28 12:17:10'),
(1004, 69, NULL, 0, 3, '2014-03-28 12:22:15'),
(1005, 69, NULL, 0, 1, '2014-03-28 12:22:30'),
(1006, 10, NULL, 0, 1, '2014-03-28 12:23:00'),
(1007, 10, NULL, 0, 6, '2014-03-28 12:23:19'),
(1008, 10, NULL, 0, 6, '2014-03-28 12:23:22'),
(1009, 1, NULL, 2, 1, '2014-03-28 15:02:51'),
(1010, 10, NULL, 0, 1, '2014-03-28 15:03:09'),
(1011, 10, NULL, 0, 6, '2014-03-28 15:03:27'),
(1012, 10, NULL, 0, 6, '2014-03-28 15:03:28'),
(1013, 29, NULL, 0, 1, '2014-03-28 15:06:06'),
(1014, 29, NULL, 21, 6, '2014-03-28 15:08:29'),
(1015, 29, NULL, 21, 6, '2014-03-28 15:08:45'),
(1016, 29, NULL, 21, 6, '2014-03-28 15:08:58'),
(1017, 29, NULL, 0, 1, '2014-03-28 15:13:11'),
(1018, 10, NULL, 0, 1, '2014-03-28 15:13:39'),
(1019, 65, NULL, 0, 1, '2014-03-28 16:25:24'),
(1020, 65, NULL, 0, 1, '2014-03-28 16:26:42'),
(1021, 65, NULL, 0, 1, '2014-03-28 16:35:29'),
(1022, 0, NULL, 0, 3, '2014-03-28 16:36:33'),
(1023, 65, NULL, 6, 3, '2014-03-28 16:37:46'),
(1024, 1, NULL, 2, 1, '2014-03-28 16:38:22'),
(1025, 1, NULL, 2, 1, '2014-03-28 16:38:33'),
(1026, 10, NULL, 0, 1, '2014-03-28 16:39:03'),
(1027, 10, NULL, 0, 1, '2014-03-28 16:39:35'),
(1028, 1, NULL, 2, 1, '2014-03-28 16:54:56'),
(1029, 10, NULL, 0, 1, '2014-03-28 20:30:55'),
(1030, 10, NULL, 0, 1, '2014-03-29 14:59:45'),
(1031, 10, NULL, 0, 6, '2014-03-29 15:00:05'),
(1032, 10, NULL, 0, 1, '2014-03-29 15:11:27'),
(1033, 10, NULL, 0, 6, '2014-03-29 15:11:49'),
(1034, 0, NULL, 3, 1, '2014-03-30 11:55:11'),
(1035, 10, NULL, 2, 1, '2014-03-30 11:55:22'),
(1036, 10, NULL, 0, 1, '2014-03-30 11:55:31'),
(1037, 10, NULL, 0, 1, '2014-03-30 12:02:42'),
(1038, 10, NULL, 0, 1, '2014-03-30 12:07:33'),
(1039, 10, NULL, 0, 1, '2014-03-31 06:49:22'),
(1040, 10, NULL, 0, 1, '2014-03-31 06:50:36'),
(1041, 10, NULL, 0, 1, '2014-03-31 07:15:58'),
(1042, 10, NULL, 0, 1, '2014-03-31 08:06:29'),
(1043, 10, NULL, 0, 1, '2014-03-31 08:08:45'),
(1044, 10, NULL, 0, 1, '2014-03-31 08:08:50'),
(1045, 10, NULL, 0, 1, '2014-03-31 08:08:52'),
(1046, 10, NULL, 0, 1, '2014-03-31 08:09:02'),
(1047, 10, NULL, 0, 1, '2014-03-31 08:09:19'),
(1048, 10, NULL, 0, 1, '2014-03-31 08:12:40'),
(1049, 10, NULL, 0, 1, '2014-03-31 08:12:44'),
(1050, 10, NULL, 0, 1, '2014-03-31 08:12:46'),
(1051, 10, NULL, 0, 1, '2014-03-31 08:12:53'),
(1052, 10, NULL, 0, 1, '2014-03-31 08:13:35'),
(1053, 10, NULL, 0, 1, '2014-03-31 08:13:39'),
(1054, 10, NULL, 0, 1, '2014-03-31 08:16:43'),
(1055, 10, NULL, 0, 1, '2014-03-31 08:16:45'),
(1056, 10, NULL, 0, 1, '2014-03-31 08:18:11'),
(1057, 10, NULL, 0, 1, '2014-03-31 08:18:16'),
(1058, 10, NULL, 0, 1, '2014-03-31 08:18:19'),
(1059, 10, NULL, 0, 1, '2014-03-31 08:18:24'),
(1060, 10, NULL, 0, 1, '2014-03-31 08:18:28'),
(1061, 10, NULL, 0, 1, '2014-03-31 08:18:51'),
(1062, 10, NULL, 0, 1, '2014-03-31 08:18:55'),
(1063, 10, NULL, 0, 1, '2014-03-31 08:24:43'),
(1064, 10, NULL, 0, 1, '2014-03-31 08:29:20'),
(1065, 10, NULL, 0, 1, '2014-03-31 08:31:19'),
(1066, 10, NULL, 0, 1, '2014-03-31 08:37:46'),
(1067, 10, NULL, 0, 1, '2014-03-31 08:40:24'),
(1068, 10, NULL, 0, 1, '2014-03-31 08:42:34'),
(1069, 10, NULL, 0, 1, '2014-03-31 08:45:16'),
(1070, 10, NULL, 0, 1, '2014-03-31 08:51:31'),
(1071, 10, NULL, 0, 1, '2014-03-31 08:57:09'),
(1072, 10, NULL, 0, 1, '2014-03-31 08:58:36'),
(1073, 10, NULL, 0, 1, '2014-03-31 08:58:59'),
(1074, 10, NULL, 0, 1, '2014-03-31 08:59:08'),
(1075, 10, NULL, 0, 1, '2014-03-31 08:59:30'),
(1076, 10, NULL, 0, 1, '2014-03-31 08:59:54'),
(1077, 10, NULL, 0, 1, '2014-03-31 09:04:20'),
(1078, 10, NULL, 0, 1, '2014-03-31 09:04:25'),
(1079, 10, NULL, 0, 1, '2014-03-31 09:05:18'),
(1080, 10, NULL, 0, 1, '2014-03-31 09:05:23'),
(1081, 10, NULL, 0, 1, '2014-03-31 09:05:29'),
(1082, 10, NULL, 0, 1, '2014-03-31 09:09:52'),
(1083, 10, NULL, 0, 1, '2014-03-31 09:10:13'),
(1084, 10, NULL, 0, 1, '2014-03-31 09:10:17'),
(1085, 10, NULL, 0, 1, '2014-03-31 09:10:21'),
(1086, 10, NULL, 0, 1, '2014-03-31 09:10:30'),
(1087, 10, NULL, 0, 1, '2014-03-31 09:12:37'),
(1088, 10, NULL, 0, 1, '2014-03-31 09:17:25'),
(1089, 10, NULL, 0, 1, '2014-03-31 09:17:46'),
(1090, 10, NULL, 0, 1, '2014-03-31 13:33:05'),
(1091, 10, NULL, 0, 1, '2014-03-31 14:06:21'),
(1092, 10, NULL, 0, 1, '2014-03-31 14:08:11'),
(1093, 10, NULL, 0, 1, '2014-03-31 14:09:37'),
(1094, 10, NULL, 0, 1, '2014-03-31 14:10:00'),
(1095, 10, NULL, 0, 1, '2014-03-31 14:10:04'),
(1096, 10, NULL, 0, 1, '2014-03-31 14:12:22'),
(1097, 10, NULL, 0, 1, '2014-03-31 14:14:28'),
(1098, 10, NULL, 0, 1, '2014-03-31 14:30:23'),
(1099, 10, NULL, 0, 1, '2014-03-31 14:31:03'),
(1100, 10, NULL, 0, 1, '2014-03-31 14:33:38'),
(1101, 10, NULL, 0, 6, '2014-03-31 14:33:56'),
(1102, 10, NULL, 0, 6, '2014-03-31 14:34:01'),
(1103, 10, NULL, 4, 6, '2014-03-31 14:34:04'),
(1104, 10, NULL, 4, 6, '2014-03-31 14:34:07'),
(1105, 10, NULL, 0, 6, '2014-03-31 14:34:14'),
(1106, 10, NULL, 0, 6, '2014-03-31 14:34:18'),
(1107, 10, NULL, 0, 6, '2014-03-31 14:34:21'),
(1108, 10, NULL, 0, 6, '2014-03-31 14:34:24'),
(1109, 10, NULL, 4, 6, '2014-03-31 14:34:30'),
(1110, 10, NULL, 4, 6, '2014-03-31 14:34:46'),
(1111, 10, NULL, 0, 6, '2014-03-31 14:34:59'),
(1112, 10, NULL, 0, 1, '2014-03-31 14:37:29'),
(1113, 10, NULL, 0, 1, '2014-03-31 14:38:27'),
(1114, 10, NULL, 0, 1, '2014-03-31 14:38:37'),
(1115, 10, NULL, 0, 1, '2014-03-31 14:38:40'),
(1116, 10, NULL, 0, 1, '2014-03-31 14:40:28'),
(1117, 10, NULL, 0, 1, '2014-03-31 14:40:46'),
(1118, 10, NULL, 0, 1, '2014-03-31 14:40:54'),
(1119, 10, NULL, 0, 1, '2014-03-31 14:46:55'),
(1120, 10, NULL, 0, 1, '2014-03-31 15:09:09'),
(1121, 10, NULL, 0, 6, '2014-03-31 15:09:16'),
(1122, 10, NULL, 0, 6, '2014-03-31 15:09:21'),
(1123, 10, NULL, 4, 6, '2014-03-31 15:09:31'),
(1124, 10, NULL, 4, 6, '2014-03-31 15:09:35'),
(1125, 10, NULL, 4, 6, '2014-03-31 15:09:40'),
(1126, 10, NULL, 0, 6, '2014-03-31 15:09:45'),
(1127, 10, NULL, 0, 6, '2014-03-31 15:09:48'),
(1128, 10, NULL, 0, 6, '2014-03-31 15:09:50'),
(1129, 10, NULL, 0, 6, '2014-03-31 15:09:53'),
(1130, 10, NULL, 0, 6, '2014-03-31 15:09:57'),
(1131, 10, NULL, 0, 1, '2014-03-31 15:23:40'),
(1132, 10, NULL, 0, 6, '2014-03-31 15:23:51'),
(1133, 10, NULL, 0, 6, '2014-03-31 15:23:57'),
(1134, 10, NULL, 0, 1, '2014-03-31 15:37:38'),
(1135, 10, NULL, 0, 1, '2014-03-31 15:37:43'),
(1136, 10, NULL, 0, 1, '2014-03-31 15:39:51'),
(1137, 10, NULL, 0, 1, '2014-03-31 15:42:00'),
(1138, 10, NULL, 0, 1, '2014-03-31 15:42:07'),
(1139, 10, NULL, 0, 1, '2014-03-31 15:42:11'),
(1140, 10, NULL, 0, 1, '2014-03-31 15:42:26'),
(1141, 10, NULL, 0, 1, '2014-03-31 20:45:59'),
(1142, 10, NULL, 0, 1, '2014-03-31 21:12:15'),
(1143, 10, NULL, 0, 1, '2014-03-31 21:12:20'),
(1144, 10, NULL, 0, 1, '2014-03-31 21:12:23'),
(1145, 10, NULL, 0, 1, '2014-03-31 21:12:28'),
(1146, 10, NULL, 0, 1, '2014-03-31 21:12:36'),
(1147, 10, NULL, 0, 1, '2014-03-31 21:12:39'),
(1148, 10, NULL, 0, 1, '2014-03-31 21:12:46'),
(1149, 10, NULL, 0, 1, '2014-03-31 21:14:00'),
(1150, 10, NULL, 0, 1, '2014-03-31 21:14:04'),
(1151, 10, NULL, 0, 1, '2014-03-31 21:16:47'),
(1152, 10, NULL, 0, 1, '2014-03-31 21:17:48'),
(1153, 10, NULL, 0, 1, '2014-03-31 21:20:11'),
(1154, 10, NULL, 0, 1, '2014-03-31 21:23:01'),
(1155, 10, NULL, 0, 1, '2014-03-31 21:23:08'),
(1156, 10, NULL, 0, 1, '2014-03-31 21:23:20'),
(1157, 10, NULL, 0, 1, '2014-03-31 21:26:40'),
(1158, 10, NULL, 0, 1, '2014-03-31 21:26:45'),
(1159, 10, NULL, 0, 1, '2014-03-31 21:29:16'),
(1160, 10, NULL, 0, 6, '2014-03-31 21:29:47'),
(1161, 10, NULL, 0, 1, '2014-03-31 21:29:59'),
(1162, 10, NULL, 0, 1, '2014-03-31 21:30:41'),
(1163, 10, NULL, 0, 1, '2014-03-31 21:31:41'),
(1164, 10, NULL, 0, 1, '2014-03-31 21:34:51'),
(1165, 10, NULL, 0, 1, '2014-03-31 21:37:41'),
(1166, 10, NULL, 0, 1, '2014-03-31 21:37:57'),
(1167, 10, NULL, 0, 1, '2014-03-31 21:40:40'),
(1168, 10, NULL, 0, 1, '2014-03-31 21:48:09'),
(1169, 10, NULL, 0, 1, '2014-03-31 21:49:13'),
(1170, 10, NULL, 0, 1, '2014-03-31 21:49:18'),
(1171, 10, NULL, 0, 1, '2014-03-31 21:50:58'),
(1172, 10, NULL, 0, 1, '2014-03-31 21:53:12'),
(1173, 10, NULL, 0, 1, '2014-03-31 21:54:30'),
(1174, 10, NULL, 0, 1, '2014-03-31 21:55:12'),
(1175, 10, NULL, 0, 1, '2014-03-31 21:55:13'),
(1176, 10, NULL, 0, 1, '2014-03-31 21:55:16'),
(1177, 10, NULL, 0, 1, '2014-03-31 21:56:01'),
(1178, 10, NULL, 0, 1, '2014-03-31 21:56:38'),
(1179, 10, NULL, 0, 1, '2014-03-31 21:56:44'),
(1180, 10, NULL, 0, 1, '2014-03-31 21:56:48'),
(1181, 10, NULL, 0, 1, '2014-03-31 21:56:54'),
(1182, 10, NULL, 0, 1, '2014-03-31 21:56:58'),
(1183, 10, NULL, 0, 1, '2014-03-31 21:57:06'),
(1184, 10, NULL, 0, 1, '2014-03-31 21:57:10'),
(1185, 10, NULL, 0, 1, '2014-03-31 21:57:12'),
(1186, 10, NULL, 0, 1, '2014-03-31 21:57:13'),
(1187, 10, NULL, 0, 1, '2014-03-31 22:02:57'),
(1188, 10, NULL, 0, 1, '2014-03-31 22:04:14'),
(1189, 10, NULL, 0, 1, '2014-03-31 22:04:27'),
(1190, 10, NULL, 0, 1, '2014-03-31 22:11:53'),
(1191, 10, NULL, 0, 1, '2014-03-31 23:03:02'),
(1192, 10, NULL, 0, 1, '2014-03-31 23:03:51'),
(1193, 10, NULL, 0, 1, '2014-03-31 23:11:27'),
(1194, 10, NULL, 0, 1, '2014-03-31 23:18:13'),
(1195, 10, NULL, 0, 1, '2014-03-31 23:24:00'),
(1196, 10, NULL, 0, 1, '2014-03-31 23:24:02'),
(1197, 10, NULL, 0, 1, '2014-03-31 23:24:11'),
(1198, 10, NULL, 0, 1, '2014-03-31 23:24:27'),
(1199, 10, NULL, 0, 1, '2014-03-31 23:37:27'),
(1200, 10, NULL, 0, 1, '2014-03-31 23:52:19'),
(1201, 10, NULL, 0, 1, '2014-04-01 00:03:01'),
(1202, 10, NULL, 0, 1, '2014-04-01 00:03:38'),
(1203, 10, NULL, 0, 1, '2014-04-01 09:40:22'),
(1204, 10, NULL, 0, 1, '2014-04-02 08:58:05'),
(1205, 10, NULL, 0, 1, '2014-04-02 10:35:23'),
(1206, 10, NULL, 0, 1, '2014-04-02 10:35:35'),
(1207, 10, NULL, 2, 1, '2014-04-02 10:35:43'),
(1208, 10, NULL, 0, 1, '2014-04-02 10:40:57'),
(1209, 10, NULL, 0, 1, '2014-04-02 10:53:38'),
(1210, 10, NULL, 0, 1, '2014-04-02 14:15:47'),
(1211, 10, NULL, 0, 1, '2014-04-02 14:25:28'),
(1212, 10, NULL, 0, 1, '2014-04-02 14:30:50'),
(1213, 10, NULL, 0, 1, '2014-04-02 14:32:59'),
(1214, 10, NULL, 0, 6, '2014-04-02 14:36:12'),
(1215, 10, NULL, 0, 6, '2014-04-02 14:36:14'),
(1216, 10, NULL, 0, 6, '2014-04-02 14:38:54'),
(1217, 10, NULL, 0, 1, '2014-04-02 14:45:17'),
(1218, 29, NULL, 0, 1, '2014-04-02 14:47:17'),
(1219, 0, NULL, 3, 1, '2014-04-02 14:47:38'),
(1220, 29, NULL, 0, 1, '2014-04-02 14:47:52'),
(1221, 0, NULL, 3, 1, '2014-04-02 14:48:02'),
(1222, 0, NULL, 3, 1, '2014-04-02 14:48:15'),
(1223, 2, NULL, 2, 1, '2014-04-02 14:48:52'),
(1224, 2, NULL, 2, 1, '2014-04-02 14:49:01'),
(1225, 2, NULL, 2, 1, '2014-04-02 14:49:14'),
(1226, 2, NULL, 0, 1, '2014-04-02 14:49:43'),
(1227, 2, NULL, 0, 1, '2014-04-02 14:50:17'),
(1228, 2, NULL, 0, 1, '2014-04-02 14:50:41'),
(1229, 29, NULL, 0, 1, '2014-04-02 14:51:59'),
(1230, 2, NULL, 0, 1, '2014-04-02 14:52:44'),
(1231, 2, NULL, 0, 1, '2014-04-02 15:00:29'),
(1232, 29, NULL, 0, 1, '2014-04-02 15:00:56'),
(1233, 2, NULL, 0, 1, '2014-04-02 15:01:26'),
(1234, 2, NULL, 0, 1, '2014-04-02 15:03:45'),
(1235, 10, NULL, 0, 1, '2014-04-02 15:05:50');
INSERT INTO `HISTORYACCESS` (`IDHISTORY`, `IDUSER`, `IDHOUSE`, `ERROR`, `FUNCT`, `DATESTAMP`) VALUES
(1236, 29, NULL, 0, 1, '2014-04-02 15:07:34'),
(1237, 10, NULL, 0, 1, '2014-04-02 15:14:59'),
(1238, 10, NULL, 0, 6, '2014-04-02 15:15:09'),
(1239, 10, NULL, 0, 6, '2014-04-02 15:15:10'),
(1240, 10, NULL, 0, 6, '2014-04-02 15:15:12'),
(1241, 10, NULL, 0, 1, '2014-04-02 15:17:33'),
(1242, 10, NULL, 0, 1, '2014-04-02 15:21:30'),
(1243, 10, NULL, 0, 6, '2014-04-02 15:21:40'),
(1244, 10, NULL, 0, 1, '2014-04-02 15:24:30'),
(1245, 10, NULL, 0, 6, '2014-04-02 15:24:38'),
(1246, 10, NULL, 0, 1, '2014-04-02 15:27:21'),
(1247, 10, NULL, 0, 1, '2014-04-02 15:31:29'),
(1248, 10, NULL, 0, 1, '2014-04-02 15:33:49'),
(1249, 10, NULL, 0, 6, '2014-04-02 15:34:11'),
(1250, 10, NULL, 0, 6, '2014-04-02 15:35:24'),
(1251, 10, NULL, 0, 1, '2014-04-02 15:40:09'),
(1252, 10, NULL, 0, 1, '2014-04-02 15:41:20'),
(1253, 10, NULL, 0, 1, '2014-04-02 15:42:55'),
(1254, 10, NULL, 0, 1, '2014-04-02 15:46:59'),
(1255, 10, NULL, 0, 1, '2014-04-02 15:48:57'),
(1256, 10, NULL, 0, 1, '2014-04-02 16:17:42'),
(1257, 10, NULL, 0, 1, '2014-04-02 16:19:36'),
(1258, 0, NULL, 3, 1, '2014-04-02 16:22:07'),
(1259, 0, NULL, 3, 1, '2014-04-02 16:22:11'),
(1260, 10, NULL, 0, 1, '2014-04-02 16:34:51'),
(1261, 10, NULL, 0, 1, '2014-04-03 09:28:42'),
(1262, 29, NULL, 0, 1, '2014-04-03 09:29:27'),
(1263, 29, NULL, 21, 6, '2014-04-03 09:29:46'),
(1264, 29, NULL, 21, 6, '2014-04-03 09:29:50'),
(1265, 29, NULL, 21, 6, '2014-04-03 09:29:55'),
(1266, 10, NULL, 0, 1, '2014-04-03 09:30:08'),
(1267, 10, NULL, 0, 1, '2014-04-03 09:47:55'),
(1268, 10, NULL, 0, 1, '2014-04-03 09:51:48'),
(1269, 10, NULL, 0, 1, '2014-04-03 09:52:40'),
(1270, 10, NULL, 0, 1, '2014-04-03 09:53:24'),
(1271, 10, NULL, 0, 1, '2014-04-03 09:54:28'),
(1272, 10, NULL, 0, 1, '2014-04-03 09:57:45'),
(1273, 10, NULL, 0, 1, '2014-04-03 09:58:55'),
(1274, 10, NULL, 0, 6, '2014-04-03 09:59:16'),
(1275, 10, NULL, 0, 6, '2014-04-03 09:59:18'),
(1276, 10, NULL, 0, 6, '2014-04-03 10:03:10'),
(1277, 10, NULL, 0, 6, '2014-04-03 10:03:11'),
(1278, 10, NULL, 0, 1, '2014-04-03 10:04:29'),
(1279, 10, NULL, 0, 1, '2014-04-03 10:11:58'),
(1280, 10, NULL, 0, 1, '2014-04-03 10:19:04'),
(1281, 10, NULL, 0, 1, '2014-04-03 10:20:10'),
(1282, 29, NULL, 0, 1, '2014-04-03 10:20:42'),
(1283, 10, NULL, 0, 1, '2014-04-03 10:22:13'),
(1284, 10, NULL, 0, 1, '2014-04-03 10:23:07'),
(1285, 29, NULL, 0, 1, '2014-04-03 10:23:37'),
(1286, 10, NULL, 0, 1, '2014-04-03 11:04:16'),
(1287, 10, NULL, 0, 1, '2014-04-03 11:05:03'),
(1288, 10, NULL, 0, 1, '2014-04-03 11:17:57'),
(1289, 10, NULL, 0, 1, '2014-04-03 11:33:06'),
(1290, 10, NULL, 0, 1, '2014-04-03 11:34:10'),
(1291, 10, NULL, 0, 1, '2014-04-03 11:35:06'),
(1292, 10, NULL, 0, 1, '2014-04-03 11:36:19'),
(1293, 10, NULL, 0, 1, '2014-04-03 11:38:31'),
(1294, 10, NULL, 0, 1, '2014-04-03 11:39:53'),
(1295, 10, NULL, 0, 1, '2014-04-03 11:49:50'),
(1296, 10, NULL, 0, 1, '2014-04-03 11:55:29'),
(1297, 10, NULL, 0, 1, '2014-04-03 11:57:02'),
(1298, 10, NULL, 0, 1, '2014-04-03 11:59:00'),
(1299, 29, NULL, 0, 1, '2014-04-03 11:59:29'),
(1300, 10, NULL, 0, 1, '2014-04-03 12:04:09'),
(1301, 29, NULL, 2, 1, '2014-04-03 12:04:25'),
(1302, 29, NULL, 0, 1, '2014-04-03 12:04:39'),
(1303, 10, NULL, 0, 1, '2014-04-03 13:18:14'),
(1304, 10, NULL, 0, 6, '2014-04-03 13:18:27'),
(1305, 10, NULL, 0, 6, '2014-04-03 13:18:27'),
(1306, 10, NULL, 0, 6, '2014-04-03 13:18:27'),
(1307, 10, NULL, 0, 6, '2014-04-03 13:18:30'),
(1308, 10, NULL, 0, 6, '2014-04-03 13:18:32'),
(1309, 0, NULL, 0, 8, '2014-04-03 14:17:48'),
(1310, 10, NULL, 2, 1, '2014-04-03 14:18:03'),
(1311, 29, NULL, 2, 1, '2014-04-03 14:18:26'),
(1312, 29, NULL, 0, 1, '2014-04-03 14:19:09'),
(1313, 29, NULL, 0, 1, '2014-04-03 14:21:03'),
(1314, 29, NULL, 0, 1, '2014-04-03 14:23:58'),
(1315, 29, NULL, 0, 1, '2014-04-03 14:31:22'),
(1316, 29, NULL, 0, 1, '2014-04-03 14:32:34'),
(1317, 29, NULL, 21, 6, '2014-04-03 14:33:27'),
(1318, 29, NULL, 21, 6, '2014-04-03 14:33:29'),
(1319, 29, NULL, 0, 1, '2014-04-03 14:49:05'),
(1320, 29, NULL, 0, 1, '2014-04-03 14:55:03'),
(1321, 29, NULL, 0, 1, '2014-04-03 14:56:35'),
(1322, 0, NULL, 3, 1, '2014-04-03 14:56:47'),
(1323, 29, NULL, 0, 1, '2014-04-03 15:33:03'),
(1324, 2, NULL, 0, 1, '2014-04-03 15:33:39'),
(1325, 10, NULL, 0, 1, '2014-04-03 15:33:56'),
(1326, 29, NULL, 0, 1, '2014-04-03 15:36:01'),
(1327, 29, NULL, 0, 1, '2014-04-03 15:40:37'),
(1328, 29, NULL, 0, 1, '2014-04-03 15:42:58'),
(1329, 29, NULL, 0, 1, '2014-04-03 15:45:36'),
(1330, 29, NULL, 0, 1, '2014-04-03 15:46:32'),
(1331, 29, NULL, 0, 1, '2014-04-03 16:14:12'),
(1332, 29, NULL, 0, 6, '2014-04-03 16:15:03'),
(1333, 29, NULL, 21, 6, '2014-04-03 16:15:10'),
(1334, 29, NULL, 0, 1, '2014-04-03 19:23:30'),
(1335, 29, NULL, 21, 6, '2014-04-03 19:23:50'),
(1336, 29, NULL, 0, 1, '2014-04-03 20:05:17'),
(1337, 29, NULL, 0, 1, '2014-04-03 20:10:08'),
(1338, 29, NULL, 0, 1, '2014-04-03 20:11:15'),
(1339, 10, NULL, 0, 1, '2014-04-03 20:16:06'),
(1340, 29, NULL, 0, 1, '2014-04-03 20:16:31'),
(1341, 29, NULL, 0, 1, '2014-04-03 20:19:35'),
(1342, 29, NULL, 0, 1, '2014-04-03 20:20:42'),
(1343, 29, NULL, 0, 1, '2014-04-03 20:22:11'),
(1344, 29, NULL, 0, 1, '2014-04-03 20:23:57'),
(1345, 0, NULL, 3, 1, '2014-04-03 21:33:09'),
(1346, 29, NULL, 0, 1, '2014-04-03 21:34:36'),
(1347, 10, NULL, 2, 1, '2014-04-03 21:39:57'),
(1348, 10, NULL, 0, 1, '2014-04-03 21:40:05'),
(1349, 10, NULL, 0, 1, '2014-04-03 21:47:31'),
(1350, 10, NULL, 0, 1, '2014-04-03 21:48:37'),
(1351, 10, NULL, 0, 1, '2014-04-03 21:56:55'),
(1352, 29, NULL, 0, 1, '2014-04-03 21:57:26'),
(1353, 29, NULL, 0, 1, '2014-04-03 21:58:46'),
(1354, 10, NULL, 0, 1, '2014-04-03 21:58:49'),
(1355, 29, NULL, 0, 1, '2014-04-03 22:00:15'),
(1356, 10, NULL, 0, 1, '2014-04-03 22:03:03'),
(1357, 10, NULL, 0, 1, '2014-04-03 22:05:37'),
(1358, 29, NULL, 0, 1, '2014-04-03 22:12:39'),
(1359, 10, NULL, 0, 1, '2014-04-03 22:17:32'),
(1360, 29, NULL, 0, 1, '2014-04-03 22:27:57'),
(1361, 29, NULL, 0, 1, '2014-04-03 22:29:53'),
(1362, 10, NULL, 0, 1, '2014-04-03 22:36:40'),
(1363, 10, NULL, 0, 1, '2014-04-03 22:37:57'),
(1364, 10, NULL, 0, 1, '2014-04-03 22:42:38'),
(1365, 10, NULL, 0, 1, '2014-04-03 22:44:25'),
(1366, 10, NULL, 0, 1, '2014-04-03 22:45:25'),
(1367, 10, NULL, 0, 1, '2014-04-03 22:50:23'),
(1368, 29, NULL, 0, 1, '2014-04-03 22:58:38'),
(1369, 29, NULL, 0, 1, '2014-04-03 23:05:10'),
(1370, 10, NULL, 0, 1, '2014-04-03 23:07:43'),
(1371, 29, NULL, 0, 1, '2014-04-04 06:26:46'),
(1372, 10, NULL, 0, 1, '2014-04-04 08:00:46'),
(1373, 10, NULL, 0, 6, '2014-04-04 08:01:38'),
(1374, 10, NULL, 0, 6, '2014-04-04 08:01:42'),
(1375, 29, NULL, 0, 1, '2014-04-04 08:01:58'),
(1376, 29, NULL, 0, 1, '2014-04-04 13:48:33'),
(1377, 29, NULL, 0, 1, '2014-04-04 13:51:24'),
(1378, 29, NULL, 0, 1, '2014-04-04 13:51:42'),
(1379, 29, NULL, 0, 1, '2014-04-04 13:53:04'),
(1380, 10, NULL, 0, 1, '2014-04-04 13:57:59'),
(1381, 29, NULL, 0, 1, '2014-04-04 13:59:04'),
(1382, 29, NULL, 0, 1, '2014-04-04 14:17:05'),
(1383, 0, NULL, 0, 10, '2014-04-04 14:22:12'),
(1384, 0, NULL, 0, 10, '2014-04-04 14:22:31'),
(1385, 0, NULL, 0, 10, '2014-04-04 14:22:43'),
(1386, 0, NULL, 0, 10, '2014-04-04 14:22:57'),
(1387, 0, NULL, 0, 10, '2014-04-04 14:23:03'),
(1388, 29, NULL, 0, 1, '2014-04-04 14:24:40'),
(1389, 29, NULL, 0, 1, '2014-04-04 14:36:35'),
(1390, 29, NULL, 0, 1, '2014-04-04 14:37:19'),
(1391, 29, NULL, 0, 1, '2014-04-04 14:45:30'),
(1392, 29, NULL, 0, 1, '2014-04-04 14:46:08'),
(1393, 29, NULL, 0, 1, '2014-04-04 14:46:58'),
(1394, 29, NULL, 0, 1, '2014-04-04 14:48:59'),
(1395, 29, NULL, 0, 1, '2014-04-04 14:50:20'),
(1396, 29, NULL, 0, 1, '2014-04-04 14:51:28'),
(1397, 29, NULL, 0, 1, '2014-04-04 14:52:16'),
(1398, 29, NULL, 0, 1, '2014-04-04 14:52:54'),
(1399, 29, NULL, 0, 1, '2014-04-04 14:55:03'),
(1400, 29, NULL, 0, 1, '2014-04-04 14:56:28'),
(1401, 29, NULL, 0, 1, '2014-04-04 14:57:00'),
(1402, 29, NULL, 0, 1, '2014-04-04 14:58:56'),
(1403, 29, NULL, 0, 1, '2014-04-04 15:02:31'),
(1404, 29, NULL, 0, 1, '2014-04-04 15:05:09'),
(1405, 29, NULL, 0, 1, '2014-04-04 15:05:44'),
(1406, 29, NULL, 0, 1, '2014-04-04 15:07:21'),
(1407, 29, NULL, 0, 1, '2014-04-04 15:15:15'),
(1408, 29, NULL, 0, 1, '2014-04-04 15:18:56'),
(1409, 29, NULL, 0, 1, '2014-04-04 15:19:08'),
(1410, 29, NULL, 0, 1, '2014-04-04 15:21:22'),
(1411, 29, NULL, 0, 1, '2014-04-04 15:21:28'),
(1412, 29, NULL, 0, 1, '2014-04-04 15:23:36'),
(1413, 29, NULL, 0, 1, '2014-04-04 15:25:46'),
(1414, 29, NULL, 0, 1, '2014-04-04 15:30:15'),
(1415, 29, NULL, 0, 1, '2014-04-04 15:31:09'),
(1416, 29, NULL, 0, 1, '2014-04-04 15:33:17'),
(1417, 29, NULL, 0, 1, '2014-04-04 15:50:12'),
(1418, 29, NULL, 0, 1, '2014-04-04 15:52:20'),
(1419, 0, NULL, 3, 1, '2014-04-04 17:20:28'),
(1420, 29, NULL, 0, 1, '2014-04-04 17:20:39'),
(1421, 29, NULL, 0, 1, '2014-04-04 17:32:39'),
(1422, 29, NULL, 0, 1, '2014-04-04 17:35:38'),
(1423, 29, NULL, 0, 1, '2014-04-04 17:36:51'),
(1424, 29, NULL, 0, 1, '2014-04-04 17:47:19'),
(1425, 29, NULL, 0, 1, '2014-04-04 17:54:43'),
(1426, 29, NULL, 0, 1, '2014-04-04 18:04:56'),
(1427, 29, NULL, 0, 1, '2014-04-04 18:52:45'),
(1428, 29, NULL, 0, 6, '2014-04-04 18:55:04'),
(1429, 29, NULL, 0, 6, '2014-04-04 18:55:06'),
(1430, 29, NULL, 0, 6, '2014-04-04 18:55:08'),
(1431, 29, NULL, 0, 6, '2014-04-04 18:55:08'),
(1432, 29, NULL, 0, 6, '2014-04-04 18:55:08'),
(1433, 29, NULL, 0, 6, '2014-04-04 18:55:10'),
(1434, 29, NULL, 0, 6, '2014-04-04 18:55:11'),
(1435, 29, NULL, 0, 6, '2014-04-04 18:55:13'),
(1436, 29, NULL, 21, 6, '2014-04-04 18:55:17'),
(1437, 29, NULL, 21, 6, '2014-04-04 18:55:18'),
(1438, 29, NULL, 0, 1, '2014-04-04 20:00:42'),
(1439, 29, NULL, 0, 1, '2014-04-04 20:01:03'),
(1440, 29, NULL, 2, 1, '2014-04-04 20:01:12'),
(1441, 29, NULL, 0, 1, '2014-04-04 20:01:23'),
(1442, 29, NULL, 0, 1, '2014-04-04 20:02:49'),
(1443, 29, NULL, 0, 1, '2014-04-04 20:02:52'),
(1444, 0, NULL, 3, 1, '2014-04-04 20:02:57'),
(1445, 29, NULL, 0, 1, '2014-04-04 20:03:06'),
(1446, 29, NULL, 0, 1, '2014-04-04 20:03:41'),
(1447, 29, NULL, 0, 1, '2014-04-04 20:03:45'),
(1448, 29, NULL, 0, 1, '2014-04-04 20:04:18'),
(1449, 29, NULL, 0, 1, '2014-04-04 20:04:21'),
(1450, 29, NULL, 0, 1, '2014-04-04 20:04:59'),
(1451, 29, NULL, 0, 1, '2014-04-04 20:05:34'),
(1452, 29, NULL, 0, 1, '2014-04-04 20:06:34'),
(1453, 29, NULL, 0, 1, '2014-04-04 20:07:18'),
(1454, 29, NULL, 0, 1, '2014-04-04 20:07:59'),
(1455, 29, NULL, 0, 1, '2014-04-04 20:08:34'),
(1456, 29, NULL, 0, 1, '2014-04-04 20:08:40'),
(1457, 29, NULL, 0, 1, '2014-04-04 20:09:06'),
(1458, 29, NULL, 0, 1, '2014-04-04 20:10:46'),
(1459, 29, NULL, 0, 1, '2014-04-04 20:16:06'),
(1460, 29, NULL, 0, 1, '2014-04-04 20:19:05'),
(1461, 29, NULL, 0, 1, '2014-04-04 20:24:41'),
(1462, 29, NULL, 0, 1, '2014-04-04 20:26:28'),
(1463, 29, NULL, 0, 1, '2014-04-04 20:27:27'),
(1464, 29, NULL, 0, 1, '2014-04-04 20:28:35'),
(1465, 29, NULL, 0, 1, '2014-04-04 20:33:00'),
(1466, 29, NULL, 0, 1, '2014-04-04 21:10:08'),
(1467, 29, NULL, 0, 1, '2014-04-05 09:44:45'),
(1468, 29, NULL, 0, 1, '2014-04-05 09:46:22'),
(1469, 10, NULL, 2, 1, '2014-04-05 09:46:36'),
(1470, 29, NULL, 0, 1, '2014-04-05 09:46:44'),
(1471, 29, NULL, 0, 1, '2014-04-05 09:48:08'),
(1472, 29, NULL, 0, 1, '2014-04-05 09:49:46'),
(1473, 29, NULL, 0, 1, '2014-04-05 09:50:37'),
(1474, 29, NULL, 0, 1, '2014-04-05 09:50:56'),
(1475, 29, NULL, 0, 1, '2014-04-05 09:51:17'),
(1476, 29, NULL, 0, 1, '2014-04-05 09:51:34'),
(1477, 29, NULL, 0, 1, '2014-04-05 09:52:01'),
(1478, 29, NULL, 0, 1, '2014-04-05 09:52:58'),
(1479, 29, NULL, 0, 1, '2014-04-05 09:54:18'),
(1480, 29, NULL, 0, 1, '2014-04-05 10:08:23'),
(1481, 29, NULL, 0, 1, '2014-04-05 10:09:47'),
(1482, 29, NULL, 0, 1, '2014-04-05 10:11:03'),
(1483, 29, NULL, 0, 1, '2014-04-05 10:13:12'),
(1484, 29, NULL, 0, 1, '2014-04-05 10:14:43'),
(1485, 29, NULL, 0, 1, '2014-04-05 10:16:59'),
(1486, 29, NULL, 0, 1, '2014-04-05 10:18:10'),
(1487, 29, NULL, 0, 1, '2014-04-05 10:19:24'),
(1488, 29, NULL, 0, 1, '2014-04-05 10:20:13'),
(1489, 29, NULL, 0, 1, '2014-04-05 10:45:22'),
(1490, 29, NULL, 0, 1, '2014-04-05 11:00:52'),
(1491, 29, NULL, 0, 1, '2014-04-05 11:01:32'),
(1492, 29, NULL, 0, 1, '2014-04-05 11:08:32'),
(1493, 29, NULL, 0, 1, '2014-04-05 11:10:55'),
(1494, 29, NULL, 0, 1, '2014-04-05 11:14:41'),
(1495, 29, NULL, 0, 1, '2014-04-05 12:43:26'),
(1496, 29, NULL, 0, 1, '2014-04-05 12:45:18'),
(1497, 29, NULL, 0, 1, '2014-04-05 12:46:50'),
(1498, 29, NULL, 0, 1, '2014-04-05 12:47:48'),
(1499, 29, NULL, 0, 1, '2014-04-05 12:48:13'),
(1500, 29, NULL, 0, 1, '2014-04-05 12:49:45'),
(1501, 29, NULL, 0, 1, '2014-04-05 12:51:51'),
(1502, 29, NULL, 0, 1, '2014-04-05 12:52:31'),
(1503, 29, NULL, 0, 1, '2014-04-05 12:53:05'),
(1504, 0, NULL, 3, 1, '2014-04-05 12:53:21'),
(1505, 0, NULL, 3, 1, '2014-04-05 12:54:00'),
(1506, 29, NULL, 0, 1, '2014-04-05 12:54:07'),
(1507, 29, NULL, 0, 1, '2014-04-05 12:55:13'),
(1508, 29, NULL, 0, 1, '2014-04-05 12:57:59'),
(1509, 29, NULL, 0, 1, '2014-04-05 12:58:52'),
(1510, 29, NULL, 0, 1, '2014-04-05 12:59:44'),
(1511, 29, NULL, 0, 1, '2014-04-05 13:00:43'),
(1512, 29, NULL, 0, 1, '2014-04-05 13:00:53'),
(1513, 29, NULL, 0, 1, '2014-04-05 13:00:59'),
(1514, 29, NULL, 0, 1, '2014-04-05 13:02:40'),
(1515, 29, NULL, 0, 1, '2014-04-05 13:05:17'),
(1516, 29, NULL, 0, 1, '2014-04-05 13:05:32'),
(1517, 29, NULL, 0, 1, '2014-04-05 14:03:53'),
(1518, 10, NULL, 2, 1, '2014-04-05 14:04:26'),
(1519, 10, NULL, 2, 1, '2014-04-05 14:06:40'),
(1520, 10, NULL, 2, 1, '2014-04-05 14:17:51'),
(1521, 29, NULL, 0, 1, '2014-04-05 14:18:15'),
(1522, 29, NULL, 0, 1, '2014-04-05 14:21:02'),
(1523, 29, NULL, 0, 1, '2014-04-05 14:22:12');

-- --------------------------------------------------------

--
-- Estructura de tabla para la tabla `HISTORYACTION`
--

CREATE TABLE IF NOT EXISTS `HISTORYACTION` (
  `IDHISTORYACTION` int(11) NOT NULL AUTO_INCREMENT,
  `IDACTION` int(11) NOT NULL,
  `IDPROGRAM` int(11) DEFAULT NULL,
  `IDUSER` int(11) DEFAULT NULL,
  `RETURNCODE` varchar(20) NOT NULL,
  `DATESTAMP` timestamp NOT NULL DEFAULT CURRENT_TIMESTAMP,
  PRIMARY KEY (`IDHISTORYACTION`),
  KEY `IDUSER` (`IDUSER`)
) ENGINE=InnoDB  DEFAULT CHARSET=latin1 AUTO_INCREMENT=225 ;

--
-- Volcado de datos para la tabla `HISTORYACTION`
--

INSERT INTO `HISTORYACTION` (`IDHISTORYACTION`, `IDACTION`, `IDPROGRAM`, `IDUSER`, `RETURNCODE`, `DATESTAMP`) VALUES
(5, 1, NULL, 67, '016748655', '2014-03-27 21:47:03'),
(6, 0, NULL, 67, '1', '2014-03-27 21:50:08'),
(7, 0, NULL, 29, '', '2014-03-27 21:50:18'),
(8, 0, NULL, 29, '', '2014-03-27 21:50:24'),
(9, 0, NULL, 29, '', '2014-03-27 21:50:40'),
(10, 0, NULL, 67, '01', '2014-03-27 21:52:17'),
(11, 0, NULL, 67, '03', '2014-03-27 21:52:48'),
(12, 1, NULL, 67, '167486552', '2014-03-27 22:01:23'),
(13, 1, NULL, 67, '167486552', '2014-03-27 22:01:55'),
(14, 1, NULL, 10, '167486552', '2014-03-27 22:12:15'),
(15, 0, NULL, 10, '03', '2014-03-27 22:16:16'),
(16, 0, NULL, 10, '03', '2014-03-27 22:20:21'),
(17, 0, NULL, 10, '03', '2014-03-27 22:20:46'),
(18, 0, NULL, 10, '03', '2014-03-27 22:21:09'),
(19, 0, NULL, 10, '03', '2014-03-27 22:21:57'),
(20, 0, NULL, 10, '03', '2014-03-27 22:21:58'),
(21, 0, NULL, 10, '03', '2014-03-27 22:21:59'),
(22, 0, NULL, 10, '03', '2014-03-27 22:22:01'),
(23, 0, NULL, 10, '03', '2014-03-27 22:22:01'),
(24, 0, NULL, 10, '03', '2014-03-27 22:22:02'),
(25, 0, NULL, 10, '03', '2014-03-27 22:22:03'),
(26, 0, NULL, 10, '03', '2014-03-27 22:22:04'),
(27, 1, NULL, 10, '167486552', '2014-03-27 22:27:15'),
(28, 0, NULL, 10, '03', '2014-03-27 22:27:16'),
(29, 1, NULL, 10, '167486552', '2014-03-27 22:27:18'),
(30, 1, NULL, 10, '167486552', '2014-03-27 22:27:20'),
(31, 1, NULL, 10, '167588552', '2014-03-27 22:27:56'),
(32, 1, NULL, 10, '167588552', '2014-03-27 22:29:26'),
(33, 0, NULL, 10, '03', '2014-03-27 22:29:50'),
(34, 1, NULL, 10, '167221352', '2014-03-27 22:30:04'),
(35, 1, NULL, 10, '167221352', '2014-03-27 22:33:27'),
(36, 1, NULL, 10, '167221352', '2014-03-27 22:33:31'),
(37, 0, NULL, 10, '03', '2014-03-27 22:35:01'),
(38, 0, NULL, 10, '03', '2014-03-27 22:35:10'),
(39, 0, NULL, 10, '03', '2014-03-27 22:48:58'),
(40, 0, NULL, 10, '03', '2014-03-27 22:49:01'),
(41, 0, NULL, 10, '03', '2014-03-27 22:49:04'),
(42, 1, NULL, 10, '0132167221352', '2014-03-27 22:49:11'),
(43, 1, NULL, 10, '0132167221352', '2014-03-27 22:49:14'),
(44, 1, NULL, 10, '0132167221352', '2014-03-27 22:49:17'),
(45, 0, NULL, 10, '03', '2014-03-27 22:50:17'),
(46, 0, NULL, 10, '03', '2014-03-27 22:50:21'),
(47, 0, NULL, 10, '03', '2014-03-27 22:50:26'),
(48, 0, NULL, 10, '03', '2014-03-27 22:50:29'),
(49, 0, NULL, 10, '03', '2014-03-27 22:50:32'),
(50, 0, NULL, 10, '03', '2014-03-27 22:50:35'),
(51, 0, NULL, 10, '03', '2014-03-27 22:50:38'),
(52, 0, NULL, 10, '03', '2014-03-27 22:50:41'),
(53, 0, NULL, 10, '03', '2014-03-27 22:52:07'),
(54, 0, NULL, 10, '03', '2014-03-27 22:52:11'),
(55, 0, NULL, 10, '03', '2014-03-27 22:52:14'),
(56, 0, NULL, 10, '03', '2014-03-27 22:52:19'),
(57, 0, NULL, 10, '03', '2014-03-27 22:52:32'),
(58, 0, NULL, 10, '03', '2014-03-27 22:52:36'),
(59, 1, NULL, 10, '0132167221352', '2014-03-27 22:53:03'),
(60, 1, NULL, 10, '0132167486552', '2014-03-27 22:53:10'),
(61, 1, NULL, 10, '0132167506952', '2014-03-27 22:53:13'),
(62, 0, NULL, 10, '03', '2014-03-27 22:55:49'),
(63, 0, NULL, 10, '03', '2014-03-27 22:57:13'),
(64, 0, NULL, 10, '03', '2014-03-27 22:58:06'),
(65, 0, NULL, 10, '03', '2014-03-27 22:59:49'),
(66, 0, NULL, 10, '03', '2014-03-27 23:06:48'),
(67, 0, NULL, 10, '03', '2014-03-27 23:07:14'),
(68, 0, NULL, 10, '03', '2014-03-27 23:07:26'),
(69, 0, NULL, 10, '03', '2014-03-27 23:10:35'),
(70, 0, NULL, 10, '03', '2014-03-27 23:11:02'),
(71, 0, NULL, 10, '03', '2014-03-27 23:11:24'),
(72, 0, NULL, 10, '03', '2014-03-27 23:13:15'),
(73, 0, NULL, 10, '03', '2014-03-27 23:13:45'),
(74, 0, NULL, 10, '03', '2014-03-27 23:13:48'),
(75, 0, NULL, 10, '03', '2014-03-27 23:14:24'),
(76, 0, NULL, 10, '03', '2014-03-27 23:14:29'),
(77, 1, NULL, 10, '0132167221352', '2014-03-27 23:15:10'),
(78, 1, NULL, 10, '0132167221352', '2014-03-27 23:22:54'),
(79, 0, NULL, 10, '03', '2014-03-27 23:23:36'),
(80, 0, NULL, 10, '03', '2014-03-27 23:23:36'),
(81, 0, NULL, 10, '03', '2014-03-27 23:23:37'),
(82, 0, NULL, 10, '03', '2014-03-27 23:23:37'),
(83, 0, NULL, 10, '03', '2014-03-27 23:23:37'),
(84, 0, NULL, 10, '03', '2014-03-27 23:23:37'),
(85, 0, NULL, 10, '03', '2014-03-27 23:23:38'),
(86, 0, NULL, 10, '03', '2014-03-27 23:23:38'),
(87, 0, NULL, 10, '03', '2014-03-27 23:23:39'),
(88, 0, NULL, 10, '03', '2014-03-27 23:23:39'),
(89, 0, NULL, 10, '03', '2014-03-27 23:23:39'),
(90, 0, NULL, 10, '03', '2014-03-27 23:23:39'),
(91, 0, NULL, 10, '03', '2014-03-27 23:23:40'),
(92, 0, NULL, 10, '03', '2014-03-27 23:23:40'),
(93, 0, NULL, 10, '03', '2014-03-27 23:23:40'),
(94, 0, NULL, 10, '03', '2014-03-27 23:23:40'),
(95, 0, NULL, 10, '03', '2014-03-27 23:23:40'),
(96, 0, NULL, 10, '03', '2014-03-27 23:23:41'),
(97, 0, NULL, 10, '03', '2014-03-27 23:23:41'),
(98, 0, NULL, 10, '03', '2014-03-27 23:23:43'),
(99, 0, NULL, 10, '03', '2014-03-27 23:24:00'),
(100, 0, NULL, 10, '03', '2014-03-27 23:24:00'),
(101, 0, NULL, 10, '03', '2014-03-27 23:24:00'),
(102, 0, NULL, 10, '03', '2014-03-27 23:24:01'),
(103, 0, NULL, 10, '03', '2014-03-27 23:24:01'),
(104, 0, NULL, 10, '03', '2014-03-27 23:24:01'),
(105, 0, NULL, 10, '03', '2014-03-27 23:24:01'),
(106, 0, NULL, 10, '03', '2014-03-27 23:24:01'),
(107, 0, NULL, 10, '03', '2014-03-27 23:24:01'),
(108, 0, NULL, 10, '03', '2014-03-27 23:24:01'),
(109, 0, NULL, 10, '03', '2014-03-27 23:24:01'),
(110, 0, NULL, 10, '03', '2014-03-27 23:24:01'),
(111, 0, NULL, 10, '03', '2014-03-27 23:24:01'),
(112, 0, NULL, 10, '03', '2014-03-27 23:24:02'),
(113, 0, NULL, 10, '03', '2014-03-27 23:24:02'),
(114, 0, NULL, 10, '03', '2014-03-27 23:24:02'),
(115, 0, NULL, 10, '03', '2014-03-27 23:24:02'),
(116, 0, NULL, 10, '03', '2014-03-27 23:24:02'),
(117, 0, NULL, 10, '03', '2014-03-27 23:24:02'),
(118, 0, NULL, 10, '03', '2014-03-27 23:24:02'),
(119, 0, NULL, 10, '03', '2014-03-27 23:24:02'),
(120, 0, NULL, 10, '03', '2014-03-27 23:24:03'),
(121, 0, NULL, 10, '03', '2014-03-27 23:24:03'),
(122, 0, NULL, 10, '03', '2014-03-27 23:24:03'),
(123, 0, NULL, 10, '03', '2014-03-27 23:24:03'),
(124, 0, NULL, 10, '03', '2014-03-27 23:24:04'),
(125, 0, NULL, 10, '03', '2014-03-27 23:24:04'),
(126, 0, NULL, 10, '03', '2014-03-27 23:24:04'),
(127, 0, NULL, 10, '03', '2014-03-27 23:24:04'),
(128, 0, NULL, 10, '03', '2014-03-27 23:24:04'),
(129, 0, NULL, 10, '03', '2014-03-27 23:24:04'),
(130, 0, NULL, 10, '03', '2014-03-27 23:24:04'),
(131, 0, NULL, 10, '03', '2014-03-27 23:24:05'),
(132, 0, NULL, 10, '03', '2014-03-27 23:24:05'),
(133, 0, NULL, 10, '03', '2014-03-27 23:24:05'),
(134, 0, NULL, 10, '03', '2014-03-27 23:24:05'),
(135, 0, NULL, 10, '03', '2014-03-27 23:24:05'),
(136, 0, NULL, 10, '03', '2014-03-27 23:24:06'),
(137, 0, NULL, 10, '03', '2014-03-27 23:24:06'),
(138, 0, NULL, 10, '03', '2014-03-27 23:24:06'),
(139, 0, NULL, 10, '03', '2014-03-27 23:24:07'),
(140, 0, NULL, 10, '03', '2014-03-27 23:24:07'),
(141, 0, NULL, 10, '03', '2014-03-27 23:24:07'),
(142, 0, NULL, 10, '03', '2014-03-27 23:24:08'),
(143, 0, NULL, 10, '03', '2014-03-27 23:24:08'),
(144, 0, NULL, 10, '03', '2014-03-27 23:24:09'),
(145, 1, NULL, 10, '0132167221352', '2014-03-27 23:24:11'),
(146, 1, NULL, 10, '0132167221352', '2014-03-27 23:24:28'),
(147, 1, NULL, 10, '0132167221352', '2014-03-27 23:24:35'),
(148, 1, NULL, 10, '0132167221352', '2014-03-27 23:26:29'),
(149, 1, NULL, 10, '0132167486552', '2014-03-27 23:41:07'),
(150, 1, NULL, 10, '0132167221352', '2014-03-27 23:41:19'),
(151, 0, NULL, 10, '03', '2014-03-27 23:42:11'),
(152, 0, NULL, 10, '03', '2014-03-27 23:42:14'),
(153, 0, NULL, 10, '03', '2014-03-27 23:42:26'),
(154, 0, NULL, 10, '03', '2014-03-27 23:42:29'),
(155, 0, NULL, 67, '01', '2014-03-27 23:49:07'),
(156, 0, NULL, 67, '01', '2014-03-27 23:49:09'),
(157, 0, NULL, 67, '01', '2014-03-27 23:49:10'),
(158, 0, NULL, 10, '03', '2014-03-28 00:14:41'),
(159, 0, NULL, 10, '03', '2014-03-28 00:14:43'),
(160, 0, NULL, 10, '03', '2014-03-28 09:09:02'),
(161, 0, NULL, 10, '03', '2014-03-28 09:09:06'),
(162, 0, NULL, 10, '03', '2014-03-28 09:09:19'),
(163, 0, NULL, 10, '03', '2014-03-28 09:17:34'),
(164, 0, NULL, 10, '03', '2014-03-28 09:19:06'),
(165, 0, NULL, 10, '03', '2014-03-28 09:19:08'),
(166, 1, NULL, 10, '0132167221352', '2014-03-28 10:52:40'),
(167, 1, NULL, 67, '0132167221352', '2014-03-28 10:54:21'),
(168, 0, NULL, 10, '03', '2014-03-28 10:54:26'),
(169, 1, NULL, 10, '0132167486552', '2014-03-28 10:56:13'),
(170, 0, NULL, 10, '03', '2014-03-28 12:17:07'),
(171, 0, NULL, 10, '03', '2014-03-28 12:17:10'),
(172, 0, NULL, 10, '03', '2014-03-28 12:23:19'),
(173, 0, NULL, 10, '03', '2014-03-28 12:23:22'),
(174, 0, NULL, 10, '03', '2014-03-28 15:03:27'),
(175, 0, NULL, 10, '03', '2014-03-28 15:03:28'),
(176, 0, NULL, 10, '03', '2014-03-29 15:00:03'),
(177, 0, NULL, 10, '03', '2014-03-29 15:11:48'),
(178, 1, NULL, 10, '0132167221352', '2014-03-31 14:33:56'),
(179, 1, NULL, 10, '0132167486552', '2014-03-31 14:34:01'),
(180, 1, NULL, 10, '0132167690552', '2014-03-31 14:34:14'),
(181, 1, NULL, 10, '0132167328452', '2014-03-31 14:34:18'),
(182, 1, NULL, 10, '0132167716052', '2014-03-31 14:34:20'),
(183, 1, NULL, 10, '0132167450852', '2014-03-31 14:34:24'),
(184, 1, NULL, 10, '0132167221352', '2014-03-31 14:34:59'),
(185, 1, NULL, 10, '0132167221352', '2014-03-31 15:09:15'),
(186, 1, NULL, 10, '0132167690552', '2014-03-31 15:09:21'),
(187, 1, NULL, 10, '0132167486552', '2014-03-31 15:09:45'),
(188, 1, NULL, 10, '0132167588552', '2014-03-31 15:09:48'),
(189, 1, NULL, 10, '0132167751752', '2014-03-31 15:09:50'),
(190, 1, NULL, 10, '0132167710952', '2014-03-31 15:09:53'),
(191, 1, NULL, 10, '0132167450852', '2014-03-31 15:09:57'),
(192, 0, NULL, 10, '03', '2014-03-31 15:23:51'),
(193, 0, NULL, 10, '03', '2014-03-31 15:23:57'),
(194, 0, NULL, 10, '03', '2014-03-31 21:29:47'),
(195, 0, NULL, 10, '03', '2014-04-02 14:36:12'),
(196, 0, NULL, 10, '03', '2014-04-02 14:36:14'),
(197, 0, NULL, 10, '03', '2014-04-02 14:38:54'),
(198, 1, NULL, 10, '013212', '2014-04-02 15:15:09'),
(199, 1, NULL, 10, '013202', '2014-04-02 15:15:10'),
(200, 0, NULL, 10, '03', '2014-04-02 15:15:12'),
(201, 1, NULL, 10, '0132167588552', '2014-04-02 15:21:37'),
(202, 1, NULL, 10, '0132167588552', '2014-04-02 15:24:38'),
(203, 1, NULL, 10, '0132167486552', '2014-04-02 15:34:11'),
(204, 0, NULL, 10, '03', '2014-04-02 15:35:24'),
(205, 0, NULL, 10, '03', '2014-04-03 09:59:16'),
(206, 0, NULL, 10, '03', '2014-04-03 09:59:18'),
(207, 0, NULL, 10, '03', '2014-04-03 10:03:10'),
(208, 0, NULL, 10, '03', '2014-04-03 10:03:11'),
(209, 1, NULL, 10, '0132167588552', '2014-04-03 13:18:26'),
(210, 1, NULL, 10, '0132167751752', '2014-04-03 13:18:26'),
(211, 1, NULL, 10, '0132167670152', '2014-04-03 13:18:26'),
(212, 0, NULL, 10, '03', '2014-04-03 13:18:30'),
(213, 0, NULL, 10, '03', '2014-04-03 13:18:32'),
(214, 1, NULL, 29, '013216746615132', '2014-04-03 16:15:03'),
(215, 0, NULL, 10, '03', '2014-04-04 08:01:33'),
(216, 0, NULL, 10, '03', '2014-04-04 08:01:34'),
(217, 1, NULL, 29, '013216750695132', '2014-04-04 18:55:03'),
(218, 1, NULL, 29, '013216754775132', '2014-04-04 18:55:06'),
(219, 1, NULL, 29, '013216750695132', '2014-04-04 18:55:07'),
(220, 1, NULL, 29, '013216750695132', '2014-04-04 18:55:08'),
(221, 1, NULL, 29, '013216750695132', '2014-04-04 18:55:08'),
(222, 1, NULL, 29, '013216771095132', '2014-04-04 18:55:10'),
(223, 1, NULL, 29, '013216771095132', '2014-04-04 18:55:11'),
(224, 1, NULL, 29, '013216722135132', '2014-04-04 18:55:13');

-- --------------------------------------------------------

--
-- Estructura de tabla para la tabla `HOUSES`
--

CREATE TABLE IF NOT EXISTS `HOUSES` (
  `IDHOUSE` int(11) NOT NULL AUTO_INCREMENT,
  `IDUSER` int(11) NOT NULL,
  `HOUSENAME` varchar(15) NOT NULL,
  `GPS` varchar(10) DEFAULT NULL,
  `DATEBEGIN` timestamp NOT NULL DEFAULT CURRENT_TIMESTAMP,
  PRIMARY KEY (`IDHOUSE`),
  UNIQUE KEY `HOUSENAME` (`HOUSENAME`),
  KEY `IDUSER` (`IDUSER`)
) ENGINE=InnoDB  DEFAULT CHARSET=latin1 AUTO_INCREMENT=17 ;

--
-- Volcado de datos para la tabla `HOUSES`
--

INSERT INTO `HOUSES` (`IDHOUSE`, `IDUSER`, `HOUSENAME`, `GPS`, `DATEBEGIN`) VALUES
(1, 1, 'mi casa', '37.6735925', '2014-03-04 05:00:00'),
(2, 11, 'otto', NULL, '2014-03-11 04:00:00'),
(3, 11, 'house', NULL, '2014-03-11 04:00:00'),
(4, 11, 'home', NULL, '2014-03-11 04:00:00'),
(5, 11, 'hause', NULL, '2014-03-11 04:00:00'),
(6, 11, 'shack', NULL, '2014-03-11 04:00:00'),
(8, 1, 'micasa', NULL, '2014-03-23 19:09:25'),
(9, 29, 'casaBertoldo', NULL, '2014-03-23 19:51:49'),
(10, 2, 'Mansion', NULL, '2014-03-25 21:39:22'),
(11, 0, 'demoHouse', NULL, '2014-03-27 14:48:48'),
(12, 0, 'basicHouse0', NULL, '2014-03-27 20:32:40'),
(13, 0, 'basicHouse1', NULL, '2014-03-27 20:32:51'),
(14, 0, 'basicHouse2', NULL, '2014-03-27 20:33:07'),
(15, 0, 'basicHouse3', NULL, '2014-03-27 20:33:21'),
(16, 71, 'Casa1', '125625625', '2014-04-02 09:30:09');

-- --------------------------------------------------------

--
-- Estructura de tabla para la tabla `IRCODES`
--

CREATE TABLE IF NOT EXISTS `IRCODES` (
  `IDCODE` int(11) NOT NULL AUTO_INCREMENT,
  `TYPE` varchar(20) NOT NULL,
  `POWER` int(11) DEFAULT NULL,
  `SETUP` int(11) DEFAULT NULL,
  `MUTE` int(11) DEFAULT NULL,
  `FUNCTION` int(11) DEFAULT NULL,
  `UNO` int(11) DEFAULT NULL,
  `DOS` int(11) DEFAULT NULL,
  `TRES` int(11) DEFAULT NULL,
  `CUATRO` int(11) DEFAULT NULL,
  `CINCO` int(11) DEFAULT NULL,
  `SEIS` int(11) DEFAULT NULL,
  `SIETE` int(11) DEFAULT NULL,
  `OCHO` int(11) DEFAULT NULL,
  `NUEVE` int(11) DEFAULT NULL,
  `CERO` int(11) DEFAULT NULL,
  `FAV` int(11) DEFAULT NULL,
  `UP` int(11) DEFAULT NULL,
  `LEFT` int(11) DEFAULT NULL,
  `PLAY` int(11) DEFAULT NULL,
  `RIGHT` int(11) DEFAULT NULL,
  PRIMARY KEY (`IDCODE`)
) ENGINE=InnoDB  DEFAULT CHARSET=latin1 AUTO_INCREMENT=2 ;

--
-- Volcado de datos para la tabla `IRCODES`
--

INSERT INTO `IRCODES` (`IDCODE`, `TYPE`, `POWER`, `SETUP`, `MUTE`, `FUNCTION`, `UNO`, `DOS`, `TRES`, `CUATRO`, `CINCO`, `SEIS`, `SIETE`, `OCHO`, `NUEVE`, `CERO`, `FAV`, `UP`, `LEFT`, `PLAY`, `RIGHT`) VALUES
(1, 'TV NPG', 16722135, 16771605, 16745085, NULL, 16748655, 16758855, 16775175, 16756815, 16750695, 16767015, 16746615, 16754775, 16771095, 16730295, 16732845, 16769055, 16718055, 16720605, 16773135);

-- --------------------------------------------------------

--
-- Estructura de tabla para la tabla `PERMISSIONS`
--

CREATE TABLE IF NOT EXISTS `PERMISSIONS` (
  `IDUSER` int(11) NOT NULL DEFAULT '0',
  `IDSERVICE` int(11) NOT NULL,
  `PERMISSIONNUMBER` int(11) NOT NULL,
  `DATEBEGIN` date DEFAULT NULL,
  PRIMARY KEY (`IDUSER`,`IDSERVICE`),
  KEY `IDSERVICE` (`IDSERVICE`)
) ENGINE=InnoDB DEFAULT CHARSET=latin1;

-- --------------------------------------------------------

--
-- Estructura de tabla para la tabla `PROGRAMACTIONS`
--

CREATE TABLE IF NOT EXISTS `PROGRAMACTIONS` (
  `IDPROGRAM` int(11) NOT NULL AUTO_INCREMENT,
  `NEXT` int(11) DEFAULT NULL,
  `IDUSER` int(11) NOT NULL,
  `IDACTION` int(11) NOT NULL,
  `DESCRIPTION` varchar(50) DEFAULT NULL,
  `STARTTIME` timestamp NULL DEFAULT CURRENT_TIMESTAMP,
  `PERIODICITY` int(1) DEFAULT NULL,
  PRIMARY KEY (`IDPROGRAM`),
  UNIQUE KEY `NEXT` (`NEXT`)
) ENGINE=InnoDB  DEFAULT CHARSET=latin1 AUTO_INCREMENT=17 ;

--
-- Volcado de datos para la tabla `PROGRAMACTIONS`
--

INSERT INTO `PROGRAMACTIONS` (`IDPROGRAM`, `NEXT`, `IDUSER`, `IDACTION`, `DESCRIPTION`, `STARTTIME`, `PERIODICITY`) VALUES
(1, NULL, 1, 3, NULL, NULL, NULL),
(2, NULL, 1, 1, NULL, NULL, NULL),
(3, NULL, 12, 4, NULL, NULL, NULL),
(4, NULL, 12, 3, NULL, NULL, NULL),
(5, 1, 1, 15, NULL, NULL, NULL),
(6, 5, 12, 2, NULL, NULL, NULL),
(7, 2, 29, 3, NULL, NULL, NULL),
(10, 3, 10, 2, NULL, NULL, NULL),
(11, 4, 29, 2, NULL, NULL, NULL),
(12, 6, 1, 3, NULL, NULL, NULL),
(13, 7, 10, 4, NULL, NULL, NULL),
(14, NULL, 11, 2, NULL, NULL, NULL),
(15, NULL, 11, 2, NULL, NULL, NULL),
(16, NULL, 10, 2, NULL, NULL, NULL);

-- --------------------------------------------------------

--
-- Estructura de tabla para la tabla `ROOMS`
--

CREATE TABLE IF NOT EXISTS `ROOMS` (
  `IDROOM` int(11) NOT NULL AUTO_INCREMENT,
  `IDHOUSE` int(11) DEFAULT NULL,
  `IDUSER` int(11) DEFAULT NULL,
  `ROOMNAME` varchar(10) NOT NULL,
  `DATEBEGIN` timestamp NULL DEFAULT CURRENT_TIMESTAMP,
  PRIMARY KEY (`IDROOM`),
  UNIQUE KEY `ROOMNAME` (`ROOMNAME`,`IDHOUSE`),
  KEY `IDHOUSE` (`IDHOUSE`),
  KEY `IDUSER` (`IDUSER`)
) ENGINE=InnoDB  DEFAULT CHARSET=latin1 AUTO_INCREMENT=18 ;

--
-- Volcado de datos para la tabla `ROOMS`
--

INSERT INTO `ROOMS` (`IDROOM`, `IDHOUSE`, `IDUSER`, `ROOMNAME`, `DATEBEGIN`) VALUES
(1, 9, 29, 'cocina', '2014-03-23 20:00:53'),
(2, 9, 29, 'terraza', '2014-03-23 20:01:32'),
(7, 10, 2, 'Livingroom', '2014-03-25 21:40:27'),
(8, 10, 2, 'Garage', '2014-03-25 21:41:04'),
(9, 10, 2, 'Ktichen', '2014-03-25 21:41:17'),
(10, 10, 2, 'Garden', '2014-03-25 21:41:31'),
(11, 11, 0, 'Livingroom', '2014-03-25 21:40:27'),
(12, 11, 0, 'Ktichen', '2014-03-25 21:41:17'),
(13, 12, 0, 'Lab', '2014-03-27 20:34:35'),
(14, 13, 0, 'Lab', '2014-03-27 20:34:35'),
(15, 14, 0, 'Lab', '2014-03-27 20:34:35'),
(16, 15, 0, 'Lab', '2014-03-27 20:34:35'),
(17, 16, 71, 'Hab1', '2014-04-02 09:30:33');

-- --------------------------------------------------------

--
-- Estructura de tabla para la tabla `SERVICES`
--

CREATE TABLE IF NOT EXISTS `SERVICES` (
  `IDSERVICE` int(11) NOT NULL AUTO_INCREMENT,
  `IDROOM` int(11) DEFAULT NULL,
  `IDDEVICE` int(11) DEFAULT NULL,
  `SERVICENAME` varchar(20) NOT NULL,
  `FCODE` int(11) DEFAULT NULL,
  `ENGLISH` varchar(50) DEFAULT NULL,
  `SPANISH` varchar(50) DEFAULT NULL,
  PRIMARY KEY (`IDSERVICE`),
  UNIQUE KEY `UNQ_IDROOM_IDDEVICE_SERVICENAME` (`IDROOM`,`IDDEVICE`,`SERVICENAME`),
  KEY `IDDEVICE` (`IDDEVICE`)
) ENGINE=InnoDB  DEFAULT CHARSET=latin1 AUTO_INCREMENT=61 ;

--
-- Volcado de datos para la tabla `SERVICES`
--

INSERT INTO `SERVICES` (`IDSERVICE`, `IDROOM`, `IDDEVICE`, `SERVICENAME`, `FCODE`, `ENGLISH`, `SPANISH`) VALUES
(0, NULL, NULL, 'TV', NULL, 'Universal remote for TV.', 'Mando universal para televición.'),
(1, NULL, NULL, 'IRRIGATION', NULL, 'For plant drink.', 'Riego de plantas.'),
(2, NULL, NULL, 'INFRARED', NULL, 'For control all infrared devices.', 'Control generico de dispositivos infrarrojos.'),
(3, NULL, NULL, 'LIGHTS', NULL, 'Ligths control.', 'Control de las luces.'),
(4, NULL, NULL, 'SENSOR', NULL, 'Control safety sensors.', 'Control de sensores de seguridad.'),
(5, NULL, NULL, 'BLINDS', NULL, 'Control motorized blinds.', 'Control de persianas motorizadas.'),
(13, 1, 9, 'LIGHTS', NULL, NULL, NULL),
(14, 2, 9, 'BLINDS', NULL, NULL, NULL),
(15, 1, 9, 'TV', 132, NULL, NULL),
(16, 2, 9, 'SENSOR', NULL, NULL, NULL),
(17, 2, 9, 'LIGHTS', NULL, NULL, NULL),
(29, 7, 10, 'TV', NULL, NULL, NULL),
(30, 7, 10, 'DVD', NULL, NULL, NULL),
(31, 7, 10, 'STEREO', NULL, NULL, NULL),
(32, 7, 10, 'AIRCONDITIONING', NULL, NULL, NULL),
(33, 7, 10, 'LIGHTS', NULL, NULL, NULL),
(34, 7, 10, 'HEATING', NULL, NULL, NULL),
(35, 8, 10, 'TV', NULL, NULL, NULL),
(36, 8, 10, 'MICROWAVE', NULL, NULL, NULL),
(37, 8, 10, 'STEREO', NULL, NULL, NULL),
(38, 8, 10, 'AIRCONDITIONING', NULL, NULL, NULL),
(39, 8, 10, 'HEATING', NULL, NULL, NULL),
(40, 8, 10, 'LIGHTS', NULL, NULL, NULL),
(41, 9, 10, 'STEREO', NULL, NULL, NULL),
(42, 9, 10, 'DOOR', NULL, NULL, NULL),
(43, 9, 10, 'LIGHTS', NULL, NULL, NULL),
(44, 9, 10, 'HEATING', NULL, NULL, NULL),
(45, 10, 10, 'LIGHTS', NULL, NULL, NULL),
(46, 10, 10, 'VIDEO', NULL, NULL, NULL),
(47, 11, 9, 'LIGHTS', 0, NULL, NULL),
(48, 11, 9, 'TV', 0, NULL, NULL),
(49, 12, 11, 'TV', 1, 'Universal remote for TV.', 'Mando universal para televición.'),
(51, 12, 11, 'LIGHTS', 1, 'Ligths control.', 'Control de las luces.'),
(52, 13, 11, 'TV', 0, NULL, NULL),
(53, 13, 11, 'LIGHTS', 1, NULL, NULL),
(54, 14, 12, 'TV', 2, NULL, NULL),
(55, 15, 13, 'TV', 4, NULL, NULL),
(56, 16, 14, 'TV', 6, NULL, NULL),
(57, 14, 12, 'LIGHTS', 3, NULL, NULL),
(58, 15, 13, 'LIGHTS', 5, NULL, NULL),
(59, 16, 14, 'LIGHTS', 7, NULL, NULL),
(60, 17, 15, 'LIGHTS', 0, NULL, NULL);

-- --------------------------------------------------------

--
-- Estructura de tabla para la tabla `SOFTWARE`
--

CREATE TABLE IF NOT EXISTS `SOFTWARE` (
  `DEVICE` int(11) NOT NULL,
  `VERSION` int(11) NOT NULL,
  `PACKAGE` varchar(1000) NOT NULL,
  UNIQUE KEY `DEVICE` (`DEVICE`,`VERSION`)
) ENGINE=InnoDB DEFAULT CHARSET=latin1;

-- --------------------------------------------------------

--
-- Estructura de tabla para la tabla `TASKS`
--

CREATE TABLE IF NOT EXISTS `TASKS` (
  `IDTASK` int(11) NOT NULL AUTO_INCREMENT,
  `IDUSER` int(11) DEFAULT NULL,
  `IDPROGRAM` int(11) DEFAULT NULL,
  `DESCRIPTION` varchar(50) DEFAULT NULL,
  `STARTTIME` timestamp NOT NULL DEFAULT CURRENT_TIMESTAMP ON UPDATE CURRENT_TIMESTAMP,
  `PERIODICITY` int(1) DEFAULT NULL,
  PRIMARY KEY (`IDTASK`),
  KEY `IDPROGRAM` (`IDPROGRAM`),
  KEY `IDUSER` (`IDUSER`)
) ENGINE=InnoDB  DEFAULT CHARSET=latin1 AUTO_INCREMENT=7 ;

--
-- Volcado de datos para la tabla `TASKS`
--

INSERT INTO `TASKS` (`IDTASK`, `IDUSER`, `IDPROGRAM`, `DESCRIPTION`, `STARTTIME`, `PERIODICITY`) VALUES
(1, 1, 7, NULL, '2014-03-13 16:45:44', NULL),
(2, 29, 12, NULL, '2014-03-13 16:45:44', NULL),
(4, 1, 1, NULL, '2014-03-13 16:45:44', NULL),
(5, 1, 12, NULL, '2014-03-13 16:45:44', NULL),
(6, NULL, NULL, NULL, '2014-03-13 16:45:44', NULL);

-- --------------------------------------------------------

--
-- Estructura de tabla para la tabla `USERS`
--

CREATE TABLE IF NOT EXISTS `USERS` (
  `IDUSER` int(11) NOT NULL AUTO_INCREMENT,
  `USERNAME` varchar(15) NOT NULL,
  `PASSWORD` varchar(40) NOT NULL,
  `EMAIL` varchar(40) NOT NULL,
  `HINT` varchar(30) DEFAULT NULL,
  `DATEBEGIN` timestamp NULL DEFAULT CURRENT_TIMESTAMP,
  PRIMARY KEY (`IDUSER`),
  UNIQUE KEY `USERNAME` (`USERNAME`),
  UNIQUE KEY `EMAIL` (`EMAIL`)
) ENGINE=InnoDB  DEFAULT CHARSET=latin1 AUTO_INCREMENT=73 ;

--
-- Volcado de datos para la tabla `USERS`
--

INSERT INTO `USERS` (`IDUSER`, `USERNAME`, `PASSWORD`, `EMAIL`, `HINT`, `DATEBEGIN`) VALUES
(0, 'administrator', '', '', NULL, '2014-03-25 10:36:01'),
(1, 'alex', 'd41d8cd98f0b24e980998ecf8427e', 'a', 'hint', '2014-03-11 04:00:00'),
(2, 'Colin Tirado', '87e2763c408e3dc4adc3e4177566b3b2', 'ctiradocaa@gmail.com', 'Adivina adivinanza.', '2014-03-25 21:36:35'),
(10, 'luis', '502ff82f7f1f8218dd41201fe4353687', 'luis@gmail.com', 'what about me?', '2014-11-13 05:00:00'),
(11, 'alex2', '534b44a19bf18d20b71ecc4eb77c572f', 'alex@hotmail.co', 'what about me?', '2014-01-11 05:00:00'),
(12, 'alex3', '534b44a19bf18d20b71ecc4eb77c572f', 'alex@ehc.com', 'what about me?', '2014-03-01 05:00:00'),
(28, 'luis2', '502ff82f7f1f8218dd41201fe4353687', 'luis@hotmail.co', 'what about me?', '2014-03-03 05:00:00'),
(29, 'bertoldo', '6e1fd914c4532f9325e4107bd68e32c7', 'bertoldo@gmail.com', 'what about me?', '2014-03-23 04:00:01'),
(60, 'a', 'cc175b9c0f1b6a831c399e269772661', 'a@', NULL, '2014-03-25 22:08:01'),
(61, 'berto', '4124bca9335c27f86f24ba207a4912', 'hhhhh@gms.com', NULL, '2014-03-26 11:11:56'),
(62, 's', '3c7c0ace395d8182db7ae2c30f034', 's@d', NULL, '2014-03-27 14:35:35'),
(64, 'sobek', '69dafe8b5866478aea48f3df384820', 'Sergioprimo23@Gmail.com', NULL, '2014-03-27 15:17:28'),
(65, 'beaordepe', 'b32676f518207bc993997bf8b58adacc', 'beaordepe@gmail.com', NULL, '2014-03-27 15:58:12'),
(66, 'Ismael', 'e1adc3949ba59abbe56e057f2f883e', 'irequena@outlook.com', NULL, '2014-03-27 16:14:53'),
(67, 'example', '1a79a4d60de6718e8e5b326e338ae533', 'example@gmail.com', 'about me.', '2014-03-27 20:49:06'),
(68, 'asd', '7815696ecbf1c96e6894b779456d33e', 'asd@', '', '2014-03-28 12:15:55'),
(69, 'miguel', '9eb0c9605dc81a68731f61b3e0838937', 'miguel@gmail.com', '', '2014-03-28 12:22:15'),
(71, 'Sam', 'ba0e0cde1bf72c28d435c89a66afc61a', 'sam@gmail.com', 'Remember me.', '2014-04-02 09:29:18');

--
-- Restricciones para tablas volcadas
--

--
-- Filtros para la tabla `ACCESSHOUSE`
--
ALTER TABLE `ACCESSHOUSE`
  ADD CONSTRAINT `ACCESSHOUSE_ibfk_1` FOREIGN KEY (`IDHOUSE`) REFERENCES `HOUSES` (`IDHOUSE`),
  ADD CONSTRAINT `ACCESSHOUSE_ibfk_2` FOREIGN KEY (`IDUSER`) REFERENCES `USERS` (`IDUSER`);

--
-- Filtros para la tabla `ACTIONMESSAGES`
--
ALTER TABLE `ACTIONMESSAGES`
  ADD CONSTRAINT `ACTIONMESSAGES_ibfk_1` FOREIGN KEY (`IDACTION`) REFERENCES `ACTIONS` (`IDACTION`);

--
-- Filtros para la tabla `ACTIONS`
--
ALTER TABLE `ACTIONS`
  ADD CONSTRAINT `ACTIONS_ibfk_1` FOREIGN KEY (`IDSERVICE`) REFERENCES `SERVICES` (`IDSERVICE`);

--
-- Filtros para la tabla `HISTORYACCESS`
--
ALTER TABLE `HISTORYACCESS`
  ADD CONSTRAINT `HISTORYACCESS_ibfk_3` FOREIGN KEY (`ERROR`) REFERENCES `ERRORS` (`ERRORCODE`),
  ADD CONSTRAINT `HISTORYACCESS_ibfk_4` FOREIGN KEY (`FUNCT`) REFERENCES `FUNCTIONS` (`FUNCT`);

--
-- Filtros para la tabla `HISTORYACTION`
--
ALTER TABLE `HISTORYACTION`
  ADD CONSTRAINT `HISTORYACTION_ibfk_2` FOREIGN KEY (`IDUSER`) REFERENCES `USERS` (`IDUSER`);

--
-- Filtros para la tabla `HOUSES`
--
ALTER TABLE `HOUSES`
  ADD CONSTRAINT `HOUSES_ibfk_1` FOREIGN KEY (`IDUSER`) REFERENCES `USERS` (`IDUSER`);

--
-- Filtros para la tabla `PERMISSIONS`
--
ALTER TABLE `PERMISSIONS`
  ADD CONSTRAINT `PERMISSIONS_ibfk_1` FOREIGN KEY (`IDUSER`) REFERENCES `USERS` (`IDUSER`),
  ADD CONSTRAINT `PERMISSIONS_ibfk_2` FOREIGN KEY (`IDSERVICE`) REFERENCES `SERVICES` (`IDSERVICE`);

--
-- Filtros para la tabla `PROGRAMACTIONS`
--
ALTER TABLE `PROGRAMACTIONS`
  ADD CONSTRAINT `PROGRAMACTIONS_ibfk_1` FOREIGN KEY (`NEXT`) REFERENCES `PROGRAMACTIONS` (`IDPROGRAM`);

--
-- Filtros para la tabla `ROOMS`
--
ALTER TABLE `ROOMS`
  ADD CONSTRAINT `ROOMS_ibfk_1` FOREIGN KEY (`IDHOUSE`) REFERENCES `HOUSES` (`IDHOUSE`),
  ADD CONSTRAINT `ROOMS_ibfk_2` FOREIGN KEY (`IDUSER`) REFERENCES `USERS` (`IDUSER`);

--
-- Filtros para la tabla `SERVICES`
--
ALTER TABLE `SERVICES`
  ADD CONSTRAINT `SERVICES_ibfk_1` FOREIGN KEY (`IDROOM`) REFERENCES `ROOMS` (`IDROOM`),
  ADD CONSTRAINT `SERVICES_ibfk_2` FOREIGN KEY (`IDDEVICE`) REFERENCES `DEVICES` (`IDDEVICE`);

--
-- Filtros para la tabla `TASKS`
--
ALTER TABLE `TASKS`
  ADD CONSTRAINT `TASKS_ibfk_1` FOREIGN KEY (`IDUSER`) REFERENCES `USERS` (`IDUSER`);

/*!40101 SET CHARACTER_SET_CLIENT=@OLD_CHARACTER_SET_CLIENT */;
/*!40101 SET CHARACTER_SET_RESULTS=@OLD_CHARACTER_SET_RESULTS */;
/*!40101 SET COLLATION_CONNECTION=@OLD_COLLATION_CONNECTION */;
